flash_idx,time,x,y,cell
0,1146.1654416980425,-24.0,-88.0,46
1,1146.4986470105741,-24.0,24.0,172
2,1146.5526478715487,16.0,8.0,159
3,1146.7486509965674,32.0,40.0,197
4,1146.8526526547407,-32.0,-112.0,18
5,1146.915453656022,8.0,48.0,203
6,1147.0322555182781,-16.0,128.0,290
7,1147.115056838439,-8.0,24.0,174
8,1147.2822595042712,-24.0,-128.0,1
9,1147.33226030147,0.0,80.0,238
10,1147.3694608945857,24.0,48.0,205
11,1147.381861092291,-8.0,24.0,174
12,1147.381861092291,0.0,8.0,157
13,1147.9858707224507,-32.0,40.0,189
14,1148.048671723732,0.0,-72.0,67
15,1148.1026725847066,24.0,0.0,151
16,1148.2194744469627,-24.0,88.0,244
17,1148.2194744469627,16.0,40.0,195
18,1148.2318746446679,24.0,120.0,286
19,1148.2858755056425,-8.0,56.0,210
20,1148.3818770362639,16.0,-120.0,15
21,1148.5026789622957,16.0,112.0,276
22,1148.619080818174,24.0,88.0,250
23,1148.7858834776289,16.0,-8.0,141
24,1148.8358842748275,24.0,-112.0,25
25,1148.8482844725327,-16.0,-40.0,101
26,1148.919085601366,-32.0,80.0,234
27,1148.9654863411663,32.0,-32.0,116
28,1149.002686934282,-24.0,112.0,271
29,1149.035887463622,16.0,64.0,222
30,1149.2314905822632,-24.0,8.0,154
31,1149.2314905822632,16.0,8.0,159
32,1149.3190919789552,32.0,-32.0,116
33,1149.3654927187556,8.0,104.0,266
34,1149.385493037635,24.0,-88.0,52
35,1149.4150935095763,8.0,40.0,194
36,1149.469094370551,8.0,32.0,185
37,1149.5190951677496,0.0,-88.0,49
38,1149.531495365455,-32.0,72.0,225
39,1149.6318969662298,24.0,0.0,151
40,1149.6650974955696,16.0,0.0,150
41,1149.7026980950632,-24.0,64.0,217
42,1149.8983012137041,-16.0,32.0,182
43,1149.919101545339,-32.0,96.0,252
44,1149.9315017430442,-8.0,128.0,291
45,1150.0359034075948,-32.0,8.0,153
46,1150.1023044662745,0.0,-48.0,94
47,1150.1023044662745,0.0,-80.0,58
48,1150.2027060670496,16.0,-72.0,69
49,1150.2355065900117,-16.0,64.0,218
50,1150.2355065900117,8.0,-64.0,77
51,1150.6027124446387,-8.0,-48.0,93
52,1150.6027124446387,-16.0,0.0,146
53,1150.6651134395424,24.0,-120.0,16
54,1150.719114300517,-8.0,48.0,201
55,1150.8023156270556,-32.0,96.0,252
56,1150.8023156270556,0.0,-112.0,22
57,1150.8151158311384,16.0,24.0,177
58,1150.9191174893117,-16.0,88.0,245
59,1150.9487179612534,-32.0,-48.0,90
60,1151.131920882189,-24.0,56.0,208
61,1151.131920882189,32.0,-32.0,116
62,1151.2191222725035,-32.0,0.0,144
63,1151.2191222725035,16.0,24.0,177
64,1151.335524128382,-8.0,-32.0,111
65,1151.3479243260872,24.0,128.0,295
66,1151.3875249574685,0.0,48.0,202
67,1151.470726284007,-8.0,-128.0,3
68,1151.535927323554,8.0,-8.0,140
69,1151.6023283822337,-8.0,128.0,291
70,1151.6483291156567,16.0,-64.0,78
71,1151.6483291156567,16.0,120.0,285
72,1151.6687294409135,-32.0,-56.0,81
73,1151.735530505971,32.0,-56.0,89
74,1151.9023331654255,24.0,-40.0,106
75,1151.9147333631308,-32.0,-40.0,99
76,1151.9147333631308,8.0,24.0,176
77,1152.002334759823,0.0,40.0,193
78,1152.002334759823,24.0,64.0,223
79,1152.1651373555017,16.0,72.0,231
80,1152.2319384205591,8.0,128.0,293
81,1152.3023395430148,-24.0,8.0,154
82,1152.3147397407201,8.0,-32.0,113
83,1152.381940812155,24.0,120.0,286
84,1152.402341137412,-24.0,-24.0,118
85,1152.6523451234052,24.0,-32.0,115
86,1152.698345856828,32.0,88.0,251
87,1152.7523467178025,-24.0,96.0,253
88,1152.815147719084,-32.0,40.0,189
89,1152.8355480443413,8.0,16.0,167
90,1152.8479482420464,-16.0,-40.0,101
91,1152.9691501744558,16.0,128.0,294
92,1153.018750965277,0.0,112.0,274
93,1153.102352298193,24.0,88.0,250
94,1153.1315527637569,-32.0,8.0,153
95,1153.1983538288143,-32.0,-48.0,90
96,1153.2691549576477,-24.0,88.0,244
97,1153.3191557548464,8.0,96.0,257
98,1153.3315559525515,-32.0,112.0,270
99,1153.369156552045,-24.0,80.0,235
100,1153.4355576107248,24.0,-48.0,97
101,1153.5647596706863,-16.0,72.0,227
102,1153.7315623301408,32.0,-16.0,134
103,1153.7983633951983,-8.0,48.0,201
104,1153.9651660546529,-8.0,8.0,156
105,1153.9855663799099,0.0,48.0,202
106,1154.0151668518515,-32.0,-104.0,27
107,1154.0691677128261,-8.0,-96.0,39
108,1154.1483689755887,24.0,-80.0,61
109,1154.2187700980444,-24.0,64.0,217
110,1154.2855711631016,-24.0,8.0,154
111,1154.297971360807,-32.0,0.0,144
112,1154.365172432242,-16.0,-16.0,128
113,1154.4651740266393,-24.0,112.0,271
114,1154.4855743518963,16.0,-96.0,42
115,1154.8855807294854,24.0,56.0,214
116,1155.0483833251642,-32.0,-120.0,9
117,1155.1483849195615,-24.0,0.0,145
118,1155.2647867754397,-16.0,-40.0,101
119,1155.3187876364143,32.0,64.0,224
120,1155.4187892308116,8.0,-128.0,5
121,1155.485590295869,24.0,96.0,259
122,1155.485590295869,-8.0,104.0,264
123,1155.5355910930675,8.0,-72.0,68
124,1155.8523961441183,8.0,-104.0,32
125,1155.8647963418236,-16.0,8.0,155
126,1155.8647963418236,0.0,72.0,229
127,1155.918797202798,-32.0,64.0,216
128,1155.9311974005034,-32.0,-112.0,18
129,1156.0023985357143,0.0,56.0,211
130,1156.0984000663357,8.0,112.0,275
131,1156.0984000663357,-8.0,40.0,192
132,1156.1484008635343,32.0,-64.0,80
133,1156.1688011887911,8.0,-16.0,131
134,1156.2020017181312,24.0,-32.0,115
135,1156.2020017181312,-24.0,-40.0,100
136,1156.2316021900729,32.0,24.0,179
137,1156.2856030510472,-8.0,-72.0,66
138,1156.2980032487526,16.0,128.0,294
139,1156.468805971983,16.0,-32.0,114
140,1156.6020080957203,8.0,-72.0,68
141,1156.6688091607775,-16.0,104.0,263
142,1156.6812093584829,-24.0,80.0,235
143,1156.7188099579764,16.0,120.0,285
144,1156.7188099579764,-16.0,0.0,146
145,1156.7312101556815,-16.0,-48.0,92
146,1156.768810755175,0.0,112.0,274
147,1156.9352134082521,16.0,64.0,222
148,1156.9688139439695,-16.0,112.0,272
149,1156.9812141416746,-32.0,24.0,171
150,1157.2316181340457,32.0,-48.0,98
151,1157.2520184593025,24.0,88.0,250
152,1157.3816205256414,-24.0,8.0,154
153,1157.4188211187573,-8.0,-32.0,111
154,1157.5356229810131,-32.0,48.0,198
155,1157.6980255703145,-16.0,88.0,245
156,1157.6980255703145,-16.0,-104.0,29
157,1157.7184258955715,-8.0,-128.0,3
158,1157.8316277004292,8.0,-32.0,113
159,1157.9184290843662,16.0,88.0,249
160,1157.931229288449,-32.0,-64.0,72
161,1157.931229288449,-16.0,-40.0,101
162,1158.0020304172822,16.0,104.0,267
163,1158.0144306149875,0.0,104.0,265
164,1158.0144306149875,0.0,-80.0,58
165,1158.0688314823396,-24.0,56.0,208
166,1158.0980319479036,32.0,16.0,170
167,1158.1816332808198,8.0,-32.0,113
168,1158.2020336060768,0.0,-24.0,121
169,1158.2144338037822,16.0,24.0,177
170,1158.2352341354167,-16.0,-40.0,101
171,1158.2684346647566,24.0,-80.0,61
172,1158.2812348688396,-32.0,-32.0,108
173,1158.2812348688396,-32.0,64.0,216
174,1158.3520359976728,8.0,88.0,248
175,1158.3980367310955,0.0,0.0,148
176,1158.5852397158071,-32.0,-88.0,45
177,1158.6480407170889,-24.0,16.0,163
178,1158.6852413102047,16.0,96.0,258
179,1158.748042311486,0.0,-56.0,85
180,1158.7980431086846,0.0,-32.0,112
181,1158.902044766858,32.0,-104.0,35
182,1158.9976462911015,8.0,40.0,194
183,1159.0976478854989,32.0,112.0,278
184,1159.2480502834724,32.0,-48.0,98
185,1159.3148513485298,-32.0,-96.0,36
186,1159.4020527388443,-24.0,112.0,271
187,1159.5648553345231,-8.0,104.0,264
188,1159.58525565978,-24.0,-72.0,64
189,1159.714857726119,-8.0,48.0,201
190,1159.7852588485746,32.0,48.0,206
191,1159.8312595819973,24.0,112.0,277
192,1159.8312595819973,8.0,-64.0,77
193,1159.8852604429717,-32.0,40.0,189
194,1159.9352612401706,32.0,72.0,233
195,1160.0184625667089,-16.0,88.0,245
196,1160.0648633065096,16.0,32.0,186
197,1160.1648649009067,-8.0,-120.0,12
198,1160.185265226164,-32.0,-120.0,9
199,1160.2812667567853,0.0,24.0,175
200,1160.4520694800156,-24.0,-80.0,55
201,1160.4852700093556,-16.0,-80.0,56
202,1160.4976702070608,32.0,-24.0,125
203,1160.5184705386953,8.0,-64.0,77
204,1160.548071010637,-24.0,-96.0,37
205,1160.86447605531,-8.0,16.0,165
206,1160.952077452002,8.0,112.0,275
207,1160.9812779175659,16.0,56.0,213
208,1161.0812795119634,24.0,-8.0,142
209,1161.0812795119634,-8.0,120.0,282
210,1161.0812795119634,32.0,32.0,188
211,1161.3312834979565,8.0,-24.0,122
212,1161.3684840910723,8.0,-80.0,59
213,1161.5812874839498,8.0,32.0,185
214,1161.5812874839498,-24.0,96.0,253
215,1161.652088612783,16.0,16.0,168
216,1161.681289078347,16.0,0.0,150
217,1161.798090940603,-8.0,48.0,201
218,1161.9016925923986,-16.0,64.0,218
219,1162.0184944546545,-16.0,-112.0,20
220,1162.0644951880774,-32.0,88.0,243
221,1162.0848955133345,8.0,120.0,284
222,1162.131296253135,8.0,-104.0,32
223,1162.2644983768719,0.0,-16.0,130
224,1162.3308994355516,16.0,-24.0,123
225,1162.4033005898953,16.0,0.0,150
226,1162.4033005898953,24.0,128.0,295
227,1162.5533029814912,-8.0,48.0,201
228,1162.6185040210385,-16.0,48.0,200
229,1162.7313058195184,8.0,48.0,203
230,1162.801706941974,16.0,-72.0,69
231,1162.8313074139157,16.0,-8.0,141
232,1162.8685080070316,8.0,24.0,176
233,1162.9685096014289,-24.0,40.0,190
234,1162.980909799134,8.0,64.0,221
235,1163.0185103986273,0.0,112.0,274
236,1163.0477108641915,-24.0,-96.0,37
237,1163.0477108641915,0.0,0.0,148
238,1163.1185119930249,-8.0,-120.0,12
239,1163.1477124585888,-32.0,80.0,234
240,1163.1809129879287,8.0,32.0,185
241,1163.2141135172685,32.0,120.0,287
242,1163.3181151754416,8.0,96.0,257
243,1163.4517173055565,8.0,40.0,194
244,1163.6473204241977,24.0,80.0,241
245,1163.7017212915498,0.0,128.0,292
246,1163.714121489255,24.0,104.0,268
247,1163.7849226180883,0.0,-64.0,76
248,1164.0313265466832,-8.0,-112.0,21
249,1164.0313265466832,24.0,72.0,232
250,1164.0517268719402,32.0,48.0,206
251,1164.0641270696456,0.0,-16.0,130
252,1164.1685287341961,8.0,88.0,248
253,1164.3641318528373,-32.0,-128.0,0
254,1164.4017324523306,-32.0,40.0,189
255,1164.4309329178948,24.0,-48.0,97
256,1164.4309329178948,8.0,-112.0,23
257,1164.4309329178948,-32.0,-32.0,108
258,1164.5185343145865,16.0,-40.0,105
259,1164.5681351054077,-16.0,-104.0,29
260,1164.7349377648623,16.0,-64.0,78
261,1164.7473379625676,0.0,-16.0,130
262,1164.7473379625676,32.0,128.0,296
263,1164.7689383069576,-24.0,96.0,253
264,1164.7805384919077,16.0,-120.0,15
265,1164.902540437072,-32.0,-48.0,90
266,1165.0645430199959,-32.0,8.0,153
267,1165.084943345253,24.0,32.0,187
268,1165.084943345253,-32.0,-8.0,135
269,1165.1145438171943,32.0,-104.0,35
270,1165.4309488618676,16.0,96.0,258
271,1165.5349505200409,-8.0,88.0,246
272,1165.5349505200409,-24.0,-40.0,100
273,1165.5809512534634,32.0,-48.0,98
274,1165.6181518465792,32.0,72.0,233
275,1165.6809528478607,24.0,-16.0,133
276,1165.7181534409765,-32.0,16.0,162
277,1165.8309552394564,24.0,48.0,205
278,1165.8513555647137,-16.0,-24.0,119
279,1166.0473586897322,32.0,88.0,251
280,1166.068159021367,-32.0,-56.0,81
281,1166.0805592190723,32.0,-88.0,53
282,1166.151760354283,32.0,-56.0,89
283,1166.214161349187,16.0,-80.0,60
284,1166.3309632114428,24.0,-128.0,7
285,1166.3513635367,16.0,32.0,186
286,1166.4681653989562,8.0,120.0,284
287,1166.514166132379,-32.0,128.0,288
288,1166.7141693211734,16.0,-112.0,24
289,1166.9309727778268,32.0,-64.0,80
290,1167.14777623448,8.0,96.0,257
291,1167.2681781541344,0.0,72.0,229
292,1167.2805783518397,-8.0,-64.0,75
293,1167.3809799526146,0.0,112.0,274
294,1167.48458160441,-32.0,-112.0,18
295,1167.547782612069,-8.0,-120.0,12
296,1167.7349855967807,-16.0,56.0,209
297,1167.9141884539408,16.0,-112.0,24
298,1167.9345887791978,-16.0,8.0,155
299,1168.1473921720753,32.0,24.0,179
300,1168.1473921720753,16.0,-56.0,87
301,1168.1849927715687,-8.0,0.0,147
302,1168.2641940343312,24.0,-64.0,79
303,1168.2845943595883,-32.0,88.0,243
304,1168.3973961580684,-8.0,-104.0,30
305,1168.5013978162415,8.0,-120.0,14
306,1168.5309982881831,0.0,64.0,220
307,1168.568198881299,32.0,-88.0,53
308,1168.685000743555,24.0,40.0,196
309,1168.8474033328562,-16.0,56.0,209
310,1168.880603862196,32.0,32.0,188
311,1168.9850055267468,32.0,24.0,179
312,1168.9974057244522,32.0,-80.0,62
313,1169.0350063239457,-16.0,-128.0,2
314,1169.0474065216506,16.0,96.0,258
315,1169.0678068469078,-24.0,-24.0,118
316,1169.1474081160482,8.0,80.0,239
317,1169.3142107755027,-24.0,32.0,181
318,1169.3474113048426,24.0,-56.0,88
319,1169.418212433676,8.0,-120.0,14
320,1169.5346142895544,16.0,64.0,222
321,1169.6514161518103,24.0,112.0,277
322,1169.7142171530918,-8.0,88.0,246
323,1169.7846182755475,-24.0,16.0,163
324,1169.9642211390849,-32.0,88.0,243
325,1169.9642211390849,8.0,-120.0,14
326,1170.1182235944568,0.0,128.0,292
327,1170.1306237921622,-16.0,104.0,263
328,1170.1306237921622,32.0,0.0,152
329,1170.1306237921622,8.0,-24.0,122
330,1170.163824321502,24.0,112.0,277
331,1170.2182251888541,-32.0,88.0,243
332,1170.2806261837582,-32.0,-8.0,135
333,1170.3514273125913,16.0,32.0,186
334,1170.3638275102967,-16.0,48.0,200
335,1170.3638275102967,24.0,-64.0,79
336,1170.430628575354,0.0,80.0,238
337,1170.6142315026673,8.0,-72.0,68
338,1170.6142315026673,16.0,-88.0,51
339,1170.668232363642,16.0,96.0,258
340,1170.7142330970646,16.0,-40.0,105
341,1170.7346334223216,-24.0,-56.0,82
342,1170.7642338942633,-32.0,96.0,252
343,1170.801434487379,-24.0,80.0,235
344,1170.8678355460588,-16.0,-112.0,20
345,1170.8974360180005,-32.0,-24.0,117
346,1170.9306365473403,0.0,24.0,175
347,1171.0638386710775,24.0,16.0,169
348,1171.234641394308,0.0,-40.0,103
349,1171.3346429887054,0.0,-56.0,85
350,1171.364243460647,-32.0,56.0,207
351,1171.4302445129492,-24.0,-120.0,10
352,1171.4510448445837,0.0,-32.0,112
353,1171.4638450486666,-8.0,-48.0,93
354,1171.5678467068399,-32.0,32.0,180
355,1171.580246904545,8.0,-128.0,5
356,1171.6638482374613,-24.0,-96.0,37
357,1171.7178490984356,-32.0,72.0,225
358,1171.7178490984356,-24.0,-16.0,127
359,1171.7802500933396,-8.0,-16.0,129
360,1171.8514512285506,24.0,8.0,160
361,1171.8514512285506,-16.0,-88.0,47
362,1171.8514512285506,-16.0,128.0,290
363,1171.863851426256,-8.0,-40.0,102
364,1171.9014520257492,-24.0,-32.0,109
365,1172.0014536201463,-16.0,88.0,245
366,1172.117855476025,-16.0,-8.0,137
367,1172.267857867621,-32.0,80.0,234
368,1172.351459200537,24.0,0.0,151
369,1172.3974599339597,16.0,-104.0,33
370,1172.4806612604982,32.0,8.0,161
371,1172.517861853614,24.0,16.0,169
372,1172.6306636520942,16.0,80.0,240
373,1172.6510639773512,-32.0,-16.0,126
374,1172.9638689646258,24.0,-32.0,115
375,1173.1510719493376,-8.0,112.0,273
376,1173.2638737478178,-16.0,-56.0,83
377,1173.484677268247,-16.0,-120.0,11
378,1173.5638785310095,16.0,-120.0,15
379,1173.5638785310095,8.0,-88.0,50
380,1173.6010791241254,24.0,72.0,232
381,1173.630679596067,8.0,72.0,230
382,1173.6678801891826,-16.0,-8.0,137
383,1173.8634833078238,8.0,-24.0,122
384,1173.917884175176,-32.0,120.0,279
385,1174.1970886267331,24.0,-72.0,70
386,1174.2346892262265,16.0,112.0,276
387,1174.2970902211305,-8.0,96.0,255
388,1174.2970902211305,-32.0,-104.0,27
389,1174.5306939456425,-16.0,96.0,254
390,1174.5678945387583,8.0,0.0,149
391,1174.647095801521,-32.0,-16.0,126
392,1174.6674961267781,-8.0,56.0,210
393,1174.7970981931169,-24.0,96.0,253
394,1174.9343003806298,-24.0,-48.0,91
395,1174.9343003806298,-16.0,96.0,254
396,1175.0343019750273,-8.0,96.0,255
397,1175.0639024469688,-16.0,-24.0,119
398,1175.1807043092247,-24.0,64.0,217
399,1175.2179049023405,-8.0,-32.0,111
400,1175.2675056931616,32.0,-96.0,44
401,1175.2803058972445,-16.0,-64.0,74
402,1175.3803074916418,8.0,-72.0,68
403,1175.4135080209817,24.0,112.0,277
404,1175.4343083526162,24.0,-80.0,61
405,1175.613511209776,8.0,32.0,185
406,1175.6343115414109,24.0,64.0,223
407,1175.780313869231,-24.0,-104.0,28
408,1175.851114998064,16.0,-24.0,123
409,1175.9139159993458,-8.0,96.0,255
410,1176.0843187161986,8.0,112.0,275
411,1176.1175192455387,0.0,32.0,184
412,1176.3135223705572,-8.0,16.0,165
413,1176.3135223705572,-24.0,-16.0,127
414,1176.334322702192,8.0,104.0,266
415,1176.4471245006719,16.0,-88.0,51
416,1176.4843250937877,8.0,8.0,158
417,1176.7639295517226,-16.0,96.0,254
418,1176.7843298769797,-32.0,-8.0,135
419,1176.7843298769797,-16.0,-128.0,2
420,1176.813930348921,-32.0,88.0,243
421,1176.813930348921,24.0,-104.0,34
422,1177.0011333336329,-24.0,-112.0,19
423,1177.0471340670558,-16.0,80.0,236
424,1177.0843346601714,-32.0,104.0,261
425,1177.0967348578768,24.0,40.0,196
426,1177.1175351895115,-24.0,40.0,190
427,1177.1175351895115,-16.0,48.0,200
428,1177.147135661453,8.0,-120.0,14
429,1177.3007381104471,8.0,-88.0,50
430,1177.31353831453,24.0,-24.0,124
431,1177.4803409739848,32.0,48.0,206
432,1177.4803409739848,16.0,-56.0,87
433,1177.5303417711832,-8.0,-120.0,12
434,1177.7843458209525,24.0,-88.0,52
435,1177.8303465543752,16.0,-96.0,42
436,1178.033949800568,8.0,88.0,248
437,1178.097150808227,8.0,104.0,266
438,1178.1347514077204,0.0,64.0,220
439,1178.1347514077204,32.0,128.0,296
440,1178.3675551194774,16.0,-120.0,15
441,1178.4471563886175,-32.0,56.0,207
442,1178.5343577789322,8.0,-96.0,41
443,1178.6971603746108,32.0,120.0,287
444,1178.934364156521,-32.0,128.0,288
445,1179.0971667521999,8.0,-64.0,77
446,1179.2635694052772,-8.0,-80.0,57
447,1179.3971715353916,8.0,120.0,284
448,1179.6507755787832,32.0,-48.0,98
449,1179.6507755787832,-16.0,-32.0,110
450,1179.7967779066032,-16.0,56.0,209
451,1179.8171782318605,24.0,-32.0,115
452,1179.8675790354366,24.0,-40.0,106
453,1179.9467802981992,-16.0,72.0,227
454,1180.1303832255128,0.0,-72.0,67
455,1180.2343848836856,8.0,-104.0,32
456,1180.2967858785896,-16.0,-48.0,92
457,1180.3467866757885,-24.0,56.0,208
458,1180.4299880023268,8.0,56.0,212
459,1180.4839888633014,0.0,-48.0,94
460,1180.4839888633014,32.0,56.0,215
461,1180.6175909934163,24.0,-40.0,106
462,1180.7175925878134,-32.0,16.0,162
463,1180.7635933212364,0.0,-104.0,31
464,1180.9339960380892,-32.0,72.0,225
465,1181.0007971031466,16.0,64.0,222
466,1181.2300007575052,-24.0,-72.0,64
467,1181.3676029513958,-16.0,8.0,155
468,1181.3676029513958,8.0,-120.0,14
469,1181.4136036848186,-8.0,0.0,147
470,1181.8636108596063,0.0,-128.0,4
471,1181.900811452722,24.0,-96.0,43
472,1182.313618034394,16.0,-24.0,123
473,1182.4008194247085,-32.0,24.0,171
474,1182.4300198902724,16.0,-48.0,96
475,1182.4300198902724,16.0,-88.0,51
476,1182.5468217525286,-16.0,-8.0,137
477,1182.6508234107016,16.0,-72.0,69
478,1182.7136244119831,0.0,72.0,229
479,1183.046829724515,-32.0,120.0,279
480,1183.046829724515,32.0,-96.0,44
481,1183.046829724515,16.0,-112.0,24
482,1183.1008305854896,8.0,-24.0,122
483,1183.2964337041305,0.0,-96.0,40
484,1183.3172340357653,-8.0,-72.0,66
485,1183.5800382258412,8.0,-128.0,5
486,1183.7172404133541,-8.0,16.0,165
487,1183.8672428049501,-16.0,-104.0,29
488,1183.9672443993475,-8.0,72.0,228
489,1184.0132451327702,16.0,72.0,231
490,1184.0132451327702,-24.0,-128.0,1
491,1184.463252307558,24.0,-72.0,70
492,1184.5340534363913,-32.0,40.0,189
493,1184.5464536340967,-32.0,8.0,153
494,1184.6172547629299,32.0,96.0,260
495,1184.6672555601285,0.0,-88.0,49
496,1184.6964560256927,24.0,-16.0,133
497,1184.750456886667,0.0,-128.0,4
498,1184.8800589530058,24.0,-32.0,115
499,1184.9464600116858,-16.0,-16.0,128
500,1185.1504632642561,24.0,-112.0,25
501,1185.2300645333964,32.0,-56.0,89
502,1185.2672651265123,-16.0,104.0,263
503,1185.2796653242174,0.0,56.0,211
504,1185.317265923711,8.0,-88.0,50
505,1185.3296661214163,-8.0,-104.0,30
506,1185.3504664530508,8.0,80.0,239
507,1185.5336693739866,-32.0,48.0,198
508,1185.563269845928,-16.0,-48.0,92
509,1185.563269845928,32.0,-120.0,17
510,1185.583670171185,8.0,-40.0,104
511,1185.6964719696655,-8.0,96.0,255
512,1185.7168722949223,8.0,48.0,203
513,1185.7296724990051,0.0,80.0,238
514,1185.7296724990051,-24.0,-16.0,127
515,1185.9296756877998,32.0,120.0,287
516,1185.967276287293,-24.0,112.0,271
517,1185.9796764849984,0.0,-8.0,139
518,1186.000476816633,0.0,32.0,184
519,1186.0632778179145,0.0,40.0,193
520,1186.2336805347677,24.0,-8.0,142
521,1186.2668810641073,-8.0,-128.0,3
522,1186.2796812681902,24.0,40.0,196
523,1186.3672826648822,-8.0,128.0,291
524,1186.3964831304463,8.0,40.0,194
525,1186.530085260561,-24.0,56.0,208
526,1186.5628857835234,32.0,64.0,224
527,1186.5628857835234,0.0,64.0,220
528,1186.6132865870998,24.0,104.0,268
529,1186.6132865870998,8.0,96.0,257
530,1186.6504871802154,-8.0,-72.0,66
531,1186.7132881814969,8.0,-56.0,86
532,1186.762888972318,-8.0,72.0,228
533,1186.7836893039525,-32.0,56.0,207
534,1186.8336901011512,24.0,8.0,160
535,1186.8632905730929,24.0,104.0,268
536,1186.8836908983499,16.0,64.0,222
537,1187.1132945590862,-32.0,-40.0,99
538,1187.1132945590862,-16.0,40.0,191
539,1187.1504951522018,24.0,0.0,151
540,1187.1628953499069,-32.0,8.0,153
541,1187.3004975437975,32.0,-128.0,8
542,1187.3628985387015,32.0,88.0,251
543,1187.4504999353937,24.0,-8.0,142
544,1187.462900133099,16.0,-112.0,24
545,1187.462900133099,-8.0,-120.0,12
546,1187.4961006624387,24.0,-16.0,133
547,1187.5169009940735,8.0,40.0,194
548,1187.566901791272,16.0,80.0,240
549,1187.579701995355,-24.0,0.0,145
550,1187.579701995355,32.0,112.0,278
551,1187.6461030540347,32.0,64.0,224
552,1187.7837052479254,-24.0,-16.0,127
553,1187.9005071101815,0.0,64.0,220
554,1187.9129073078866,16.0,-48.0,96
555,1187.9337076395211,0.0,96.0,256
556,1188.0337092339187,16.0,96.0,258
557,1188.1129104966813,8.0,48.0,203
558,1188.1505110961746,16.0,72.0,231
559,1188.1505110961746,8.0,-40.0,104
560,1188.266912952053,32.0,32.0,188
561,1188.3337140171104,0.0,-48.0,94
562,1188.396515018392,8.0,-56.0,86
563,1188.4505158793665,-8.0,-88.0,48
564,1188.4505158793665,-32.0,-56.0,81
565,1188.5129168742703,-32.0,32.0,180
566,1188.5505174737636,8.0,40.0,194
567,1188.9797243169169,16.0,128.0,294
568,1189.1669273016287,32.0,-88.0,53
569,1189.1965277735703,-24.0,-64.0,73
570,1189.2337283666861,-32.0,-32.0,108
571,1189.2461285643913,0.0,24.0,175
572,1189.3337299610832,16.0,0.0,150
573,1189.3337299610832,24.0,16.0,169
574,1189.3461301587886,8.0,-96.0,41
575,1189.4629320210447,8.0,112.0,275
576,1189.5001326141603,0.0,-72.0,67
577,1189.5965341511592,32.0,88.0,251
578,1189.662935209839,24.0,72.0,232
579,1189.7129360070378,8.0,-128.0,5
580,1189.796137333576,-16.0,-80.0,56
581,1189.796137333576,32.0,-64.0,80
582,1189.8501381945507,-8.0,88.0,246
583,1189.950139788948,0.0,-104.0,31
584,1189.9625399866534,16.0,32.0,186
585,1189.983340318288,-32.0,-104.0,27
586,1189.983340318288,-32.0,-40.0,99
587,1189.9961405223708,-24.0,32.0,181
588,1190.1297426524857,-24.0,-64.0,73
589,1190.1297426524857,-32.0,88.0,243
590,1190.1833435070826,-16.0,120.0,281
591,1190.1961437111654,-16.0,80.0,236
592,1190.233744310659,-24.0,88.0,244
593,1190.233744310659,-32.0,-80.0,54
594,1190.4461476971585,-8.0,8.0,156
595,1190.6337506882478,32.0,-16.0,134
596,1190.7129519510106,-32.0,-24.0,117
597,1190.9337554714396,-16.0,-112.0,20
598,1191.062957531401,16.0,112.0,276
599,1191.1797593936572,-16.0,16.0,164
600,1191.2169599867727,24.0,32.0,187
601,1191.2833610454525,32.0,-120.0,17
602,1191.4001629077086,8.0,-80.0,59
603,1191.629766568445,-16.0,-112.0,20
604,1191.7169679587591,-16.0,-64.0,74
605,1191.7169679587591,32.0,-128.0,8
606,1191.8669703503551,24.0,56.0,214
607,1191.8793705480603,8.0,-120.0,14
608,1191.9629718809767,-8.0,8.0,156
609,1192.0169727419511,-24.0,24.0,172
610,1192.046173207515,32.0,24.0,179
611,1192.079373736855,-16.0,0.0,146
612,1192.1169743363484,24.0,-72.0,70
613,1192.1169743363484,-32.0,32.0,180
614,1192.1169743363484,-32.0,-96.0,36
615,1192.1833753950282,32.0,120.0,287
616,1192.2629766641685,-32.0,-8.0,135
617,1192.3001772572843,-8.0,-104.0,30
618,1192.418179138673,24.0,128.0,295
619,1192.4457795787266,32.0,120.0,287
620,1192.5789817024638,0.0,-32.0,112
621,1192.7001836348732,-32.0,64.0,216
622,1192.7125838325785,24.0,32.0,187
623,1192.8461859626934,-16.0,-72.0,65
624,1192.9501876208665,0.0,40.0,193
625,1193.012988622148,16.0,24.0,177
626,1193.0629894193466,-32.0,-16.0,126
627,1193.1001900124625,-24.0,40.0,190
628,1193.1497908032836,-16.0,-40.0,101
629,1193.1961915430838,-8.0,128.0,291
630,1193.1961915430838,24.0,120.0,286
631,1193.3169934691157,24.0,-24.0,124
632,1193.329393666821,0.0,-32.0,112
633,1193.3669942663144,-8.0,120.0,282
634,1193.378994457642,-16.0,-24.0,119
635,1193.4165950571353,0.0,8.0,157
636,1193.479396058417,-32.0,-64.0,72
637,1193.5833977165903,-24.0,40.0,190
638,1193.6333985137887,8.0,-16.0,131
639,1193.7502003760449,-32.0,-8.0,135
640,1193.8462019066662,32.0,-40.0,107
641,1193.8462019066662,-32.0,8.0,153
642,1194.0666054207177,8.0,0.0,149
643,1194.2294080163965,-24.0,-80.0,55
644,1194.3962106758513,-16.0,0.0,146
645,1194.3962106758513,24.0,0.0,151
646,1194.4290111988134,16.0,-112.0,24
647,1194.4498115304482,0.0,56.0,211
648,1194.5294127995885,32.0,8.0,161
649,1194.595813858268,24.0,16.0,169
650,1194.6498147192428,-32.0,32.0,180
651,1194.7502163200177,-8.0,-24.0,120
652,1194.7962170534402,24.0,-56.0,88
653,1194.8166173786974,32.0,-104.0,35
654,1194.8290175764027,-8.0,-96.0,39
655,1194.866618175896,0.0,16.0,166
656,1194.9790199679985,-24.0,48.0,199
657,1195.0126205037159,32.0,-32.0,116
658,1195.0126205037159,-32.0,104.0,261
659,1195.1166221618892,0.0,-16.0,130
660,1195.1166221618892,0.0,-112.0,22
661,1195.1830232205689,-8.0,88.0,246
662,1195.2334240241453,-32.0,-120.0,9
663,1195.2458242218506,8.0,96.0,257
664,1195.2834248213437,0.0,-24.0,121
665,1195.295825019049,32.0,0.0,152
666,1195.4126268813052,-8.0,80.0,237
667,1195.6166301338756,-8.0,-88.0,48
668,1195.6458305994395,-8.0,-80.0,57
669,1195.6458305994395,32.0,-16.0,134
670,1195.683431198933,-24.0,72.0,226
671,1195.683431198933,32.0,-8.0,143
672,1195.683431198933,24.0,-16.0,133
673,1195.712631664497,24.0,-96.0,43
674,1195.8122332525168,-32.0,-56.0,81
675,1195.862634056093,16.0,128.0,294
676,1195.912234846914,-32.0,-128.0,0
677,1195.9834359821248,16.0,-120.0,15
678,1196.0334367793234,8.0,-88.0,50
679,1196.0834375765223,-24.0,-32.0,109
680,1196.0958377742272,-24.0,96.0,253
681,1196.1162380994845,-16.0,64.0,218
682,1196.1458385714259,-8.0,-128.0,3
683,1196.266640497458,32.0,48.0,206
684,1196.3122412245032,-32.0,-88.0,45
685,1196.3330415561377,-16.0,-56.0,83
686,1196.3330415561377,-8.0,104.0,264
687,1196.3626420280793,-24.0,0.0,145
688,1196.5290446811564,-24.0,-104.0,28
689,1196.5958457462136,-24.0,-8.0,136
690,1196.699847404387,0.0,-64.0,76
691,1196.7294478763285,-24.0,0.0,145
692,1196.7666484694444,32.0,24.0,179
693,1196.7790486671495,24.0,80.0,241
694,1196.7998489987842,-24.0,-72.0,64
695,1196.9166508610401,0.0,-56.0,85
696,1196.9458513266043,-8.0,-80.0,57
697,1196.9998521875787,16.0,112.0,276
698,1196.9998521875787,-8.0,-48.0,93
699,1197.0458529210016,8.0,112.0,275
700,1197.0662532462586,24.0,-80.0,61
701,1197.1162540434573,32.0,56.0,215
702,1197.1666548470334,24.0,104.0,268
703,1197.1790550447388,-16.0,32.0,182
704,1197.4126587692508,-8.0,-16.0,129
705,1197.4830598917065,-24.0,40.0,190
706,1197.6162620154437,-24.0,56.0,208
707,1197.645862487385,-24.0,-64.0,73
708,1197.645862487385,-32.0,-8.0,135
709,1197.8626659440386,8.0,-72.0,68
710,1197.916666805013,32.0,-120.0,17
711,1197.945867270577,16.0,-16.0,132
712,1197.9998681315515,24.0,24.0,178
713,1197.9998681315515,0.0,24.0,175
714,1198.22907178591,0.0,96.0,256
715,1198.22907178591,-8.0,32.0,183
716,1198.2494721111673,16.0,-64.0,78
717,1198.362673916025,16.0,96.0,258
718,1198.4666755741982,32.0,-64.0,80
719,1198.5662771622178,-8.0,72.0,228
720,1198.5958776341593,-32.0,-56.0,81
721,1198.633078227275,32.0,-112.0,26
722,1198.633078227275,16.0,128.0,294
723,1198.6454784249804,32.0,104.0,269
724,1198.6998792923325,16.0,-56.0,87
725,1198.6998792923325,32.0,-48.0,98
726,1198.8126810908127,-32.0,16.0,162
727,1198.9162827426082,0.0,112.0,274
728,1199.0330846048644,-16.0,88.0,245
729,1199.1330861992615,-16.0,-112.0,20
730,1199.1454863969668,0.0,0.0,148
731,1199.199887264319,8.0,88.0,248
732,1199.2498880615176,-32.0,-120.0,9
733,1199.2790885270815,-24.0,-112.0,19
734,1199.3662899173962,-8.0,-24.0,120
735,1199.6626946431895,0.0,40.0,193
736,1199.6998952363053,-16.0,-88.0,47
737,1199.7458959697283,16.0,112.0,276
738,1199.8790980934652,-16.0,120.0,281
739,1199.8994984187223,-32.0,-24.0,117
740,1199.929098890664,-8.0,88.0,246
741,1199.9662994837797,0.0,-120.0,13
742,1199.9958999557214,-16.0,-80.0,56
743,1200.0163002809784,32.0,56.0,215
744,1200.062301014401,0.0,-24.0,121
745,1200.0955015437412,-24.0,-64.0,73
746,1200.1163018753757,0.0,-128.0,4
747,1200.1163018753757,16.0,16.0,168
748,1200.1287020730808,8.0,-120.0,14
749,1200.1955031381383,32.0,-64.0,80
750,1200.2287036674782,32.0,104.0,269
751,1200.3123050003944,-16.0,96.0,254
752,1200.3831061292276,-16.0,40.0,191
753,1200.449907194285,-24.0,-72.0,64
754,1200.449907194285,-8.0,-56.0,84
755,1200.479107659849,-16.0,128.0,290
756,1200.479107659849,-32.0,-112.0,18
757,1200.599909585881,-24.0,-56.0,82
758,1200.6123097835862,0.0,88.0,247
759,1200.6327101088432,32.0,-24.0,125
760,1200.7163114417592,-24.0,-48.0,91
761,1200.745911913701,-32.0,-96.0,36
762,1200.7663122389579,-8.0,-88.0,48
763,1200.8663138333554,-8.0,8.0,156
764,1200.9663154277525,-16.0,-88.0,47
765,1201.133118087207,8.0,64.0,221
766,1201.1831188844058,32.0,48.0,206
767,1201.3123209443672,-32.0,80.0,234
768,1201.378722003047,8.0,128.0,293
769,1201.466323399739,-32.0,104.0,261
770,1201.4787235974443,24.0,24.0,178
771,1201.4995239290788,-24.0,-96.0,37
772,1201.5495247262775,24.0,-112.0,25
773,1201.5827252556176,32.0,-32.0,116
774,1201.6455262568988,16.0,16.0,168
775,1201.678726786239,8.0,-64.0,77
776,1201.7455278512962,16.0,-72.0,69
777,1201.778728380636,32.0,-88.0,53
778,1201.8455294456935,-16.0,-16.0,128
779,1201.912330510751,24.0,-48.0,97
780,1201.932730836008,0.0,-104.0,31
781,1202.1287339610265,24.0,-64.0,79
782,1202.1831348283786,-24.0,-24.0,118
783,1202.2455358232826,0.0,128.0,292
784,1202.316336952116,-16.0,-64.0,74
785,1202.3995382786543,-24.0,120.0,280
786,1202.4663393437118,-16.0,-40.0,101
787,1202.478739541417,32.0,88.0,251
788,1202.4995398730516,-24.0,-80.0,55
789,1202.599541467449,-16.0,48.0,200
790,1202.7663441269035,0.0,0.0,148
791,1202.7787443246089,0.0,64.0,220
792,1202.849545453442,16.0,0.0,150
793,1202.895546186865,16.0,-72.0,69
794,1202.9619472455447,-32.0,-48.0,90
795,1202.9827475771792,-16.0,72.0,227
796,1202.9827475771792,-32.0,88.0,243
797,1203.129149911377,32.0,0.0,152
798,1203.3455533616527,-24.0,96.0,253
799,1203.3455533616527,-32.0,-16.0,126
800,1203.3455533616527,-8.0,16.0,165
801,1203.6955589420431,-24.0,96.0,253
802,1203.8327611295563,16.0,-16.0,132
803,1203.8451613272614,-8.0,8.0,156
804,1203.9123623986966,16.0,-120.0,15
805,1203.9495629918124,32.0,-24.0,125
806,1203.9787634573763,16.0,-88.0,51
807,1203.9991637826333,-32.0,120.0,279
808,1203.9991637826333,0.0,-32.0,112
809,1204.0327643183507,-24.0,56.0,208
810,1204.0787650517734,32.0,-112.0,26
811,1204.1119655811135,24.0,-88.0,52
812,1204.1623663846897,-8.0,88.0,246
813,1204.1831667163242,32.0,128.0,296
814,1204.4159704280812,-16.0,88.0,245
815,1204.4955716972213,8.0,104.0,266
816,1204.5995733553946,-8.0,-64.0,75
817,1204.7827762763302,24.0,-64.0,79
818,1204.7951764740355,24.0,-72.0,70
819,1204.8495773413877,32.0,120.0,287
820,1204.8787778069518,-8.0,32.0,183
821,1205.0823810531447,0.0,-72.0,67
822,1205.1623823286625,-16.0,-88.0,47
823,1205.2783841781634,8.0,104.0,266
824,1205.4823874307338,-32.0,-88.0,45
825,1205.4951876348166,8.0,16.0,167
826,1205.5159879664513,0.0,-104.0,31
827,1205.5283881641567,24.0,72.0,232
828,1205.5995892993674,0.0,56.0,211
829,1205.715991155246,-8.0,120.0,282
830,1205.7619918886685,32.0,56.0,215
831,1205.7951924180084,8.0,0.0,149
832,1205.9119942802645,-8.0,-16.0,129
833,1205.9119942802645,24.0,48.0,205
834,1205.949594879758,-32.0,-104.0,27
835,1206.382801786687,16.0,112.0,276
836,1206.6492060341614,24.0,40.0,196
837,1206.7456075711602,32.0,112.0,278
838,1206.7660078964172,-32.0,-32.0,108
839,1206.9452107535774,-8.0,120.0,282
840,1207.066012679609,0.0,104.0,265
841,1207.112013413032,-24.0,104.0,262
842,1207.112013413032,-8.0,-72.0,66
843,1207.1452139423718,16.0,88.0,249
844,1207.1660142740066,32.0,40.0,197
845,1207.212015007429,32.0,-8.0,143
846,1207.2324153326863,0.0,-120.0,13
847,1207.415618253622,-16.0,-88.0,47
848,1207.415618253622,24.0,-16.0,133
849,1207.5952211171596,16.0,104.0,267
850,1207.6992227753326,-24.0,104.0,262
851,1207.7992243697302,0.0,128.0,292
852,1207.8288248416716,24.0,24.0,178
853,1207.9620269654088,-8.0,-128.0,3
854,1207.9824272906658,8.0,40.0,194
855,1207.9952274947486,16.0,112.0,276
856,1208.0788288276647,-32.0,-16.0,126
857,1208.1952306835433,16.0,-64.0,78
858,1208.2492315445177,16.0,0.0,150
859,1208.2992323417166,0.0,-72.0,67
860,1208.2992323417166,-32.0,56.0,207
861,1208.5492363277097,16.0,120.0,285
862,1208.7660397843629,24.0,-40.0,106
863,1208.7784399820682,8.0,-48.0,95
864,1208.8160405815615,32.0,-72.0,71
865,1208.8452410471255,8.0,48.0,203
866,1208.8992419081,-32.0,-88.0,45
867,1208.928442373664,-24.0,-40.0,100
868,1208.9488426989212,-32.0,-80.0,54
869,1209.1120453009776,-16.0,-24.0,119
870,1209.2120468953747,-16.0,64.0,218
871,1209.2492474884905,16.0,-104.0,33
872,1209.2952482219132,-8.0,88.0,246
873,1209.3156485471704,-8.0,-16.0,129
874,1209.378449548452,-32.0,104.0,261
875,1209.5156517359649,-32.0,-64.0,72
876,1209.7116548609836,0.0,16.0,166
877,1209.8160565255343,-24.0,-128.0,1
878,1209.9660589171303,-16.0,72.0,227
879,1209.9660589171303,32.0,-64.0,80
880,1209.9784591148355,32.0,120.0,287
881,1209.9784591148355,-16.0,-56.0,83
882,1210.17846230363,0.0,16.0,166
883,1210.215662896746,0.0,40.0,193
884,1210.295264165886,-8.0,-8.0,138
885,1210.3324647590018,24.0,40.0,196
886,1210.4116660217646,32.0,56.0,215
887,1210.4948673483032,24.0,-16.0,133
888,1210.615669274335,-16.0,88.0,245
889,1210.89527373227,-24.0,-96.0,37
890,1210.9656748547254,-16.0,-24.0,119
891,1210.9780750524308,-8.0,-72.0,66
892,1210.9780750524308,-24.0,80.0,235
893,1211.0324759197829,-24.0,40.0,190
894,1211.0784766532056,16.0,16.0,168
895,1211.0784766532056,-32.0,16.0,162
896,1211.2452793126604,-24.0,8.0,154
897,1211.3616811685386,16.0,112.0,276
898,1211.399281768032,0.0,-48.0,94
899,1211.4824830945706,16.0,48.0,204
900,1211.494883292276,-16.0,48.0,200
901,1211.549284159628,-32.0,-112.0,18
902,1211.6156852183078,0.0,-88.0,49
903,1211.748887342045,-8.0,96.0,255
904,1211.7952880818452,16.0,56.0,213
905,1211.8824894721597,24.0,120.0,286
906,1211.9116899377238,32.0,88.0,251
907,1211.9616907349225,8.0,-40.0,104
908,1212.0452920678385,-24.0,64.0,217
909,1212.0952928650372,-24.0,56.0,208
910,1212.1324934581528,-8.0,104.0,264
911,1212.165693987493,32.0,104.0,269
912,1212.1780941851982,8.0,32.0,185
913,1212.2156947846916,-8.0,-72.0,66
914,1212.3488969084287,32.0,80.0,242
915,1212.461698706909,8.0,96.0,257
916,1212.4820990321657,-16.0,104.0,263
917,1212.6821022209604,-24.0,-16.0,127
918,1212.8449048166392,8.0,112.0,275
919,1212.8653051418962,8.0,32.0,185
920,1212.9285061495552,16.0,-64.0,78
921,1212.965706742671,-8.0,0.0,147
922,1213.0489080692096,-32.0,-128.0,0
923,1213.1613098613122,-32.0,-88.0,45
924,1213.1613098613122,8.0,8.0,158
925,1213.2449111942285,16.0,-112.0,24
926,1213.3157123230617,32.0,-64.0,80
927,1213.444914383023,24.0,-128.0,7
928,1213.6285173103363,0.0,-112.0,22
929,1213.6285173103363,8.0,-8.0,140
930,1213.698918432792,16.0,8.0,159
931,1213.8321205565292,0.0,120.0,283
932,1213.9157218894452,0.0,112.0,274
933,1213.9157218894452,24.0,80.0,241
934,1214.0489240131824,24.0,64.0,223
935,1214.078524485124,-32.0,80.0,234
936,1214.098924810381,-8.0,-104.0,30
937,1214.1617258116628,16.0,48.0,204
938,1214.2821277313171,8.0,-96.0,41
939,1214.3285284711174,-32.0,104.0,261
940,1214.4117297976559,-16.0,-8.0,137
941,1214.6449335157902,-16.0,8.0,155
942,1214.682134108906,16.0,72.0,231
943,1214.6945343066113,-32.0,24.0,171
944,1214.7489351739634,-16.0,112.0,272
945,1214.7949359073862,8.0,-56.0,86
946,1214.894537495406,8.0,-80.0,59
947,1214.9445382926046,-8.0,104.0,264
948,1215.211742552834,0.0,104.0,265
949,1215.232142878091,32.0,88.0,251
950,1215.232142878091,8.0,128.0,293
951,1215.2445430757964,-8.0,-64.0,75
952,1215.3157442110073,-32.0,-32.0,108
953,1215.4989471319432,24.0,0.0,151
954,1215.5781483947055,0.0,-16.0,130
955,1215.6153489878213,-24.0,-88.0,46
956,1215.6985503143599,-32.0,32.0,180
957,1215.7449510541605,8.0,-120.0,14
958,1215.8653529738147,-8.0,64.0,219
959,1215.87775317152,-16.0,56.0,209
960,1215.9949550401536,16.0,-16.0,132
961,1216.1153569598077,-32.0,8.0,153
962,1216.1617576996084,8.0,-32.0,113
963,1216.1821580248652,0.0,-56.0,85
964,1216.2781595554866,-24.0,56.0,208
965,1216.3281603526852,-24.0,32.0,181
966,1216.4653625401984,8.0,112.0,275
967,1216.49496301214,16.0,112.0,276
968,1216.5781643386783,24.0,-64.0,79
969,1216.7321667940503,16.0,104.0,267
970,1216.9153697149861,0.0,96.0,256
971,1217.0281715134663,16.0,-40.0,105
972,1217.1281731078636,8.0,56.0,212
973,1217.2449749701198,24.0,40.0,196
974,1217.6821819408244,-16.0,-16.0,128
975,1217.7113824063883,24.0,-88.0,52
976,1217.782183535222,-8.0,-32.0,111
977,1217.811384000786,-8.0,0.0,147
978,1217.9485861882988,-32.0,-120.0,9
979,1217.9985869854975,-8.0,40.0,192
980,1218.061387986779,8.0,-104.0,32
981,1218.081788312036,8.0,48.0,203
982,1218.1653896449523,-32.0,112.0,270
983,1218.215390442151,-24.0,24.0,172
984,1218.2945917049135,-8.0,-104.0,30
985,1218.3321923044068,24.0,72.0,232
986,1218.4153936309453,-16.0,-112.0,20
987,1218.5985965518812,-8.0,64.0,219
988,1218.6945980825026,-8.0,-80.0,57
989,1218.8282002126173,-24.0,0.0,145
990,1218.882201073592,-16.0,48.0,200
991,1218.9782026042133,24.0,0.0,151
992,1219.044603662893,24.0,-16.0,133
993,1219.1818058504061,-24.0,-8.0,136
994,1219.2114063223476,8.0,-32.0,113
995,1219.3446084460847,8.0,-80.0,59
996,1219.365008771342,-16.0,72.0,227
997,1219.544211628502,32.0,56.0,215
998,1219.598612495854,0.0,32.0,184
999,1219.6946140264754,8.0,-128.0,5
1000,1219.7318146195912,8.0,-64.0,77
1001,1219.7986156846487,0.0,-120.0,13
1002,1219.86141668593,24.0,-8.0,142
1003,1219.8818170111872,0.0,-48.0,94
1004,1219.9114174831286,-32.0,-80.0,54
1005,1219.9486180762444,0.0,32.0,184
1006,1220.1110206655458,32.0,0.0,152
1007,1220.1442211948856,32.0,-104.0,35
1008,1220.2154223300965,8.0,8.0,158
1009,1220.227822527802,-16.0,96.0,254
1010,1220.3986252510322,32.0,-64.0,80
1011,1220.4110254487375,24.0,-32.0,115
1012,1220.4110254487375,24.0,-48.0,97
1013,1220.565427910487,8.0,-32.0,113
1014,1220.5778281081923,8.0,56.0,212
1015,1220.598228433449,24.0,-64.0,79
1016,1220.598228433449,24.0,24.0,178
1017,1220.6446291732495,-16.0,80.0,236
1018,1220.698630034224,-8.0,16.0,165
1019,1220.7650310929039,-24.0,104.0,262
1020,1220.8614326299028,32.0,-8.0,143
1021,1221.1278368773771,-8.0,-32.0,111
1022,1221.1482372026344,-16.0,16.0,164
1023,1221.2278384717747,8.0,-96.0,41
1024,1221.315039862089,24.0,64.0,223
1025,1221.315039862089,32.0,88.0,251
1026,1221.315039862089,0.0,-80.0,58
1027,1221.3278400661718,24.0,16.0,169
1028,1221.4150414564863,-8.0,-48.0,93
1029,1221.4614421962865,-24.0,-32.0,109
1030,1221.4986427894023,-16.0,-8.0,137
1031,1221.5318433187422,24.0,-104.0,34
1032,1221.6778456465622,16.0,8.0,159
1033,1221.715046239678,32.0,-96.0,44
1034,1221.7274464373834,24.0,-128.0,7
1035,1221.7274464373834,8.0,56.0,212
1036,1221.8150478340754,-8.0,-104.0,30
1037,1221.8446483060168,-8.0,72.0,228
1038,1221.9778504297542,-24.0,-88.0,46
1039,1221.9778504297542,-32.0,-8.0,135
1040,1222.098652355786,-8.0,48.0,201
1041,1222.1814536759468,-32.0,24.0,171
1042,1222.2110541478885,32.0,88.0,251
1043,1222.3110557422858,8.0,-64.0,77
1044,1222.3486563417794,16.0,64.0,222
1045,1222.3610565394847,16.0,112.0,276
1046,1222.3610565394847,-8.0,80.0,237
1047,1222.4446578724007,-24.0,16.0,163
1048,1222.548259524196,8.0,112.0,275
1049,1222.6278607933364,-32.0,56.0,207
1050,1222.7318624515096,16.0,120.0,285
1051,1222.7778631849324,8.0,72.0,230
1052,1222.9482659017854,-8.0,120.0,282
1053,1223.0318672347014,-32.0,16.0,162
1054,1223.0610677002653,-24.0,-48.0,91
1055,1223.26107088906,-24.0,16.0,163
1056,1223.26107088906,-32.0,128.0,288
1057,1223.3318720178931,-32.0,-40.0,99
1058,1223.3442722155985,8.0,72.0,230
1059,1223.4606740714771,32.0,24.0,179
1060,1223.5150749388292,32.0,-104.0,35
1061,1223.5482754681689,8.0,-8.0,140
1062,1223.5606756658742,8.0,-104.0,32
1063,1223.6150765332263,16.0,16.0,168
1064,1223.665077330425,8.0,-48.0,95
1065,1223.8278799261038,-24.0,-72.0,64
1066,1223.8606804490662,-16.0,-88.0,47
1067,1224.0818839758729,8.0,-72.0,68
1068,1224.1442849707769,8.0,-56.0,86
1069,1224.2318863674689,24.0,32.0,187
1070,1224.377888695289,-8.0,-8.0,138
1071,1224.527891086885,-32.0,104.0,261
1072,1224.5482914121417,16.0,-48.0,96
1073,1224.5482914121417,-32.0,-48.0,90
1074,1224.6482930065392,-16.0,48.0,200
1075,1224.7610948050192,16.0,48.0,204
1076,1224.8610963994167,-24.0,8.0,154
1077,1224.8610963994167,-8.0,-112.0,21
1078,1224.8814967246735,-16.0,88.0,245
1079,1224.9110971966152,8.0,112.0,275
1080,1224.9110971966152,0.0,-72.0,67
1081,1224.948297789731,-8.0,-72.0,66
1082,1225.0646996456094,-32.0,120.0,279
1083,1225.094300117551,-32.0,112.0,270
1084,1225.8611123433896,-8.0,104.0,264
1085,1225.915113204364,-16.0,40.0,191
1086,1226.1775173880624,0.0,72.0,229
1087,1226.377520576857,8.0,8.0,158
1088,1226.377520576857,-24.0,-120.0,10
1089,1226.4983225028889,-24.0,8.0,154
1090,1226.5107227005942,8.0,0.0,149
1091,1226.5651235679463,-8.0,96.0,255
1092,1226.7275261572474,32.0,-88.0,53
1093,1226.7607266865873,-32.0,120.0,279
1094,1226.9443296139007,24.0,-72.0,70
1095,1227.0147307363563,-32.0,32.0,180
1096,1227.044331208298,32.0,-32.0,116
1097,1227.1315325986125,8.0,64.0,221
1098,1227.243934390715,-8.0,-8.0,138
1099,1227.243934390715,-32.0,16.0,162
1100,1227.4479376432853,-8.0,0.0,147
1101,1227.5275389124256,16.0,-64.0,78
1102,1227.5275389124256,-24.0,8.0,154
1103,1227.5479392376828,0.0,-24.0,121
1104,1227.5479392376828,0.0,-64.0,76
1105,1227.6815413677973,16.0,0.0,150
1106,1227.7775428984187,24.0,-96.0,43
1107,1227.7775428984187,-16.0,-120.0,11
1108,1227.797943223676,32.0,120.0,287
1109,1227.8983448244508,-32.0,96.0,252
1110,1227.9607458193548,-24.0,24.0,172
1111,1227.9607458193548,16.0,-64.0,78
1112,1228.0107466165534,24.0,8.0,160
1113,1228.0647474775278,16.0,40.0,195
1114,1228.0647474775278,-16.0,80.0,236
1115,1228.0979480068677,-24.0,-72.0,64
1116,1228.1647490719251,24.0,48.0,205
1117,1228.3483519992385,16.0,-64.0,78
1118,1228.4275532620013,-8.0,120.0,282
1119,1228.5147546523156,8.0,72.0,230
1120,1228.527154850021,-16.0,96.0,254
1121,1228.5479551816557,-8.0,-56.0,84
1122,1228.877560436789,-24.0,80.0,235
1123,1228.877560436789,-32.0,112.0,270
1124,1228.9147610299049,16.0,-72.0,69
1125,1228.994362299045,16.0,80.0,240
1126,1229.047963153642,-24.0,88.0,244
1127,1229.047963153642,-32.0,80.0,234
1128,1229.1103641485458,-24.0,0.0,145
1129,1229.1979655452378,32.0,80.0,242
1130,1229.4315692697498,-24.0,128.0,289
1131,1229.5275708003712,24.0,-88.0,52
1132,1229.597971922827,-24.0,16.0,163
1133,1229.6647729878844,24.0,24.0,178
1134,1229.6771731855895,-16.0,-48.0,92
1135,1229.7775747863643,32.0,-64.0,80
1136,1229.831575647339,8.0,-128.0,5
1137,1229.9811780325574,32.0,80.0,242
1138,1230.0311788297558,-32.0,-120.0,9
1139,1230.1107800988962,24.0,40.0,196
1140,1230.297983083608,-32.0,112.0,270
1141,1230.3275835555494,32.0,32.0,188
1142,1230.381584416524,-32.0,-120.0,9
1143,1230.5271867379665,-16.0,-56.0,83
1144,1230.5647873374598,8.0,-104.0,32
1145,1230.5771875351652,-24.0,-88.0,46
1146,1230.6147881346585,8.0,104.0,266
1147,1230.6271883323636,0.0,48.0,202
1148,1230.7771907239596,-24.0,104.0,262
1149,1230.881192382133,-32.0,48.0,198
1150,1230.997994244389,-8.0,-32.0,111
1151,1231.0439949778115,-8.0,128.0,291
1152,1231.1607968400676,24.0,0.0,151
1153,1231.1607968400676,8.0,48.0,203
1154,1231.1607968400676,24.0,16.0,169
1155,1231.1607968400676,-32.0,-80.0,54
1156,1231.2475982240044,-24.0,-40.0,100
1157,1231.2939989638048,16.0,96.0,258
1158,1231.3311995569206,24.0,-40.0,106
1159,1231.3435997546258,32.0,120.0,287
1160,1231.3644000862605,8.0,32.0,185
1161,1231.6312043401126,24.0,-24.0,124
1162,1231.81080720365,-16.0,-80.0,56
1163,1231.9980101883618,-32.0,88.0,243
1164,1232.0772114511244,0.0,24.0,175
1165,1232.1480125799576,24.0,96.0,259
1166,1232.2648144422137,-32.0,-56.0,81
1167,1232.2772146399188,-8.0,-56.0,84
1168,1232.2976149651759,0.0,-48.0,94
1169,1232.3104151692587,0.0,-32.0,112
1170,1232.3104151692587,32.0,64.0,224
1171,1232.360815972835,-32.0,40.0,189
1172,1232.360815972835,-32.0,120.0,279
1173,1232.4812178924894,-8.0,112.0,273
1174,1232.6272202203093,-8.0,-16.0,129
1175,1232.6272202203093,-32.0,-80.0,54
1176,1232.7608223504242,-16.0,56.0,209
1177,1232.79802294354,16.0,88.0,249
1178,1232.9772258007,-24.0,-72.0,64
1179,1233.0644271910144,-8.0,80.0,237
1180,1233.198029321129,0.0,24.0,175
1181,1233.2104295188344,-8.0,-128.0,3
1182,1233.2480301183277,24.0,48.0,205
1183,1233.6144359601992,24.0,120.0,286
1184,1233.644036432141,0.0,120.0,283
1185,1233.7644383517954,-24.0,-112.0,19
1186,1233.8312394168527,16.0,-112.0,24
1187,1234.0144423377885,32.0,-104.0,35
1188,1234.04404280973,-24.0,96.0,253
1189,1234.1144439321856,24.0,16.0,169
1190,1234.126844129891,0.0,-40.0,103
1191,1234.1476444615257,24.0,56.0,214
1192,1234.2772465278645,0.0,104.0,265
1193,1234.3308473824616,-8.0,-8.0,138
1194,1234.3436475865442,24.0,-128.0,7
1195,1234.364447918179,-16.0,-80.0,56
1196,1234.3768481158843,16.0,40.0,195
1197,1234.4144487153776,8.0,-104.0,32
1198,1234.4144487153776,8.0,16.0,167
1199,1234.4808497740576,-32.0,16.0,162
1200,1234.530850571256,0.0,-8.0,139
1201,1234.576851304679,0.0,0.0,148
1202,1234.6272521082549,0.0,-120.0,13
1203,1234.6476524335121,8.0,-32.0,113
1204,1234.6476524335121,-32.0,80.0,234
1205,1234.7976548251079,16.0,24.0,177
1206,1234.9976580139025,24.0,88.0,250
1207,1235.1436603417226,16.0,128.0,294
1208,1235.164460673357,-32.0,-120.0,9
1209,1235.214461470556,16.0,-128.0,6
1210,1235.2772624718373,32.0,-120.0,17
1211,1235.2976627970943,32.0,40.0,197
1212,1235.327263269036,8.0,96.0,257
1213,1235.3476635942932,-16.0,16.0,164
1214,1235.497665985889,-32.0,-48.0,90
1215,1235.5604669871702,32.0,64.0,224
1216,1235.6812689132023,16.0,-96.0,42
1217,1235.9104725675609,32.0,-16.0,134
1218,1235.9104725675609,0.0,-80.0,58
1219,1235.9812736963943,8.0,-88.0,50
1220,1236.0772752270157,-8.0,32.0,183
1221,1236.1436762856954,-24.0,8.0,154
1222,1236.1436762856954,16.0,-48.0,96
1223,1236.2104773507529,32.0,32.0,188
1224,1236.3272792130088,-16.0,16.0,164
1225,1236.460481336746,8.0,8.0,158
1226,1236.4808816620032,-24.0,112.0,271
1227,1236.4932818597083,-8.0,-8.0,138
1228,1236.4932818597083,32.0,104.0,269
1229,1236.5936834604831,-8.0,128.0,291
1230,1236.9808896339896,16.0,-96.0,42
1231,1236.9932898316947,16.0,-112.0,24
1232,1237.0644909669056,8.0,-24.0,122
1233,1237.1104917003283,-32.0,-96.0,36
1234,1237.1308920255854,-8.0,64.0,219
1235,1237.1432922232907,32.0,96.0,260
1236,1237.2144933585016,24.0,40.0,196
1237,1237.2436938240655,24.0,-40.0,106
1238,1237.2436938240655,-16.0,8.0,155
1239,1237.2640941493225,0.0,-32.0,112
1240,1237.2768943534054,16.0,72.0,231
1241,1237.3768959478027,-16.0,-40.0,101
1242,1237.6605004695134,-16.0,104.0,263
1243,1237.6809007947702,32.0,80.0,242
1244,1237.7605020639105,-32.0,40.0,189
1245,1237.8309031863664,-32.0,104.0,261
1246,1237.8769039197891,32.0,-104.0,35
1247,1237.9769055141862,24.0,-16.0,133
1248,1238.1309079695582,-32.0,-80.0,54
1249,1238.4769134861726,-16.0,40.0,191
1250,1238.564114876487,16.0,-48.0,96
1251,1238.730917535942,24.0,104.0,268
1252,1238.7641180652818,8.0,-8.0,140
1253,1238.8101187987045,-8.0,96.0,255
1254,1238.864119659679,8.0,-104.0,32
1255,1238.9601211903005,32.0,-80.0,62
1256,1239.1141236456724,-24.0,-40.0,100
1257,1239.1141236456724,-8.0,-48.0,93
1258,1239.1265238433775,-8.0,-32.0,111
1259,1239.1265238433775,8.0,-56.0,86
1260,1239.147324175012,32.0,8.0,161
1261,1239.1769246469537,16.0,-96.0,42
1262,1239.3805278931466,0.0,56.0,211
1263,1239.3933280972294,32.0,80.0,242
1264,1239.4141284288642,-24.0,120.0,280
1265,1239.4141284288642,16.0,40.0,195
1266,1239.4601291622869,24.0,-72.0,70
1267,1239.6977329505748,-8.0,-128.0,3
1268,1239.7269334161388,-32.0,96.0,252
1269,1239.7809342771134,-32.0,-16.0,126
1270,1239.7933344748187,8.0,-80.0,59
1271,1239.7933344748187,-8.0,-120.0,12
1272,1239.814134806453,-16.0,104.0,263
1273,1239.926536598556,-24.0,-8.0,136
1274,1239.9765373957543,-32.0,8.0,153
1275,1240.0437384671893,-24.0,-80.0,55
1276,1240.2141411840423,32.0,-8.0,143
1277,1240.3641435756383,-24.0,72.0,226
1278,1240.3765437733434,-16.0,80.0,236
1279,1240.4769453741183,0.0,80.0,238
1280,1240.4973456993755,-24.0,-72.0,64
1281,1240.4973456993755,8.0,88.0,248
1282,1240.693348824394,8.0,120.0,284
1283,1240.8309510182848,-24.0,24.0,172
1284,1240.8601514838488,32.0,0.0,152
1285,1241.0769549405022,16.0,56.0,213
1286,1241.1309558014766,-8.0,56.0,210
1287,1241.1769565348993,0.0,-128.0,4
1288,1241.293358390778,-24.0,-72.0,64
1289,1241.4141603168098,-8.0,-64.0,75
1290,1241.4433607823737,8.0,8.0,158
1291,1241.4933615795724,-8.0,56.0,210
1292,1241.6929647619893,32.0,128.0,296
1293,1241.94336875436,-8.0,-80.0,57
1294,1242.064170680392,16.0,-8.0,141
1295,1242.1269716816735,32.0,-48.0,98
1296,1242.1641722747893,-32.0,-120.0,9
1297,1242.3433751319494,-24.0,-48.0,91
1298,1242.380575725065,-24.0,-40.0,100
1299,1242.4601769942053,-8.0,-16.0,129
1300,1242.4805773194623,32.0,-56.0,89
1301,1242.4929775171677,16.0,120.0,285
1302,1242.5601785886026,8.0,-48.0,95
1303,1242.5973791817182,8.0,96.0,257
1304,1242.676580444481,-16.0,40.0,191
1305,1242.7305813054554,-8.0,72.0,228
1306,1242.7305813054554,-16.0,8.0,155
1307,1242.8973839649102,0.0,-88.0,49
1308,1242.9641850299674,-32.0,128.0,288
1309,1242.9641850299674,-32.0,-16.0,126
1310,1242.9765852276728,-32.0,24.0,171
1311,1243.014185827166,16.0,-72.0,69
1312,1243.3101905465821,-32.0,32.0,180
1313,1243.3305908718394,8.0,-80.0,59
1314,1243.4265924024608,-32.0,120.0,279
1315,1243.5473943284926,0.0,-128.0,4
1316,1243.7429974471336,-24.0,88.0,244
1317,1243.8137985759668,-32.0,88.0,243
1318,1243.826198773672,32.0,128.0,296
1319,1243.826198773672,16.0,-8.0,141
1320,1243.826198773672,-32.0,-64.0,72
1321,1243.8645993859207,-8.0,40.0,192
1322,1243.9266003744472,-32.0,-24.0,117
1323,1243.9478007124592,16.0,120.0,285
1324,1243.9766011716456,24.0,-32.0,115
1325,1244.1102033017603,-24.0,-24.0,118
1326,1244.1102033017603,-16.0,-104.0,29
1327,1244.1598040925815,-24.0,112.0,271
1328,1244.2806060186133,8.0,-32.0,113
1329,1244.3766075492347,8.0,104.0,266
1330,1244.397007874492,32.0,48.0,206
1331,1244.4266083464336,16.0,-24.0,123
1332,1244.4470086716904,24.0,-88.0,52
1333,1244.476609143632,-32.0,128.0,288
1334,1244.5638105339465,24.0,-16.0,133
1335,1244.6262115288505,-8.0,-104.0,30
1336,1244.6934126002852,-32.0,-112.0,18
1337,1244.776613926824,-24.0,-40.0,100
1338,1245.0598184421572,8.0,48.0,203
1339,1245.1306195709903,-32.0,-24.0,117
1340,1245.176620304413,32.0,32.0,188
1341,1245.2306211653874,0.0,72.0,229
1342,1245.3262226896313,-24.0,16.0,163
1343,1245.4470246156632,24.0,-96.0,43
1344,1245.5970270072592,-16.0,88.0,245
1345,1245.6266274792008,-16.0,-112.0,20
1346,1245.6806283401754,0.0,-88.0,49
1347,1245.6806283401754,-24.0,-8.0,136
1348,1245.7098288057393,-8.0,128.0,291
1349,1246.013833652707,8.0,88.0,248
1350,1246.0262338504124,0.0,-40.0,103
1351,1246.0806347177645,-16.0,16.0,164
1352,1246.1266354511872,16.0,-80.0,60
1353,1246.2638376387004,24.0,24.0,178
1354,1246.2930381042643,0.0,-56.0,85
1355,1246.3766394371803,-8.0,0.0,147
1356,1246.4138400302961,16.0,-72.0,69
1357,1246.4262402280015,32.0,-96.0,44
1358,1246.4766410315776,-8.0,8.0,156
1359,1246.4970413568346,-32.0,128.0,288
1360,1246.597042951232,0.0,-64.0,76
1361,1246.7930460762507,-8.0,-88.0,48
1362,1246.8134464015077,-16.0,88.0,245
1363,1246.8430468734493,-8.0,-112.0,21
1364,1246.9306482701413,-24.0,-120.0,10
1365,1247.0470501260197,-8.0,56.0,210
1366,1247.059450323725,-24.0,64.0,217
1367,1247.1930524538398,-24.0,72.0,226
1368,1247.2970541120128,24.0,48.0,205
1369,1247.3094543097181,24.0,-80.0,61
1370,1247.3094543097181,8.0,-48.0,95
1371,1247.330254641353,0.0,48.0,202
1372,1247.3430548454357,32.0,96.0,260
1373,1247.3634551706928,0.0,-112.0,22
1374,1247.3970557064104,8.0,-128.0,5
1375,1247.4094559041157,24.0,40.0,196
1376,1247.5262577663716,8.0,48.0,203
1377,1247.6598598964863,8.0,-48.0,95
1378,1247.713860757461,16.0,-96.0,42
1379,1247.713860757461,-32.0,112.0,270
1380,1247.726260955166,-24.0,112.0,271
1381,1247.7970620839992,0.0,48.0,202
1382,1247.8262625495634,16.0,-48.0,96
1383,1247.8262625495634,0.0,-128.0,4
1384,1247.847062881198,8.0,80.0,239
1385,1247.876263346762,24.0,80.0,241
1386,1247.9802650049353,-16.0,-88.0,47
1387,1248.0098654768767,-32.0,24.0,171
1388,1248.0098654768767,-8.0,-120.0,12
1389,1248.0098654768767,0.0,-80.0,58
1390,1248.280269788127,16.0,40.0,195
1391,1248.393071586607,32.0,40.0,197
1392,1248.430272179723,-24.0,-8.0,136
1393,1248.4426723774282,8.0,-24.0,122
1394,1248.463472709063,-8.0,104.0,264
1395,1248.4762729131455,-24.0,32.0,181
1396,1248.513873512639,-32.0,-104.0,27
1397,1248.513873512639,16.0,-24.0,123
1398,1248.5966748327999,-8.0,-48.0,93
1399,1248.6426755662228,-16.0,-128.0,2
1400,1248.6426755662228,16.0,-104.0,33
1401,1248.6762761019402,16.0,-96.0,42
1402,1248.746677224396,24.0,72.0,232
1403,1248.7594774284787,-24.0,-80.0,55
1404,1248.8762792907348,-16.0,-72.0,65
1405,1248.8966796159918,-24.0,120.0,280
1406,1248.9594806172734,8.0,-32.0,113
1407,1248.9970812167667,-16.0,32.0,182
1408,1249.0430819501894,-24.0,-40.0,100
1409,1249.0634822754466,24.0,0.0,151
1410,1249.1966843991838,24.0,-32.0,115
1411,1249.2466851963825,-8.0,24.0,174
1412,1249.3262864655226,8.0,-112.0,23
1413,1249.380287326497,16.0,-8.0,141
1414,1249.4098877984386,16.0,96.0,258
1415,1249.442688321401,24.0,72.0,232
1416,1249.4802889208945,24.0,120.0,286
1417,1249.4926891185996,24.0,-16.0,133
1418,1249.6262912487146,-8.0,88.0,246
1419,1249.6262912487146,16.0,128.0,294
1420,1249.647091580349,-8.0,-40.0,102
1421,1249.7262928431117,32.0,8.0,161
1422,1249.8134942334261,0.0,-72.0,67
1423,1249.9762968291047,32.0,24.0,179
1424,1250.0930986913609,-8.0,-80.0,57
1425,1250.175900011522,0.0,104.0,265
1426,1250.2471011467328,-8.0,-88.0,48
1427,1250.259501344438,16.0,96.0,258
1428,1250.3799032640923,-8.0,-48.0,93
1429,1250.4263040038927,-24.0,48.0,199
1430,1250.5971067271232,0.0,16.0,166
1431,1250.6095069248283,-32.0,104.0,261
1432,1250.813510177399,-8.0,-64.0,75
1433,1250.943112243738,-16.0,16.0,164
1434,1251.0263135702764,-24.0,128.0,289
1435,1251.0263135702764,32.0,-64.0,80
1436,1251.1303152284495,8.0,128.0,293
1437,1251.1763159618722,32.0,-80.0,62
1438,1251.1763159618722,16.0,-40.0,105
1439,1251.3095180856094,-32.0,128.0,288
1440,1251.3467186787252,8.0,-16.0,131
1441,1251.4135197437827,-8.0,-128.0,3
1442,1251.425919941488,-8.0,-16.0,129
1443,1251.425919941488,32.0,-104.0,35
1444,1251.4967210703212,24.0,-24.0,124
1445,1251.5635221353787,-32.0,-16.0,126
1446,1251.6259231302824,8.0,104.0,266
1447,1251.8135261213718,-16.0,56.0,209
1448,1251.9763287170504,16.0,88.0,249
1449,1252.1799319632435,0.0,-120.0,13
1450,1252.2595332323835,-32.0,-80.0,54
1451,1252.3135340933582,0.0,-40.0,103
1452,1252.4303359556143,-32.0,16.0,162
1453,1252.5595380155755,16.0,40.0,195
1454,1252.6595396099729,16.0,-128.0,6
1455,1252.776341472229,-8.0,40.0,192
1456,1252.776341472229,32.0,-96.0,44
1457,1252.8135420653446,-8.0,8.0,156
1458,1252.8135420653446,24.0,-72.0,70
1459,1252.8799431240243,-8.0,-96.0,39
1460,1252.9427441253058,-16.0,-128.0,2
1461,1253.1799479072163,-16.0,80.0,236
1462,1253.209548379158,16.0,96.0,258
1463,1253.313550037331,-32.0,112.0,270
1464,1253.3427505028951,-16.0,64.0,218
1465,1253.363150828152,-16.0,56.0,209
1466,1253.8095579455414,16.0,-8.0,141
1467,1253.8467585386572,-16.0,40.0,191
1468,1253.8467585386572,16.0,128.0,294
1469,1253.8759590042212,-16.0,64.0,218
1470,1253.9299598651958,-8.0,48.0,201
1471,1254.1427632580733,8.0,80.0,239
1472,1254.2299646483875,-16.0,-112.0,20
1473,1254.2423648460929,-8.0,56.0,210
1474,1254.2423648460929,0.0,-96.0,40
1475,1254.2799654455862,8.0,-88.0,50
1476,1254.413567575701,-8.0,32.0,183
1477,1254.4259677734065,8.0,88.0,248
1478,1254.5259693678036,8.0,16.0,167
1479,1254.5259693678036,8.0,-32.0,113
1480,1254.609170694342,8.0,112.0,275
1481,1254.609170694342,0.0,-72.0,67
1482,1254.6635715616942,8.0,120.0,284
1483,1254.746772888233,32.0,88.0,251
1484,1254.7759733537969,0.0,-24.0,121
1485,1254.7963736790539,-8.0,-56.0,84
1486,1254.8091738831367,-16.0,56.0,209
1487,1255.2259805285846,24.0,0.0,151
1488,1255.329982186758,-16.0,96.0,254
1489,1255.4095834558982,32.0,-80.0,62
1490,1255.463184310495,16.0,-80.0,60
1491,1255.5631859048922,24.0,0.0,151
1492,1255.7091882327122,-8.0,-56.0,84
1493,1255.7091882327122,32.0,120.0,287
1494,1255.8591906243082,8.0,-96.0,41
1495,1255.9091914215069,0.0,-48.0,94
1496,1255.9091914215069,16.0,-24.0,123
1497,1255.9631922824815,8.0,-8.0,140
1498,1255.992792754423,-32.0,-72.0,63
1499,1256.129994941936,-16.0,-16.0,128
1500,1256.1799957391347,-8.0,-88.0,48
1501,1256.309197799096,-32.0,88.0,243
1502,1256.6132026460637,-16.0,96.0,254
1503,1256.709204176685,8.0,40.0,194
1504,1256.7464047698008,-32.0,112.0,270
1505,1256.7760052417425,-16.0,-64.0,74
1506,1256.7760052417425,0.0,-104.0,31
1507,1256.8928071039984,-32.0,-88.0,45
1508,1256.9424078948196,-24.0,8.0,154
1509,1256.9928086983957,24.0,32.0,187
1510,1257.0300092915115,-32.0,-8.0,135
1511,1257.1760116193316,-16.0,8.0,155
1512,1257.2928134815877,16.0,56.0,213
1513,1257.4760164025236,16.0,-16.0,132
1514,1257.5464175249792,8.0,-80.0,59
1515,1257.5760179969207,24.0,-104.0,34
1516,1257.596418322178,-32.0,48.0,198
1517,1257.696419916575,24.0,-96.0,43
1518,1257.7088201142803,-8.0,-56.0,84
1519,1257.7296204459149,-24.0,48.0,199
1520,1257.8260219829137,-24.0,32.0,181
1521,1257.9424238387924,-16.0,72.0,227
1522,1257.9964246997667,32.0,56.0,215
1523,1258.008824897472,8.0,104.0,266
1524,1258.076025968907,0.0,88.0,247
1525,1258.0964262941643,8.0,56.0,212
1526,1258.1088264918692,-32.0,64.0,216
1527,1258.129626823504,32.0,-48.0,98
1528,1258.2924294191828,-32.0,-120.0,9
1529,1258.4260315492977,8.0,-24.0,122
1530,1258.5260331436948,16.0,120.0,285
1531,1258.5800340046694,24.0,-120.0,16
1532,1258.5800340046694,-8.0,24.0,174
1533,1258.6296347954903,24.0,-80.0,61
1534,1258.6424349995734,-24.0,-16.0,127
1535,1258.7424365939705,-24.0,-32.0,109
1536,1258.9296395786823,16.0,-64.0,78
1537,1258.9592400506237,32.0,-88.0,53
1538,1259.063241708797,24.0,88.0,250
1539,1259.242444565957,-8.0,96.0,255
1540,1259.2796451590727,32.0,-32.0,116
1541,1259.292045356778,0.0,120.0,283
1542,1259.4796483478674,-16.0,24.0,173
1543,1259.5756498784888,16.0,-120.0,15
1544,1259.5960502037458,-8.0,-64.0,75
1545,1259.6256506756874,24.0,-48.0,97
1546,1259.6460510009445,8.0,-80.0,59
1547,1259.6588512050273,32.0,-8.0,143
1548,1259.6588512050273,16.0,-56.0,87
1549,1259.6800515430396,32.0,128.0,296
1550,1259.708852002226,-32.0,96.0,252
1551,1259.7472526144745,32.0,-88.0,53
1552,1259.9296555226551,0.0,112.0,274
1553,1260.0424573211353,0.0,-64.0,76
1554,1260.2092599805899,0.0,-80.0,58
1555,1260.2420605035522,16.0,128.0,294
1556,1260.2964613709044,-24.0,64.0,217
1557,1260.5296650890389,-8.0,8.0,156
1558,1260.5756658224616,24.0,48.0,205
1559,1260.5960661477186,-32.0,-32.0,108
1560,1260.6256666196603,0.0,16.0,166
1561,1260.6796674806349,16.0,-112.0,24
1562,1260.6796674806349,24.0,96.0,259
1563,1260.7296682778333,-24.0,24.0,172
1564,1260.7588687433974,-8.0,0.0,147
1565,1260.9756722000507,24.0,128.0,295
1566,1260.9756722000507,-8.0,-104.0,30
1567,1261.1480749487916,-32.0,-16.0,126
1568,1261.1480749487916,24.0,-88.0,52
1569,1261.1480749487916,8.0,-56.0,86
1570,1261.1584751146088,-8.0,-56.0,84
1571,1261.1964757204798,-8.0,128.0,291
1572,1261.2088759181852,-16.0,-24.0,119
1573,1261.2296762498197,16.0,8.0,159
1574,1261.242076447525,8.0,-24.0,122
1575,1261.2796770470184,32.0,-80.0,62
1576,1261.3756785776397,8.0,88.0,248
1577,1261.4588799041783,-8.0,64.0,219
1578,1261.5296810330117,16.0,-56.0,87
1579,1261.542081230717,-16.0,-40.0,101
1580,1261.608882295774,-24.0,-128.0,1
1581,1261.7588846873703,-24.0,24.0,172
1582,1262.0128887371393,-24.0,40.0,190
1583,1262.0756897384208,0.0,-32.0,112
1584,1262.0960900636778,16.0,96.0,258
1585,1262.2752929208377,16.0,-64.0,78
1586,1262.4296953825872,-32.0,-8.0,135
1587,1262.4420955802923,-16.0,80.0,236
1588,1262.4752961096324,-24.0,16.0,163
1589,1262.5460972384656,0.0,-88.0,49
1590,1262.5756977104072,32.0,-48.0,98
1591,1262.5960980356642,16.0,16.0,168
1592,1262.6792993622028,32.0,104.0,269
1593,1262.7961012244587,8.0,-40.0,104
1594,1263.0589054145348,8.0,-112.0,23
1595,1263.2757088711883,-24.0,-104.0,28
1596,1263.312909464304,-24.0,8.0,154
1597,1263.3757104655854,32.0,-64.0,80
1598,1263.3757104655854,-8.0,-16.0,129
1599,1263.42971132656,8.0,-128.0,5
1600,1263.458911792124,16.0,-64.0,78
1601,1263.479312117381,-32.0,120.0,279
1602,1263.5125126467208,24.0,32.0,187
1603,1263.5589133865212,16.0,-128.0,6
1604,1263.5793137117782,-8.0,-48.0,93
1605,1263.592113915861,16.0,40.0,195
1606,1263.8257176403733,-32.0,-32.0,108
1607,1263.896118762829,-16.0,112.0,272
1608,1263.9589197641103,8.0,-96.0,41
1609,1264.02532082279,16.0,-64.0,78
1610,1264.108922155706,0.0,104.0,265
1611,1264.108922155706,-8.0,72.0,228
1612,1264.108922155706,24.0,104.0,268
1613,1264.1585229465272,0.0,32.0,184
1614,1264.1961235460208,-32.0,16.0,162
1615,1264.4921282654368,-24.0,24.0,172
1616,1264.5125285906936,-16.0,-8.0,137
1617,1264.6257303955515,-16.0,-64.0,74
1618,1264.6629309886673,-16.0,104.0,263
1619,1264.8585341073083,-32.0,-8.0,135
1620,1265.1589388968778,16.0,56.0,213
1621,1265.1589388968778,-16.0,-104.0,29
1622,1265.2461402871922,-24.0,104.0,262
1623,1265.2753407527562,-24.0,56.0,208
1624,1265.3585420792947,-24.0,48.0,199
1625,1265.4293432081279,-8.0,-24.0,120
1626,1265.4961442731853,8.0,-56.0,86
1627,1265.7129477298386,16.0,-96.0,42
1628,1265.7589484632615,24.0,0.0,151
1629,1266.0293527745118,-8.0,-64.0,75
1630,1266.0753535079343,-8.0,-80.0,57
1631,1266.0753535079343,-32.0,-128.0,0
1632,1266.1125541010501,-32.0,104.0,261
1633,1266.1249542987555,24.0,-104.0,34
1634,1266.14575463039,24.0,0.0,151
1635,1266.1921553701904,24.0,72.0,232
1636,1266.2625564926461,0.0,96.0,256
1637,1266.3793583549023,32.0,-32.0,116
1638,1266.408958826844,24.0,-64.0,79
1639,1266.4585596176646,16.0,-48.0,96
1640,1266.5461610143568,8.0,32.0,185
1641,1266.6961634059528,24.0,104.0,268
1642,1266.82936552969,-24.0,72.0,226
1643,1267.0125684506256,-16.0,56.0,209
1644,1267.024968648331,24.0,-56.0,88
1645,1267.112570045023,8.0,-8.0,140
1646,1267.1793711100804,8.0,8.0,158
1647,1267.2921729085606,-8.0,-112.0,21
1648,1267.4253750322978,-24.0,72.0,226
1649,1267.4793758932722,16.0,-64.0,78
1650,1267.5921776917523,-8.0,-104.0,30
1651,1267.6789790756893,8.0,-32.0,113
1652,1267.7085795476307,-8.0,-24.0,120
1653,1267.8957825323425,-16.0,48.0,200
1654,1267.8957825323425,-24.0,-104.0,28
1655,1267.9253830042842,-32.0,8.0,153
1656,1267.9253830042842,-24.0,-112.0,19
1657,1268.062585191797,-8.0,48.0,201
1658,1268.192187258136,-24.0,24.0,172
1659,1268.212587583393,-32.0,-88.0,45
1660,1268.2421880553347,8.0,-8.0,140
1661,1268.2793886484505,-8.0,-112.0,21
1662,1268.4625915693864,8.0,40.0,194
1663,1268.4749917670918,-16.0,-96.0,38
1664,1268.5793934316423,0.0,24.0,175
1665,1268.7085954916035,24.0,64.0,223
1666,1268.8417976153407,-32.0,120.0,279
1667,1268.8793982148343,32.0,-88.0,53
1668,1268.9121987377964,24.0,80.0,241
1669,1268.9753997454557,-24.0,88.0,244
1670,1268.9958000707127,-16.0,-80.0,56
1671,1269.0082002684178,-8.0,128.0,291
1672,1269.0750013334753,-8.0,64.0,219
1673,1269.0750013334753,-16.0,80.0,236
1674,1269.1082018628153,-16.0,-32.0,110
1675,1269.1082018628153,-24.0,56.0,208
1676,1269.1082018628153,8.0,48.0,203
1677,1269.2082034572124,-8.0,72.0,228
1678,1269.245804056706,32.0,48.0,206
1679,1269.2958048539044,8.0,80.0,239
1680,1269.8290133552307,-16.0,128.0,290
1681,1269.8586138271723,-8.0,96.0,255
1682,1269.912614688147,-32.0,-64.0,72
1683,1270.0290165440254,16.0,-40.0,105
1684,1270.22901973282,-16.0,-120.0,11
1685,1270.2754204726202,-32.0,-32.0,108
1686,1270.3626218629345,24.0,-56.0,88
1687,1270.4458231894732,24.0,96.0,259
1688,1270.6454263718902,24.0,-96.0,43
1689,1270.6918271116906,-24.0,-16.0,127
1690,1270.7290277048064,32.0,72.0,233
1691,1270.7750284382291,-8.0,16.0,165
1692,1270.8126290377224,-24.0,-72.0,64
1693,1270.8790300964024,0.0,-128.0,4
1694,1270.925030829825,0.0,-64.0,76
1695,1271.1086337571385,32.0,-8.0,143
1696,1271.1290340823955,-16.0,120.0,281
1697,1271.291836678074,16.0,-56.0,87
1698,1271.4750395990102,-16.0,32.0,182
1699,1271.512240192126,-8.0,-120.0,12
1700,1271.5750411934073,0.0,0.0,148
1701,1271.8086449179193,-24.0,48.0,199
1702,1271.8458455110351,8.0,104.0,266
1703,1271.8582457087405,24.0,-24.0,124
1704,1271.9458471054324,-24.0,104.0,262
1705,1272.0122481641124,16.0,-40.0,105
1706,1272.0122481641124,24.0,64.0,223
1707,1272.0246483618175,8.0,16.0,167
1708,1272.2622521501055,-8.0,80.0,237
1709,1272.4622553389,-32.0,40.0,189
1710,1272.4918558108416,-24.0,16.0,163
1711,1272.6582584639186,-24.0,-8.0,136
1712,1272.6786587891756,-16.0,-112.0,20
1713,1272.7418597968347,32.0,56.0,215
1714,1272.8290611871491,-24.0,-40.0,100
1715,1272.8914621820531,24.0,80.0,241
1716,1272.9290627815465,-24.0,-8.0,136
1717,1272.9290627815465,16.0,64.0,222
1718,1273.0122641080852,0.0,-112.0,22
1719,1273.1122657024823,16.0,-80.0,60
1720,1273.1122657024823,0.0,-88.0,49
1721,1273.3290691591355,8.0,32.0,185
1722,1273.3582696246997,16.0,0.0,150
1723,1273.3954702178155,0.0,128.0,292
1724,1273.4418709576157,-32.0,48.0,198
1725,1273.4954718122126,-24.0,96.0,253
1726,1273.6122736744687,-8.0,104.0,264
1727,1273.8078767931097,-32.0,-96.0,36
1728,1273.979079522718,32.0,80.0,242
1729,1273.9914797204233,8.0,-80.0,59
1730,1274.0454805813977,-32.0,80.0,234
1731,1274.0454805813977,-16.0,8.0,155
1732,1274.3454853645894,32.0,48.0,206
1733,1274.375085836531,-8.0,40.0,192
1734,1274.4122864296469,16.0,104.0,267
1735,1274.4414868952108,24.0,-88.0,52
1736,1274.5786890827242,-24.0,-8.0,136
1737,1274.6290898863003,24.0,112.0,277
1738,1274.7582919462616,32.0,-96.0,44
1739,1274.7786922715186,24.0,48.0,205
1740,1274.7914924756014,16.0,40.0,195
1741,1274.8750938085175,-32.0,-96.0,36
1742,1274.991495664396,0.0,-120.0,13
1743,1275.028696257512,-32.0,56.0,207
1744,1275.112297590428,-16.0,56.0,209
1745,1275.2915004475879,16.0,-48.0,96
1746,1275.3119007728449,24.0,-8.0,142
1747,1275.5751049692985,-8.0,-32.0,111
1748,1275.7455076861515,32.0,-72.0,71
1749,1275.757907883857,-24.0,-128.0,1
1750,1275.7911084131965,0.0,-88.0,49
1751,1275.8787098098887,-8.0,120.0,282
1752,1276.011911933626,0.0,8.0,157
1753,1276.0247121377088,-32.0,128.0,288
1754,1276.062312737202,32.0,32.0,188
1755,1276.108313470625,32.0,-120.0,17
1756,1276.1455140637406,24.0,-72.0,70
1757,1276.1455140637406,-32.0,-128.0,0
1758,1276.1747145293048,16.0,-128.0,6
1759,1276.1951148545616,-32.0,96.0,252
1760,1276.2247153265032,0.0,-96.0,40
1761,1276.3119167168177,-24.0,104.0,262
1762,1276.4123183175925,32.0,-64.0,80
1763,1276.4915195803553,24.0,-8.0,142
1764,1276.4915195803553,24.0,-128.0,7
1765,1276.541520377554,-8.0,-56.0,84
1766,1276.5955212385284,-8.0,-16.0,129
1767,1276.678722565067,16.0,-128.0,6
1768,1276.7247232984896,-24.0,96.0,253
1769,1276.8083246314056,0.0,72.0,229
1770,1276.8455252245215,32.0,-16.0,134
1771,1276.912326289579,32.0,16.0,170
1772,1276.912326289579,16.0,-40.0,105
1773,1276.912326289579,32.0,56.0,215
1774,1276.9915275523417,32.0,-48.0,98
1775,1276.9915275523417,32.0,-96.0,44
1776,1277.374733662072,-24.0,48.0,199
1777,1277.4119342551878,-16.0,-56.0,83
1778,1277.4415347271292,-16.0,32.0,182
1779,1277.5119358495851,-32.0,-64.0,72
1780,1277.5415363215268,32.0,72.0,233
1781,1277.5911371123477,8.0,128.0,293
1782,1277.5911371123477,24.0,-48.0,97
1783,1277.774740039661,8.0,-8.0,140
1784,1277.8955419656932,-16.0,-40.0,101
1785,1277.9579429605972,-8.0,88.0,246
1786,1278.0247440256544,8.0,-16.0,131
1787,1278.0451443509114,-16.0,128.0,290
1788,1278.1579461493914,32.0,-88.0,53
1789,1278.1579461493914,-24.0,-80.0,55
1790,1278.2787480754234,16.0,104.0,267
1791,1278.3787496698208,32.0,56.0,215
1792,1278.4955515320767,24.0,-128.0,7
1793,1278.5247519976408,-24.0,-80.0,55
1794,1278.6079533241793,16.0,-96.0,42
1795,1278.6079533241793,-32.0,-16.0,126
1796,1278.6283536494363,0.0,0.0,148
1797,1278.6747543892368,24.0,72.0,232
1798,1278.6951547144936,8.0,80.0,239
1799,1278.7283552438337,8.0,-24.0,122
1800,1279.0119597655444,-32.0,128.0,288
1801,1279.0119597655444,0.0,40.0,193
1802,1279.0243599632497,0.0,-48.0,94
1803,1279.0787608306018,16.0,-48.0,96
1804,1279.1579620933642,16.0,8.0,159
1805,1279.22836321582,-32.0,-64.0,72
1806,1279.2951642808775,0.0,-88.0,49
1807,1279.2951642808775,-24.0,-88.0,46
1808,1279.3247647528192,0.0,24.0,175
1809,1279.3747655500176,8.0,104.0,266
1810,1279.4579668765564,24.0,-112.0,25
1811,1279.5283679990118,24.0,-56.0,88
1812,1279.611969331928,-32.0,-80.0,54
1813,1279.611969331928,-8.0,48.0,201
1814,1279.611969331928,-8.0,-88.0,48
1815,1279.6243695296332,-16.0,-96.0,38
1816,1279.6911705946907,-24.0,-64.0,73
1817,1279.7579716597481,-16.0,-80.0,56
1818,1279.778371985005,8.0,-32.0,113
1819,1279.8283727822036,-32.0,-72.0,63
1820,1279.8579732541452,24.0,0.0,151
1821,1279.8783735794025,24.0,88.0,250
1822,1279.8911737834853,16.0,88.0,249
1823,1279.9119741151198,16.0,-120.0,15
1824,1279.961574905941,8.0,-104.0,32
1825,1280.1575780309595,-32.0,-80.0,54
1826,1280.2619796955103,-16.0,-128.0,2
1827,1280.324780696792,0.0,56.0,211
1828,1280.3911817554717,24.0,112.0,277
1829,1280.4115820807285,-8.0,-16.0,129
1830,1280.6075852057475,16.0,16.0,168
1831,1280.711986870298,8.0,112.0,275
1832,1280.7243870680034,-16.0,16.0,164
1833,1280.745187399638,-24.0,-16.0,127
1834,1280.9075899889392,24.0,0.0,151
1835,1281.0247918575728,16.0,72.0,231
1836,1281.0619924506884,-24.0,-48.0,91
1837,1281.0619924506884,-8.0,16.0,165
1838,1281.0911929162526,0.0,-32.0,112
1839,1281.1579939813098,0.0,8.0,157
1840,1281.595200952015,-32.0,40.0,189
1841,1281.6076011497203,-8.0,-40.0,102
1842,1281.6284014813548,-8.0,128.0,291
1843,1281.6284014813548,16.0,112.0,276
1844,1281.7952041408096,-16.0,-80.0,56
1845,1281.7952041408096,24.0,-72.0,70
1846,1281.8284046701492,24.0,-16.0,133
1847,1281.891205671431,8.0,24.0,176
1848,1281.9116059966877,16.0,64.0,222
1849,1282.0784086561425,-32.0,88.0,243
1850,1282.141209657424,32.0,0.0,152
1851,1282.161609982681,32.0,-80.0,62
1852,1282.295212112796,-16.0,40.0,191
1853,1282.474414969956,-24.0,88.0,244
1854,1282.545216098789,16.0,-16.0,132
1855,1282.574416564353,16.0,-104.0,33
1856,1282.6284174253276,-32.0,-112.0,18
1857,1282.7952200847824,24.0,32.0,187
1858,1282.9744229419423,-16.0,104.0,263
1859,1283.1784261945127,0.0,-32.0,112
1860,1283.3244285223327,32.0,-8.0,143
1861,1283.3912295873902,8.0,8.0,158
1862,1283.411629912647,-24.0,128.0,289
1863,1283.4412303845886,8.0,0.0,149
1864,1283.541231978986,-16.0,-32.0,110
1865,1283.561632304243,0.0,-112.0,22
1866,1283.8744372915176,16.0,-88.0,51
1867,1283.9952392175496,24.0,8.0,160
1868,1284.0244396831138,8.0,-80.0,59
1869,1284.2284429356841,16.0,56.0,213
1870,1284.2744436691069,24.0,-56.0,88
1871,1284.2744436691069,24.0,32.0,187
1872,1284.2948439943639,0.0,96.0,256
1873,1284.4452463923374,24.0,-120.0,16
1874,1284.4452463923374,-8.0,-112.0,21
1875,1284.6448495747545,16.0,-40.0,105
1876,1284.7576513732345,0.0,-24.0,121
1877,1284.7576513732345,24.0,-128.0,7
1878,1284.7780516984915,-24.0,112.0,271
1879,1284.844852763549,0.0,-120.0,13
1880,1284.8744532354904,0.0,-8.0,139
1881,1284.9116538286062,16.0,-48.0,96
1882,1284.9240540263115,-8.0,-56.0,84
1883,1285.1116570174008,32.0,80.0,242
1884,1285.2076585480222,-32.0,16.0,162
1885,1285.4284620684516,-24.0,-8.0,136
1886,1285.4408622661567,-8.0,40.0,192
1887,1285.6116649893872,16.0,-120.0,15
1888,1285.8072681080284,-16.0,32.0,182
1889,1285.944870301919,8.0,-24.0,122
1890,1285.9744707738607,-16.0,56.0,209
1891,1286.0072712968229,0.0,0.0,148
1892,1286.0784724320338,24.0,64.0,223
1893,1286.107672897598,32.0,104.0,269
1894,1286.2744755570525,8.0,96.0,257
1895,1286.6948822598986,-32.0,48.0,198
1896,1286.807684058379,32.0,48.0,206
1897,1286.8740851170587,8.0,-120.0,14
1898,1286.9116857165518,8.0,16.0,167
1899,1286.9240859142571,-32.0,-88.0,45
1900,1286.9780867752318,-16.0,-112.0,20
1901,1287.1408893709104,24.0,96.0,259
1902,1287.1904901617315,8.0,-104.0,32
1903,1287.228090761225,-32.0,-56.0,81
1904,1287.3076920303654,8.0,16.0,167
1905,1287.3076920303654,32.0,24.0,179
1906,1287.357292821186,16.0,8.0,159
1907,1287.3780931528208,-8.0,80.0,237
1908,1287.4240938862436,24.0,48.0,205
1909,1287.6076968135571,-24.0,80.0,235
1910,1287.628097138814,32.0,-80.0,62
1911,1287.8241002638329,-8.0,56.0,210
1912,1287.9449021898647,24.0,0.0,151
1913,1287.9741026554286,8.0,48.0,203
1914,1288.0117032549222,24.0,112.0,277
1915,1288.078104313602,0.0,40.0,193
1916,1288.0905045113072,24.0,-120.0,16
1917,1288.0905045113072,-8.0,-32.0,111
1918,1288.1113048429418,32.0,-88.0,53
1919,1288.211306437339,8.0,-128.0,5
1920,1288.2781075023963,0.0,-24.0,121
1921,1288.2905077001017,32.0,56.0,215
1922,1288.2905077001017,-8.0,112.0,273
1923,1288.3113080317362,-24.0,16.0,163
1924,1288.374109033018,-16.0,-128.0,2
1925,1288.374109033018,24.0,64.0,223
1926,1288.474110627415,24.0,112.0,277
1927,1288.507311156755,-8.0,88.0,246
1928,1288.5281114883896,32.0,120.0,287
1929,1288.5573119539536,24.0,-8.0,142
1930,1288.8241162078057,24.0,72.0,232
1931,1288.87811706878,24.0,120.0,286
1932,1288.87811706878,8.0,-120.0,14
1933,1288.9573183315429,0.0,48.0,202
1934,1288.9781186631774,24.0,-120.0,16
1935,1289.0073191287413,16.0,48.0,204
1936,1289.0449197282346,32.0,-88.0,53
1937,1289.1281210547731,0.0,-72.0,67
1938,1289.2781234463691,16.0,120.0,285
1939,1289.3073239119333,-24.0,-104.0,28
1940,1289.3621247856631,32.0,128.0,296
1941,1289.6449292946186,-24.0,80.0,235
1942,1289.6449292946186,-8.0,-80.0,57
1943,1289.844932483413,-16.0,-16.0,128
1944,1289.9409340140344,24.0,-8.0,142
1945,1290.1241369349702,24.0,72.0,232
1946,1290.161337528086,-8.0,64.0,219
1947,1290.2573390587074,-8.0,72.0,228
1948,1290.2573390587074,-24.0,-80.0,55
1949,1290.311339919682,32.0,88.0,251
1950,1290.3237401173872,32.0,48.0,206
1951,1290.3613407168807,0.0,24.0,175
1952,1290.4073414503032,-32.0,-112.0,18
1953,1290.4073414503032,-8.0,80.0,237
1954,1290.4569422411244,0.0,-24.0,121
1955,1290.5569438355217,-8.0,88.0,246
1956,1290.6241449069566,-8.0,-64.0,75
1957,1290.6445452322137,0.0,-128.0,4
1958,1290.6741457041553,-16.0,72.0,227
1959,1290.6741457041553,-32.0,32.0,180
1960,1290.6945460294123,-24.0,48.0,199
1961,1290.7241465013537,-8.0,72.0,228
1962,1290.8073478278925,24.0,-96.0,43
1963,1290.8073478278925,0.0,-96.0,40
1964,1291.1741536761417,24.0,8.0,160
1965,1291.1945540013987,16.0,104.0,267
1966,1291.2069541991038,-16.0,-64.0,74
1967,1291.2277545307386,32.0,-16.0,134
1968,1291.3609566544758,32.0,64.0,224
1969,1291.440557923616,24.0,-24.0,124
1970,1291.4781585231094,8.0,-72.0,68
1971,1291.6281609147052,-8.0,72.0,228
1972,1291.8405643012052,32.0,88.0,251
1973,1292.0741680257172,16.0,-88.0,51
1974,1292.0741680257172,-32.0,-72.0,63
1975,1292.2277704747114,-16.0,88.0,245
1976,1292.2401706724168,-24.0,104.0,262
1977,1292.2609710040513,0.0,-72.0,67
1978,1292.2609710040513,-16.0,8.0,155
1979,1292.3573725410502,32.0,-80.0,62
1980,1292.394573134166,0.0,-64.0,76
1981,1292.427773663506,32.0,-96.0,44
1982,1292.427773663506,-16.0,-96.0,38
1983,1292.5277752579032,24.0,-120.0,16
1984,1292.694577917358,8.0,112.0,275
1985,1292.7613789824152,8.0,48.0,203
1986,1292.8573805130366,16.0,-56.0,87
1987,1292.890181035999,-16.0,-56.0,83
1988,1293.0905842311713,-8.0,-32.0,111
1989,1293.1445850921457,-16.0,88.0,245
1990,1293.1445850921457,-8.0,-16.0,129
1991,1293.1737855577098,24.0,24.0,178
1992,1293.2945874837417,-8.0,56.0,210
1993,1293.3613885487991,24.0,80.0,241
1994,1293.3613885487991,-32.0,-16.0,126
1995,1293.3737887465043,-16.0,-80.0,56
1996,1293.527791201876,-24.0,-32.0,109
1997,1293.827795985068,24.0,-16.0,133
1998,1293.8573964570094,-24.0,0.0,145
1999,1293.8777967822666,0.0,-64.0,76
2000,1294.0569996394265,32.0,80.0,242
2001,1294.0777999710613,0.0,-24.0,121
2002,1294.0902001687664,24.0,-80.0,61
2003,1294.4738062848744,-24.0,-88.0,46
2004,1294.5110068779902,-32.0,120.0,279
2005,1294.5574076177904,-32.0,-40.0,99
2006,1294.7110100667849,32.0,-56.0,89
2007,1294.7442105961245,24.0,-48.0,97
2008,1294.790611335925,24.0,80.0,241
2009,1294.894612994098,-32.0,128.0,288
2010,1294.9238134596621,-8.0,56.0,210
2011,1295.2446185744886,24.0,-112.0,25
2012,1295.2738190400526,-32.0,80.0,234
2013,1295.4774222862454,16.0,-72.0,69
2014,1295.5070227581868,24.0,96.0,259
2015,1295.527423083444,-24.0,8.0,154
2016,1295.5906240911033,-24.0,-40.0,100
2017,1295.6110244163601,-32.0,-40.0,99
2018,1295.7070259469815,32.0,-64.0,80
2019,1295.7274262722387,-24.0,72.0,226
2020,1295.7570267441802,-32.0,24.0,171
2021,1295.7942273372962,-8.0,-64.0,75
2022,1296.0570315273721,0.0,-64.0,76
2023,1296.094232120488,-24.0,88.0,244
2024,1296.106632318193,16.0,112.0,276
2025,1296.1274326498278,-8.0,120.0,282
2026,1296.1738333896283,0.0,-32.0,112
2027,1296.2442345120837,-24.0,16.0,163
2028,1296.357036310564,16.0,120.0,285
2029,1296.3942369036797,32.0,-104.0,35
2030,1296.406637101385,16.0,88.0,249
2031,1296.490238434301,-24.0,16.0,163
2032,1296.5402392314998,16.0,-16.0,132
2033,1296.6902416230957,16.0,-48.0,96
2034,1296.873844550409,0.0,112.0,274
2035,1296.9066450733715,24.0,112.0,277
2036,1296.9442456728648,-8.0,-64.0,75
2037,1296.9566458705701,-16.0,-48.0,92
2038,1296.9942464700634,16.0,-80.0,60
2039,1297.023846942005,-32.0,88.0,243
2040,1297.0738477392035,32.0,56.0,215
2041,1297.223450124422,-32.0,-88.0,45
2042,1297.2442504560565,24.0,-16.0,133
2043,1297.2774509853966,16.0,128.0,294
2044,1297.457053848934,8.0,-88.0,50
2045,1297.477454174191,8.0,-128.0,5
2046,1297.523454907614,32.0,128.0,296
2047,1297.5782557813436,-32.0,24.0,171
2048,1297.8402599586643,0.0,80.0,238
2049,1297.9110610874975,24.0,-72.0,70
2050,1297.9402615530619,-16.0,16.0,164
2051,1297.9942624140363,24.0,104.0,268
2052,1298.0610634790937,24.0,40.0,196
2053,1298.0734636767988,16.0,-80.0,60
2054,1298.1898655326772,32.0,-64.0,80
2055,1298.1898655326772,8.0,128.0,293
2056,1298.210665864312,-32.0,96.0,252
2057,1298.411069059484,8.0,40.0,194
2058,1298.4234692571893,32.0,56.0,215
2059,1298.6454727967514,24.0,128.0,295
2060,1298.7730748312022,16.0,0.0,150
2061,1298.8402759026371,24.0,72.0,232
2062,1298.8606762278944,32.0,-8.0,143
2063,1298.9234772291757,-8.0,112.0,273
2064,1298.9902782942331,-32.0,-104.0,27
2065,1298.9902782942331,-24.0,48.0,199
2066,1299.060679416689,24.0,64.0,223
2067,1299.2070817508863,8.0,80.0,239
2068,1299.3902846718222,-24.0,48.0,199
2069,1299.4106849970792,0.0,-104.0,31
2070,1299.4902862662195,-24.0,-88.0,46
2071,1299.7570905200714,-24.0,-32.0,109
2072,1299.7570905200714,0.0,-88.0,49
2073,1299.827491642527,-16.0,56.0,209
2074,1299.977494034123,8.0,8.0,158
2075,1300.0774956285204,16.0,8.0,159
2076,1300.1066960940843,0.0,96.0,256
2077,1300.127496425719,-8.0,-24.0,120
2078,1300.390300615795,16.0,-96.0,42
2079,1300.410700941052,32.0,80.0,242
2080,1300.4231011387574,-32.0,-48.0,90
2081,1300.4607017382507,0.0,16.0,166
2082,1300.6735051311282,-8.0,32.0,183
2083,1300.6939054563852,8.0,72.0,230
2084,1300.6939054563852,32.0,48.0,206
2085,1300.706705660468,24.0,-72.0,70
2086,1300.7943070571603,32.0,-120.0,17
2087,1300.8403077905828,-32.0,-56.0,81
2088,1300.86070811584,-32.0,-104.0,27
2089,1301.0107105074358,8.0,-56.0,86
2090,1301.023110705141,16.0,80.0,240
2091,1301.2231138939358,16.0,-40.0,105
2092,1301.2607144934288,0.0,-32.0,112
2093,1301.2731146911342,-24.0,8.0,154
2094,1301.3275155584863,-16.0,-96.0,38
2095,1301.4275171528839,16.0,-96.0,42
2096,1301.439917350589,-32.0,-32.0,108
2097,1301.6439206031594,16.0,32.0,186
2098,1301.6439206031594,-16.0,120.0,281
2099,1301.6563208008647,24.0,112.0,277
2100,1301.7607224654153,-32.0,56.0,207
2101,1301.8067231988382,16.0,-8.0,141
2102,1301.8775243276714,32.0,80.0,242
2103,1301.8775243276714,32.0,0.0,152
2104,1301.8899245253767,16.0,120.0,285
2105,1301.8899245253767,16.0,64.0,222
2106,1301.9439253863513,-16.0,-64.0,74
2107,1301.9563255840565,-24.0,-56.0,82
2108,1302.0063263812553,32.0,-104.0,35
2109,1302.1399285113698,-24.0,120.0,280
2110,1302.2067295764273,16.0,-32.0,114
2111,1302.243930169543,32.0,-120.0,17
2112,1302.3775322996578,-16.0,-32.0,110
2113,1302.4735338302792,-16.0,-24.0,119
2114,1302.5607352205939,-16.0,8.0,155
2115,1302.573135418299,-16.0,0.0,146
2116,1302.6107360177923,-32.0,8.0,153
2117,1302.6567367512152,0.0,-72.0,67
2118,1302.6567367512152,24.0,-56.0,88
2119,1302.689937280555,0.0,80.0,238
2120,1302.8399396721509,-32.0,-80.0,54
2121,1303.1275442576375,32.0,112.0,278
2122,1303.1567447232017,-24.0,-40.0,100
2123,1303.1567447232017,-8.0,-112.0,21
2124,1303.2607463813745,0.0,104.0,265
2125,1303.2899468469388,-24.0,-8.0,136
2126,1303.3231473762785,32.0,72.0,233
2127,1303.527150628849,-16.0,-112.0,20
2128,1303.527150628849,-32.0,-8.0,135
2129,1303.6735529630466,32.0,-48.0,98
2130,1303.7231537538678,-16.0,-16.0,128
2131,1303.7607543533609,-32.0,-8.0,135
2132,1303.8399556161237,8.0,-8.0,140
2133,1303.8895564069448,0.0,-32.0,112
2134,1303.9231569426622,-32.0,-32.0,108
2135,1303.9731577398609,-8.0,-96.0,39
2136,1304.1771609924313,16.0,80.0,240
2137,1304.2567622615716,8.0,120.0,284
2138,1304.2771625868288,32.0,56.0,215
2139,1304.2771625868288,0.0,-48.0,94
2140,1304.3067630587702,16.0,-16.0,132
2141,1304.4067646531676,24.0,-32.0,115
2142,1304.4439652462834,16.0,-24.0,123
2143,1304.5567670447633,-24.0,-64.0,73
2144,1304.6231681034433,-24.0,-88.0,46
2145,1304.6939692322765,-16.0,-80.0,56
2146,1304.7771705588152,8.0,24.0,176
2147,1304.7771705588152,-16.0,-40.0,101
2148,1304.8607718917312,32.0,-80.0,62
2149,1304.9895739453148,-8.0,0.0,147
2150,1305.0271745448083,-16.0,88.0,245
2151,1305.0395747425134,-8.0,40.0,192
2152,1305.1271761392056,-8.0,128.0,291
2153,1305.1567766111473,0.0,56.0,211
2154,1305.1567766111473,16.0,0.0,150
2155,1305.1895771341094,-24.0,-8.0,136
2156,1305.2603782629426,0.0,48.0,202
2157,1305.4103806545388,-8.0,32.0,183
2158,1305.510382248936,-32.0,-48.0,90
2159,1305.806386968352,8.0,-16.0,131
2160,1305.8603878293263,-16.0,-96.0,38
2161,1305.9231888306078,32.0,-96.0,44
2162,1306.039990692864,32.0,-88.0,53
2163,1306.039990692864,24.0,-56.0,88
2164,1306.060391018121,8.0,56.0,212
2165,1306.0899914900626,-32.0,-88.0,45
2166,1306.1103918153194,24.0,0.0,151
2167,1306.1103918153194,-16.0,104.0,263
2168,1306.139992287261,16.0,64.0,222
2169,1306.139992287261,32.0,-104.0,35
2170,1306.2271936775755,-24.0,48.0,199
2171,1306.2771944747744,32.0,-64.0,80
2172,1306.2895946724796,0.0,0.0,148
2173,1306.2895946724796,8.0,-80.0,59
2174,1306.310395004114,0.0,-104.0,31
2175,1306.3603958013127,0.0,-16.0,130
2176,1306.3899962732544,32.0,-80.0,62
2177,1306.506398129133,24.0,32.0,187
2178,1306.6272000551648,0.0,8.0,157
2179,1306.6732007885876,-8.0,16.0,165
2180,1306.8268032375815,16.0,-72.0,69
2181,1306.893604302639,16.0,96.0,258
2182,1306.9064045067219,32.0,72.0,233
2183,1306.9064045067219,0.0,-24.0,121
2184,1306.9064045067219,-24.0,-80.0,55
2185,1306.9436050998377,32.0,-128.0,8
2186,1306.9436050998377,-8.0,88.0,246
2187,1306.9732055717793,-8.0,-112.0,21
2188,1306.9936058970363,-24.0,-64.0,73
2189,1307.0060060947417,32.0,128.0,296
2190,1307.0276064391314,-8.0,16.0,165
2191,1307.0276064391314,16.0,-72.0,69
2192,1307.1228079569976,0.0,96.0,256
2193,1307.193609085831,16.0,0.0,150
2194,1307.4604133396829,0.0,-24.0,121
2195,1307.5564148703043,16.0,-88.0,51
2196,1307.6436162606187,0.0,128.0,292
2197,1307.656016458324,24.0,32.0,187
2198,1308.0564228422907,8.0,104.0,266
2199,1308.406428422681,24.0,-88.0,52
2200,1308.4936298129956,-8.0,-120.0,12
2201,1308.506030010701,32.0,40.0,197
2202,1308.6060316050982,-24.0,-56.0,82
2203,1308.6436322045915,16.0,-48.0,96
2204,1308.7896345324116,-16.0,-128.0,2
2205,1308.856435597469,-32.0,-128.0,0
2206,1308.8768359227258,0.0,-72.0,67
2207,1308.9064363946675,0.0,-40.0,103
2208,1309.060038843662,0.0,-80.0,58
2209,1309.1268399087191,8.0,112.0,275
2210,1309.1268399087191,0.0,40.0,193
2211,1309.1732406485196,-16.0,128.0,290
2212,1309.3604436332312,8.0,-64.0,77
2213,1309.52324622891,16.0,-48.0,96
2214,1309.6396480847886,0.0,-72.0,67
2215,1309.7564499470445,32.0,88.0,251
2216,1309.7768502723015,-16.0,24.0,173
2217,1309.8228510057243,8.0,-40.0,104
2218,1309.943652931756,-32.0,-104.0,27
2219,1310.0396544623775,-32.0,-64.0,72
2220,1310.126855852692,-24.0,0.0,145
2221,1310.206457121832,32.0,-16.0,134
2222,1310.272858180512,-8.0,-128.0,3
2223,1310.272858180512,0.0,-112.0,22
2224,1310.3104587800053,0.0,-72.0,67
2225,1310.5936632953385,0.0,32.0,184
2226,1310.6228637609024,-8.0,112.0,273
2227,1310.710065151217,-8.0,56.0,210
2228,1310.7228653552997,-16.0,-40.0,101
2229,1310.7768662162744,24.0,-64.0,79
2230,1310.7768662162744,24.0,-88.0,52
2231,1310.806466688216,32.0,56.0,215
2232,1311.0436704701262,-32.0,88.0,243
2233,1311.2228733272862,-32.0,-40.0,99
2234,1311.4560770454207,-16.0,-128.0,2
2235,1311.672880502074,0.0,104.0,265
2236,1311.672880502074,-24.0,-8.0,136
2237,1311.8600834867857,32.0,-40.0,107
2238,1311.8600834867857,8.0,-80.0,59
2239,1311.9728852852656,8.0,-8.0,140
2240,1312.043686414099,-8.0,64.0,219
2241,1312.043686414099,-16.0,64.0,218
2242,1312.0728868796632,32.0,0.0,152
2243,1312.1100874727788,16.0,-24.0,123
2244,1312.1100874727788,-32.0,-24.0,117
2245,1312.1396879447207,-24.0,-32.0,109
2246,1312.27249006208,-24.0,112.0,271
2247,1312.27249006208,0.0,-96.0,40
2248,1312.3432911909133,-16.0,112.0,272
2249,1312.3896919307138,24.0,104.0,268
2250,1312.7060969753866,0.0,0.0,148
2251,1312.793298365701,32.0,0.0,152
2252,1312.8896999027002,-16.0,24.0,173
2253,1312.9601010251556,32.0,24.0,179
2254,1313.0433023516944,24.0,-48.0,97
2255,1313.1101034167516,-32.0,-24.0,117
2256,1313.176904481809,32.0,-72.0,71
2257,1313.1893046795142,8.0,-16.0,131
2258,1313.2269052790077,32.0,-96.0,44
2259,1313.2561057445716,32.0,0.0,152
2260,1313.2765060698289,-32.0,56.0,207
2261,1313.2893062739117,32.0,-8.0,143
2262,1313.3269068734048,0.0,-120.0,13
2263,1313.376507664226,-8.0,-72.0,66
2264,1313.4265084614246,-32.0,-48.0,90
2265,1313.4265084614246,-16.0,-120.0,11
2266,1313.5933111208792,32.0,88.0,251
2267,1313.6265116502193,16.0,32.0,186
2268,1314.0061177025514,24.0,-32.0,115
2269,1314.0433182956672,-32.0,-96.0,36
2270,1314.356123282942,-16.0,48.0,200
2271,1314.356123282942,-16.0,8.0,155
2272,1314.3933238760576,24.0,-88.0,52
2273,1314.422924347999,-16.0,128.0,290
2274,1314.4433246732563,-16.0,-80.0,56
2275,1314.7061288633322,-32.0,40.0,189
2276,1314.760129724307,16.0,56.0,213
2277,1314.772529922012,-8.0,-72.0,66
2278,1314.772529922012,-8.0,48.0,201
2279,1314.772529922012,32.0,-56.0,89
2280,1315.0061336465242,-24.0,40.0,190
2281,1315.0061336465242,8.0,16.0,167
2282,1315.1433358340373,-32.0,96.0,252
2283,1315.1893365674598,24.0,32.0,187
2284,1315.1893365674598,-16.0,56.0,209
2285,1315.209736892717,16.0,72.0,231
2286,1315.2225370968,8.0,-56.0,86
2287,1315.2225370968,-16.0,80.0,236
2288,1315.2433374284344,-32.0,-32.0,108
2289,1315.2725378939983,0.0,72.0,229
2290,1315.2929382192556,-24.0,-24.0,118
2291,1315.3601392906905,-32.0,-80.0,54
2292,1315.5765427409663,8.0,-16.0,131
2293,1315.606143212908,-24.0,-96.0,37
2294,1315.626543538165,-24.0,-56.0,82
2295,1315.6725442715876,-8.0,80.0,237
2296,1315.6725442715876,0.0,0.0,148
2297,1315.710144871081,8.0,-24.0,122
2298,1315.8725474603823,24.0,48.0,205
2299,1315.905747989722,24.0,-40.0,106
2300,1315.9265483213567,32.0,8.0,161
2301,1315.9561487932983,-16.0,-40.0,101
2302,1316.010149654273,8.0,40.0,194
2303,1316.022549851978,24.0,-24.0,124
2304,1316.1097512422923,0.0,-40.0,103
2305,1316.1097512422923,-8.0,-24.0,120
2306,1316.1765523073498,-24.0,-32.0,109
2307,1316.2725538379711,-16.0,-32.0,110
2308,1316.6225594183618,-32.0,-24.0,117
2309,1316.6933605471952,0.0,16.0,166
2310,1316.9561647372711,0.0,72.0,229
2311,1316.9761650561506,8.0,-16.0,131
2312,1317.0393660638097,0.0,16.0,166
2313,1317.093366924784,32.0,-48.0,98
2314,1317.2597695778613,8.0,32.0,185
2315,1317.3433709107774,16.0,-88.0,51
2316,1317.3557711084827,-24.0,120.0,280
2317,1317.393371707976,32.0,104.0,269
2318,1317.4765730345146,-24.0,-32.0,109
2319,1317.6433756939693,8.0,-32.0,113
2320,1317.6557758916745,24.0,-56.0,88
2321,1317.7597775498477,-16.0,-48.0,92
2322,1317.822578551129,-24.0,-24.0,118
2323,1317.8557790804691,16.0,-24.0,123
2324,1317.9097799414437,32.0,24.0,179
2325,1317.9221801391488,8.0,48.0,203
2326,1317.9429804707834,8.0,64.0,221
2327,1318.026181797322,-32.0,-120.0,9
2328,1318.0389820014047,-16.0,16.0,164
2329,1318.1261833917195,-24.0,-88.0,46
2330,1318.2261849861166,32.0,-32.0,116
2331,1318.3261865805139,0.0,-120.0,13
2332,1318.3557870524555,24.0,40.0,196
2333,1318.438988378994,32.0,-80.0,62
2334,1318.4765889784874,24.0,80.0,241
2335,1318.5261897693083,8.0,24.0,176
2336,1318.6097911022243,-32.0,-64.0,72
2337,1318.6889923649871,8.0,-120.0,14
2338,1318.7725936979032,8.0,-72.0,68
2339,1319.0889987425765,8.0,24.0,176
2340,1319.1597998714096,-16.0,72.0,227
2341,1319.2930019951468,16.0,48.0,204
2342,1319.3390027285695,0.0,56.0,211
2343,1319.4598046546014,-16.0,-120.0,11
2344,1319.4598046546014,-32.0,104.0,261
2345,1319.5098054518,32.0,-80.0,62
2346,1319.5098054518,-16.0,-56.0,83
2347,1319.5598062489987,8.0,112.0,275
2348,1319.6390075117615,-32.0,-128.0,0
2349,1319.693008372736,24.0,104.0,268
2350,1319.7594094314159,-16.0,-104.0,29
2351,1319.8598110321905,8.0,88.0,248
2352,1319.926612097248,24.0,-16.0,133
2353,1319.95941262021,8.0,120.0,284
2354,1320.1098150181836,-16.0,24.0,173
2355,1320.1930163447223,32.0,-104.0,35
2356,1320.239017078145,24.0,-8.0,142
2357,1320.2762176712608,-24.0,-112.0,19
2358,1320.3430187363183,0.0,-24.0,121
2359,1320.3930195335167,-32.0,56.0,207
2360,1320.405419731222,0.0,120.0,283
2361,1320.438620260562,24.0,-8.0,142
2362,1320.5226215998557,-24.0,-40.0,100
2363,1320.6262232516515,-16.0,-120.0,11
2364,1320.655823723593,-32.0,96.0,252
2365,1320.805826115189,-16.0,-96.0,38
2366,1320.826226440446,16.0,64.0,222
2367,1320.9430283027018,-8.0,-88.0,48
2368,1321.0094293613818,-24.0,16.0,163
2369,1321.1222311598617,-32.0,104.0,261
2370,1321.2054324864005,8.0,40.0,194
2371,1321.2054324864005,32.0,120.0,287
2372,1321.2054324864005,32.0,-8.0,143
2373,1321.4430362746882,-16.0,-32.0,110
2374,1321.522237537451,32.0,-88.0,53
2375,1321.5762383984254,24.0,-128.0,7
2376,1321.5886385961307,0.0,80.0,238
2377,1321.5886385961307,16.0,64.0,222
2378,1321.7722415234443,-24.0,112.0,271
2379,1322.072246306636,32.0,88.0,251
2380,1322.1430474354693,-32.0,32.0,180
2381,1322.2058484367508,16.0,32.0,186
2382,1322.2058484367508,0.0,96.0,256
2383,1322.2262487620078,-24.0,-16.0,127
2384,1322.2262487620078,24.0,-32.0,115
2385,1322.7054564023597,0.0,96.0,256
2386,1322.7930577990517,-24.0,-64.0,73
2387,1322.8722590618142,-16.0,40.0,191
2388,1322.9926609814686,8.0,72.0,230
2389,1323.0222614534102,-16.0,128.0,290
2390,1323.059462046526,-32.0,-32.0,108
2391,1323.1222630478073,24.0,-8.0,142
2392,1323.188664106487,-8.0,56.0,210
2393,1323.2094644381218,8.0,8.0,158
2394,1323.3094660325191,-8.0,88.0,246
2395,1323.3390665044608,-32.0,-120.0,9
2396,1323.3762670975766,-24.0,-8.0,136
2397,1323.5054691575378,0.0,24.0,175
2398,1323.5258694827949,32.0,-128.0,8
2399,1323.6430713514285,-24.0,-16.0,127
2400,1323.6430713514285,-8.0,-24.0,120
2401,1323.7890736792485,-16.0,96.0,254
2402,1323.872275005787,-24.0,40.0,190
2403,1323.8926753310443,-24.0,-8.0,136
2404,1323.8926753310443,32.0,104.0,269
2405,1323.9050755287492,32.0,-24.0,125
2406,1323.9594763961013,24.0,-128.0,7
2407,1324.04267772264,24.0,-8.0,142
2408,1324.07587825198,-32.0,-88.0,45
2409,1324.1262790555563,8.0,8.0,158
2410,1324.1762798527548,24.0,-104.0,34
2411,1324.2218805798,24.0,128.0,295
2412,1324.2218805798,8.0,-120.0,14
2413,1324.2610812048035,24.0,-96.0,43
2414,1324.388283232877,-32.0,128.0,288
2415,1324.4218837685946,16.0,56.0,213
2416,1324.4550842979345,-8.0,-64.0,75
2417,1324.4926848974278,-32.0,112.0,270
2418,1324.6886880224463,0.0,-80.0,58
2419,1324.7926896806196,-8.0,-96.0,39
2420,1324.8554906819013,-16.0,-8.0,137
2421,1324.9054914790997,0.0,16.0,166
2422,1324.9258918043568,-8.0,96.0,255
2423,1325.422299718945,16.0,32.0,186
2424,1325.4927008414006,8.0,-8.0,140
2425,1325.572302110541,-24.0,-128.0,1
2426,1325.572302110541,16.0,80.0,240
2427,1325.672303704938,16.0,-64.0,78
2428,1325.7719052929579,8.0,88.0,248
2429,1325.7719052929579,0.0,-104.0,31
2430,1325.8259061539325,24.0,-128.0,7
2431,1325.959508284047,-16.0,72.0,227
2432,1325.9887087496113,-24.0,104.0,262
2433,1326.3555145978605,8.0,96.0,257
2434,1326.542717582572,24.0,120.0,286
2435,1326.6555193810523,-32.0,32.0,180
2436,1326.6759197063093,-32.0,40.0,189
2437,1326.6883199040144,32.0,-32.0,116
2438,1326.9095234308213,-32.0,-120.0,9
2439,1327.0055249614427,24.0,16.0,169
2440,1327.0595258224173,32.0,64.0,224
2441,1327.2051281438598,-8.0,64.0,219
2442,1327.2551289410583,-16.0,-24.0,119
2443,1327.2927295405516,0.0,-24.0,121
2444,1327.525933258686,-32.0,104.0,261
2445,1327.5555337306278,-32.0,-56.0,81
2446,1327.7591369768206,-16.0,-64.0,74
2447,1327.771537174526,8.0,-80.0,59
2448,1327.809137774019,-24.0,-88.0,46
2449,1327.838738245961,16.0,-96.0,42
2450,1327.8927391069356,32.0,64.0,224
2451,1327.9051393046404,8.0,16.0,167
2452,1328.0759420278712,-16.0,88.0,245
2453,1328.1091425572113,-24.0,-80.0,55
2454,1328.1091425572113,32.0,-120.0,17
2455,1328.275545210288,-16.0,-128.0,2
2456,1328.3259460138645,-32.0,-40.0,99
2457,1328.3719467472872,-32.0,8.0,153
2458,1328.4427478761204,-32.0,56.0,207
2459,1328.671951530479,-32.0,128.0,288
2460,1328.671951530479,0.0,-112.0,22
2461,1328.7427526593121,8.0,-112.0,23
2462,1328.7551528570175,24.0,-48.0,97
2463,1328.7755531822745,-16.0,-80.0,56
2464,1328.8387541899338,32.0,-104.0,35
2465,1328.8591545151908,-16.0,104.0,263
2466,1329.0091569067865,32.0,96.0,260
2467,1329.1551592346066,-24.0,-40.0,100
2468,1329.3051616262026,32.0,24.0,179
2469,1329.5259651466317,0.0,120.0,283
2470,1329.6051664093943,32.0,-88.0,53
2471,1329.7091680675676,8.0,-88.0,50
2472,1329.7551688009903,-32.0,72.0,225
2473,1329.7551688009903,8.0,72.0,230
2474,1329.7923693941061,-32.0,56.0,207
2475,1329.7923693941061,-32.0,-88.0,45
2476,1329.7923693941061,32.0,56.0,215
2477,1329.8719706632464,-32.0,-104.0,27
2478,1329.9047711862088,-32.0,0.0,144
2479,1329.9047711862088,32.0,-112.0,26
2480,1329.9255715178433,-8.0,24.0,174
2481,1329.9383717219262,-16.0,-48.0,92
2482,1329.959172053561,32.0,-88.0,53
2483,1330.2219762436368,-8.0,120.0,282
2484,1330.2923773660925,-24.0,-48.0,91
2485,1330.3383780995155,-16.0,88.0,245
2486,1330.4383796939126,-8.0,-104.0,30
2487,1330.4383796939126,16.0,-56.0,87
2488,1330.5923821492843,32.0,-120.0,17
2489,1330.5923821492843,24.0,-128.0,7
2490,1330.642382946483,-8.0,-8.0,138
2491,1330.6547831441883,24.0,-56.0,88
2492,1330.759184808739,8.0,-72.0,68
2493,1330.7715850064444,-8.0,-32.0,111
2494,1330.7715850064444,-24.0,-8.0,136
2495,1330.9259874681936,-16.0,16.0,164
2496,1330.938387665899,0.0,104.0,265
2497,1331.0051887309564,0.0,96.0,256
2498,1331.0591895919308,-8.0,-24.0,120
2499,1331.2547927105718,32.0,8.0,161
2500,1331.3255938394054,-8.0,96.0,255
2501,1331.4051951085453,16.0,128.0,294
2502,1331.442395701661,16.0,-96.0,42
2503,1331.575997831776,0.0,104.0,265
2504,1331.6719993623974,32.0,-32.0,116
2505,1331.6923996876544,-32.0,-32.0,108
2506,1331.7384004210771,-16.0,-16.0,128
2507,1331.8220017539934,24.0,24.0,178
2508,1331.9092031443079,0.0,-104.0,31
2509,1331.9216033420132,-8.0,16.0,165
2510,1331.9592039415065,-8.0,-72.0,66
2511,1331.9592039415065,-8.0,96.0,255
2512,1331.9716041392116,-8.0,64.0,219
2513,1332.009204738705,24.0,56.0,214
2514,1332.2088079211221,8.0,-104.0,32
2515,1332.2384083930635,-16.0,8.0,155
2516,1332.3256097833782,8.0,72.0,230
2517,1332.3552102553197,-16.0,-112.0,20
2518,1332.4048110461408,16.0,72.0,231
2519,1332.471612111198,-32.0,-96.0,36
2520,1332.5756137693713,-16.0,-104.0,29
2521,1332.6592151022874,-8.0,56.0,210
2522,1332.8092174938831,16.0,-112.0,24
2523,1332.9756201469604,16.0,-24.0,123
2524,1333.0088206763003,24.0,32.0,187
2525,1333.0088206763003,0.0,-120.0,13
2526,1333.0716216775818,24.0,0.0,151
2527,1333.1088222706976,8.0,-72.0,68
2528,1333.175623335755,16.0,-128.0,6
2529,1333.175623335755,0.0,-24.0,121
2530,1333.2588246622936,-32.0,-40.0,99
2531,1333.3052254020938,-16.0,-48.0,92
2532,1333.3424259952096,24.0,0.0,151
2533,1333.4256273217482,32.0,32.0,188
2534,1333.4380275194535,24.0,-120.0,16
2535,1333.4588278510882,0.0,40.0,193
2536,1333.5048285845107,-8.0,-104.0,30
2537,1333.5716296495682,-16.0,88.0,245
2538,1333.6212304403894,32.0,-48.0,98
2539,1333.6420307720239,-24.0,40.0,190
2540,1333.6420307720239,32.0,-112.0,26
2541,1333.8884347006187,24.0,120.0,286
2542,1333.9424355615931,16.0,104.0,267
2543,1334.1256384825292,-32.0,104.0,261
2544,1334.1548389480931,24.0,104.0,268
2545,1334.1752392733501,-32.0,24.0,171
2546,1334.1880394774332,24.0,-104.0,34
2547,1334.2424403447853,-32.0,40.0,189
2548,1334.3752424621446,32.0,64.0,224
2549,1334.3752424621446,-8.0,96.0,255
2550,1334.4756440629196,-8.0,-88.0,48
2551,1334.4756440629196,8.0,48.0,203
2552,1334.6424467223742,-16.0,96.0,254
2553,1334.6424467223742,0.0,-16.0,130
2554,1334.7088477810541,-8.0,128.0,291
2555,1334.7212479787593,-16.0,-48.0,92
2556,1334.9884522389889,-32.0,112.0,270
2557,1334.9884522389889,16.0,-112.0,24
2558,1334.9884522389889,8.0,120.0,284
2559,1335.008852564246,-16.0,-64.0,74
2560,1335.0548532976688,-8.0,96.0,255
2561,1335.2256560208991,-32.0,-104.0,27
2562,1335.2920570795789,16.0,56.0,213
2563,1335.3216575515205,-8.0,-64.0,75
2564,1335.3588581446363,24.0,64.0,223
2565,1335.3588581446363,-16.0,-96.0,38
2566,1335.4588597390339,-24.0,96.0,253
2567,1335.5088605362323,-8.0,-8.0,138
2568,1335.7420642543668,-24.0,-112.0,19
2569,1335.7716647263085,-16.0,96.0,254
2570,1335.7920650515653,-16.0,64.0,218
2571,1335.8716663207056,32.0,0.0,152
2572,1336.0548692416417,32.0,-48.0,98
2573,1336.0920698347572,32.0,24.0,179
2574,1336.2756727620706,-8.0,112.0,273
2575,1336.388074554173,-32.0,-72.0,63
2576,1336.4712758807118,0.0,64.0,220
2577,1336.6048780108265,-16.0,-72.0,65
2578,1336.9752839164742,24.0,112.0,277
2579,1336.9876841141793,32.0,-40.0,107
2580,1337.1588868437873,-16.0,40.0,191
2581,1337.2088876409862,-24.0,32.0,181
2582,1337.2212878386913,16.0,64.0,222
2583,1337.2920889675245,-16.0,-32.0,110
2584,1337.375290294063,-8.0,-16.0,129
2585,1337.4380912953447,-24.0,-56.0,82
2586,1337.504892360402,8.0,-64.0,77
2587,1337.5252926856592,24.0,16.0,169
2588,1337.7212958106777,0.0,120.0,283
2589,1337.8420977367098,0.0,-64.0,76
2590,1337.8420977367098,8.0,64.0,221
2591,1337.9420993311069,-16.0,0.0,146
2592,1338.1089019905617,8.0,128.0,293
2593,1338.1753030492414,24.0,-56.0,88
2594,1338.1753030492414,16.0,-88.0,51
2595,1338.1877032469467,-32.0,0.0,144
2596,1338.2421041142989,0.0,104.0,265
2597,1338.2421041142989,-32.0,40.0,189
2598,1338.391706499517,8.0,112.0,275
2599,1338.4417072967158,-8.0,88.0,246
2600,1338.5049083043748,-16.0,0.0,146
2601,1338.5049083043748,8.0,24.0,176
2602,1338.5753094268305,16.0,-32.0,114
2603,1338.704511486792,-24.0,112.0,271
2604,1338.7253118184265,0.0,80.0,238
2605,1338.7921128834837,24.0,-16.0,133
2606,1338.8549138847654,0.0,-128.0,4
2607,1338.925315007221,16.0,64.0,222
2608,1338.9917160659008,8.0,72.0,230
2609,1339.0585171309583,32.0,-64.0,80
2610,1339.1049178707585,-8.0,-32.0,111
2611,1339.1049178707585,0.0,120.0,283
2612,1339.354521850374,16.0,-32.0,114
2613,1339.3749221756314,24.0,-120.0,16
2614,1339.404522647573,-24.0,0.0,145
2615,1339.6381263720848,-8.0,-112.0,21
2616,1339.742128030258,8.0,16.0,167
2617,1339.8585298861365,-24.0,-56.0,82
2618,1339.8709300838416,0.0,-8.0,139
2619,1339.9085306833351,-8.0,104.0,264
2620,1339.9585314805338,0.0,96.0,256
2621,1339.9881319524754,-8.0,40.0,192
2622,1340.0545330111552,0.0,48.0,202
2623,1340.0749333364122,24.0,0.0,151
2624,1340.0749333364122,16.0,-64.0,78
2625,1340.1253341399884,-8.0,-112.0,21
2626,1340.2381359384685,0.0,-16.0,130
2627,1340.270936461431,-16.0,-48.0,92
2628,1340.270936461431,-16.0,56.0,209
2629,1340.3209372586293,0.0,-72.0,67
2630,1340.3209372586293,0.0,112.0,274
2631,1340.341737590264,8.0,-128.0,5
2632,1340.354537794347,-16.0,88.0,245
2633,1340.42533892318,-32.0,-64.0,72
2634,1340.4545393887443,16.0,80.0,240
2635,1340.5545409831416,24.0,-96.0,43
2636,1340.5917415762574,-8.0,80.0,237
2637,1340.60454178034,-32.0,-96.0,36
2638,1340.6417423734558,24.0,104.0,268
2639,1340.6541425711612,-24.0,128.0,289
2640,1340.7085434385133,-16.0,-24.0,119
2641,1340.7209436362186,-16.0,-48.0,92
2642,1340.8713460341921,32.0,128.0,296
2643,1341.304552941121,32.0,96.0,260
2644,1341.4417551286342,0.0,80.0,238
2645,1341.4541553263393,-16.0,80.0,236
2646,1341.474955657974,-16.0,-40.0,101
2647,1341.5585569908903,16.0,40.0,195
2648,1341.5585569908903,-8.0,-88.0,48
2649,1341.654158515134,0.0,128.0,292
2650,1341.8045609131075,32.0,-64.0,80
2651,1341.9545633047035,-8.0,104.0,264
2652,1341.9545633047035,24.0,-120.0,16
2653,1342.0377646312422,8.0,-104.0,32
2654,1342.058164956499,-32.0,-32.0,108
2655,1342.0709651605819,32.0,112.0,278
2656,1342.108965766453,32.0,128.0,296
2657,1342.258968158049,32.0,88.0,251
2658,1342.270568342999,24.0,8.0,160
2659,1342.337769414434,24.0,-24.0,124
2660,1342.5545728710872,-8.0,-96.0,39
2661,1342.770976321363,-16.0,-112.0,20
2662,1343.154582437471,-24.0,-24.0,118
2663,1343.174982762728,-16.0,-120.0,11
2664,1343.1873829604333,0.0,88.0,247
2665,1343.4545872206627,24.0,-96.0,43
2666,1343.4917878137785,8.0,104.0,266
2667,1343.4917878137785,0.0,-120.0,13
2668,1343.5041880114836,32.0,128.0,296
2669,1343.5925894209308,32.0,-88.0,53
2670,1343.6589904796106,24.0,-80.0,61
2671,1343.7377917359956,32.0,-128.0,8
2672,1343.7749923291115,32.0,120.0,287
2673,1344.0249963151048,16.0,-16.0,132
2674,1344.0373965128101,32.0,128.0,296
2675,1344.0589968571999,32.0,-120.0,17
2676,1344.1041975778674,8.0,112.0,275
2677,1344.1253979158796,-32.0,64.0,216
2678,1344.154198375066,16.0,48.0,204
2679,1344.2710002373221,-32.0,-32.0,108
2680,1344.304200766662,-32.0,0.0,144
2681,1344.3542015638607,32.0,0.0,152
2682,1344.4418029605526,-8.0,80.0,237
2683,1344.6710066149112,24.0,-96.0,43
2684,1344.708207208027,24.0,80.0,241
2685,1344.7878084771673,8.0,120.0,284
2686,1344.8582095996228,24.0,-112.0,25
2687,1344.9582111940204,0.0,-8.0,139
2688,1345.0250122590776,24.0,48.0,205
2689,1345.0582127884174,8.0,-96.0,41
2690,1345.121013789699,-24.0,-64.0,73
2691,1345.1710145868976,-16.0,56.0,209
2692,1345.2082151800134,-16.0,-80.0,56
2693,1345.258215977212,16.0,64.0,222
2694,1345.2706161749174,-16.0,-48.0,92
2695,1345.4042183050321,0.0,72.0,229
2696,1345.4042183050321,32.0,96.0,260
2697,1345.4042183050321,-24.0,-104.0,28
2698,1345.5082199632052,32.0,104.0,269
2699,1345.537820435147,16.0,-96.0,42
2700,1345.7250234198584,-32.0,-8.0,135
2701,1345.7542238854226,-32.0,-16.0,126
2702,1345.937826812736,-16.0,72.0,227
2703,1345.9750274058517,-24.0,80.0,235
2704,1345.9750274058517,-8.0,-120.0,12
2705,1345.987427603557,-24.0,64.0,217
2706,1346.0414284645317,-16.0,-128.0,2
2707,1346.3210329224662,-24.0,-72.0,64
2708,1346.6710385028568,-8.0,-24.0,120
2709,1346.7082390959727,-32.0,16.0,162
2710,1346.7542398293954,16.0,48.0,204
2711,1346.7914404225112,32.0,40.0,197
2712,1346.7914404225112,0.0,104.0,265
2713,1346.837441155934,24.0,128.0,295
2714,1346.859841513079,24.0,64.0,223
2715,1346.8702416788963,24.0,-48.0,97
2716,1346.976643375335,32.0,-80.0,62
2717,1347.0414444085045,32.0,-16.0,134
2718,1347.1874467363245,-24.0,-120.0,10
2719,1347.2078470615813,16.0,-104.0,33
2720,1347.2078470615813,0.0,-16.0,130
2721,1347.4414507860936,-16.0,-56.0,83
2722,1347.4710512580352,-32.0,-32.0,108
2723,1347.5750529162083,32.0,64.0,224
2724,1347.5874531139134,16.0,88.0,249
2725,1347.6914547720867,-8.0,-128.0,3
2726,1347.703854969792,-24.0,-8.0,136
2727,1347.7246553014268,-24.0,-128.0,1
2728,1347.7542557733682,-32.0,-112.0,18
2729,1347.8210568384254,-24.0,-72.0,64
2730,1348.0374602887014,-16.0,-72.0,65
2731,1348.0578606139584,16.0,104.0,267
2732,1348.0706608180412,-8.0,8.0,156
2733,1348.0706608180412,-32.0,-104.0,27
2734,1348.1246616790156,32.0,-64.0,80
2735,1348.2414635412717,-16.0,-112.0,20
2736,1348.2414635412717,-8.0,80.0,237
2737,1348.3374650718931,-32.0,0.0,144
2738,1348.374665665009,0.0,16.0,166
2739,1348.4042661369506,32.0,88.0,251
2740,1348.4370666599127,-8.0,-16.0,129
2741,1348.5746688538034,8.0,120.0,284
2742,1348.7374714494822,0.0,96.0,256
2743,1348.8542733117383,8.0,-48.0,95
2744,1348.8746736369953,24.0,72.0,232
2745,1348.9582749699116,-16.0,-48.0,92
2746,1349.0206759648154,-24.0,-72.0,64
2747,1349.0746768257898,8.0,0.0,149
2748,1349.1206775592127,24.0,-128.0,7
2749,1349.1410778844697,-16.0,-8.0,137
2750,1349.270279944431,24.0,128.0,295
2751,1349.292680301576,16.0,112.0,276
2752,1349.292680301576,8.0,-48.0,95
2753,1349.4870834010842,-24.0,64.0,217
2754,1349.8706895171922,8.0,120.0,284
2755,1350.1042932417042,24.0,-112.0,25
2756,1350.1246935669612,-32.0,-96.0,36
2757,1350.154294038903,-24.0,-80.0,55
2758,1350.154294038903,-32.0,-88.0,45
2759,1350.1914946320187,0.0,-96.0,40
2760,1350.2206950975826,8.0,-8.0,140
2761,1350.2746959585572,-24.0,-112.0,19
2762,1350.3078964878973,-32.0,128.0,288
2763,1350.3374969598387,-32.0,-40.0,99
2764,1350.3374969598387,8.0,40.0,194
2765,1350.5078996766915,-8.0,-24.0,120
2766,1350.5202998743969,8.0,-16.0,131
2767,1350.574700741749,-8.0,96.0,255
2768,1350.620701475172,-8.0,104.0,264
2769,1350.641101800429,-24.0,-48.0,91
2770,1350.6539020045118,-16.0,-8.0,137
2771,1351.0915089815944,-8.0,120.0,282
2772,1351.1039091792995,0.0,128.0,292
2773,1351.1915105759915,-16.0,16.0,164
2774,1351.2539115708955,32.0,72.0,233
2775,1351.3079124318701,-8.0,-104.0,30
2776,1351.3079124318701,-24.0,-40.0,100
2777,1351.3539131652926,-16.0,40.0,191
2778,1351.3539131652926,32.0,40.0,197
2779,1351.3743134905499,24.0,32.0,187
2780,1351.3871136946327,32.0,112.0,278
2781,1351.4707150275487,16.0,128.0,294
2782,1351.7707198107407,24.0,-32.0,115
2783,1351.7911201359975,-16.0,-80.0,56
2784,1351.8207206079394,16.0,16.0,168
2785,1351.8207206079394,24.0,-16.0,133
2786,1352.020323790356,-32.0,72.0,225
2787,1352.0747246577082,-24.0,-8.0,136
2788,1352.1875264561886,0.0,64.0,220
2789,1352.2539275148683,-8.0,128.0,291
2790,1352.291128107984,-8.0,8.0,156
2791,1352.291128107984,-16.0,64.0,218
2792,1352.3539291092654,-8.0,80.0,237
2793,1352.420730174323,0.0,-8.0,139
2794,1352.4535306972853,8.0,-40.0,104
2795,1352.4743310289198,-24.0,32.0,181
2796,1352.5207317687202,-32.0,128.0,288
2797,1352.6243334205158,8.0,16.0,167
2798,1352.6371336245986,0.0,-24.0,121
2799,1352.7911360799703,16.0,-16.0,132
2800,1352.8035362776757,8.0,24.0,176
2801,1352.991139268765,-24.0,-56.0,82
2802,1353.1039410672452,-8.0,120.0,282
2803,1353.1243413925022,-24.0,-88.0,46
2804,1353.137141596585,0.0,48.0,202
2805,1353.2707437267,32.0,-120.0,17
2806,1353.2911440519567,8.0,-32.0,113
2807,1353.303544249662,-16.0,8.0,155
2808,1353.303544249662,-8.0,-64.0,75
2809,1353.370745321097,0.0,-64.0,76
2810,1353.4911472407514,-8.0,96.0,255
2811,1353.57434856729,32.0,40.0,197
2812,1353.7411512267447,-8.0,104.0,264
2813,1353.7743517560846,24.0,-16.0,133
2814,1353.7743517560846,32.0,-40.0,107
2815,1354.0371559461607,8.0,-96.0,41
2816,1354.0371559461607,32.0,120.0,287
2817,1354.1247573428525,-8.0,-120.0,12
2818,1354.1247573428525,16.0,112.0,276
2819,1354.2407591923534,16.0,-88.0,51
2820,1354.3243605252696,24.0,80.0,241
2821,1354.3367607229748,-24.0,8.0,154
2822,1354.391161590327,32.0,-48.0,98
2823,1354.4743629168654,-32.0,24.0,171
2824,1354.5367639117694,8.0,80.0,239
2825,1354.557564243404,32.0,-120.0,17
2826,1354.6243653084614,16.0,-96.0,42
2827,1354.970370825076,8.0,-24.0,122
2828,1354.9907711503329,0.0,128.0,292
2829,1355.003571354416,-32.0,96.0,252
2830,1355.0243716860507,8.0,-64.0,77
2831,1355.087172687332,-8.0,-48.0,93
2832,1355.1907743391275,-8.0,56.0,210
2833,1355.2243748748451,24.0,64.0,223
2834,1355.2243748748451,-8.0,-40.0,102
2835,1355.3243764692425,24.0,-56.0,88
2836,1355.3367766669476,8.0,-56.0,86
2837,1355.3743772664411,-24.0,16.0,163
2838,1355.3867774641465,8.0,48.0,203
2839,1355.487179064921,-32.0,104.0,261
2840,1355.569980385082,-24.0,-120.0,10
2841,1355.569980385082,24.0,-48.0,97
2842,1355.7539833187732,0.0,-120.0,13
2843,1355.9075857677674,16.0,80.0,240
2844,1356.074388427222,24.0,-56.0,88
2845,1356.086788624927,16.0,64.0,222
2846,1356.290791877498,24.0,96.0,259
2847,1356.3035920815805,16.0,-8.0,141
2848,1356.3035920815805,8.0,112.0,275
2849,1356.3035920815805,24.0,64.0,223
2850,1356.3411926810738,32.0,-80.0,62
2851,1356.370393146638,-24.0,-80.0,55
2852,1356.390793471895,8.0,120.0,284
2853,1356.540795863491,-16.0,64.0,218
2854,1356.67039792983,16.0,96.0,258
2855,1356.7075985229455,16.0,56.0,213
2856,1356.7407990522854,-16.0,-88.0,47
2857,1356.7871997920859,24.0,-128.0,7
2858,1356.8244003852017,-32.0,0.0,144
2859,1356.8368005829068,-16.0,-112.0,20
2860,1356.8872013864832,0.0,16.0,166
2861,1356.9244019795988,-24.0,-96.0,37
2862,1356.9908030382785,24.0,96.0,259
2863,1357.0240035676186,24.0,56.0,214
2864,1357.0536040395602,-16.0,16.0,164
2865,1357.2408070242718,24.0,-120.0,16
2866,1357.2704074962135,0.0,-72.0,67
2867,1357.3408086186691,-16.0,-96.0,38
2868,1357.5204114822066,0.0,-56.0,85
2869,1357.5744123431812,0.0,-24.0,121
2870,1357.9704186569945,8.0,64.0,221
2871,1358.0076192501103,8.0,96.0,257
2872,1358.053619983533,-16.0,-24.0,119
2873,1358.07402030879,16.0,112.0,276
2874,1358.1036207807317,16.0,-16.0,132
2875,1358.1240211059887,32.0,64.0,224
2876,1358.1368213100716,-8.0,-56.0,84
2877,1358.2408229682446,24.0,-120.0,16
2878,1358.5076272220967,-8.0,-80.0,57
2879,1358.5536279555195,-8.0,128.0,291
2880,1358.5740282807765,-24.0,24.0,172
2881,1358.7072304045134,32.0,-64.0,80
2882,1358.8204322093713,0.0,-128.0,4
2883,1359.1908381150188,-24.0,-112.0,19
2884,1359.2536391163005,-32.0,112.0,270
2885,1359.420441775755,0.0,104.0,265
2886,1359.440842101012,-8.0,40.0,192
2887,1359.4532422987174,-24.0,-104.0,28
2888,1359.4532422987174,24.0,-24.0,124
2889,1359.6408452898065,-24.0,-112.0,19
2890,1359.7868476176266,-24.0,-16.0,127
2891,1359.8240482107424,24.0,104.0,268
2892,1359.8240482107424,32.0,-112.0,26
2893,1359.853648682684,8.0,120.0,284
2894,1359.8740490079413,16.0,-80.0,60
2895,1359.9036494798827,16.0,120.0,285
2896,1359.9036494798827,32.0,-24.0,125
2897,1359.9240498051397,-8.0,-24.0,120
2898,1359.990850870197,-8.0,0.0,147
2899,1360.2368547924145,-8.0,-64.0,75
2900,1360.407657515645,0.0,32.0,184
2901,1360.4576583128437,8.0,32.0,185
2902,1360.470058510549,24.0,64.0,223
2903,1360.7868635615994,32.0,72.0,233
2904,1360.9408660169713,8.0,72.0,230
2905,1361.0572678728497,24.0,56.0,214
2906,1361.1036686126502,32.0,112.0,278
2907,1361.3032717950668,-8.0,-16.0,129
2908,1361.390873191759,-16.0,72.0,227
2909,1361.4032733894644,-8.0,-80.0,57
2910,1361.424073721099,24.0,-80.0,61
2911,1361.424073721099,16.0,-16.0,132
2912,1361.453274186663,0.0,-72.0,67
2913,1361.453274186663,-16.0,24.0,173
2914,1361.5200752517203,32.0,-40.0,107
2915,1361.5404755769773,-16.0,32.0,182
2916,1361.570076048919,8.0,-88.0,50
2917,1361.603276578259,8.0,-96.0,41
2918,1361.6408771777521,16.0,40.0,195
2919,1361.6700776433163,-8.0,112.0,273
2920,1361.8072798308294,-24.0,80.0,235
2921,1361.8868810999697,-24.0,-96.0,37
2922,1362.0532837530466,8.0,96.0,257
2923,1362.0864842823864,-16.0,24.0,173
2924,1362.0864842823864,24.0,-72.0,70
2925,1362.0864842823864,-24.0,56.0,208
2926,1362.2240864762773,24.0,-32.0,115
2927,1362.3200880068987,32.0,-104.0,35
2928,1362.557291788809,-16.0,-56.0,83
2929,1362.569691986514,16.0,-72.0,69
2930,1362.7072941804047,-8.0,-8.0,138
2931,1362.803295711026,8.0,-128.0,5
2932,1362.803295711026,32.0,-88.0,53
2933,1362.8236960362833,24.0,16.0,169
2934,1363.0028988934432,-24.0,32.0,181
2935,1363.0404994929365,-16.0,-112.0,20
2936,1363.0700999648782,-8.0,-48.0,93
2937,1363.1905018845325,24.0,96.0,259
2938,1363.2405026817312,24.0,72.0,232
2939,1363.2905034789298,-32.0,-24.0,117
2940,1363.33690421873,32.0,48.0,206
2941,1363.3865050095512,-24.0,-96.0,37
2942,1363.4073053411857,-8.0,128.0,291
2943,1363.4573061383844,0.0,88.0,247
2944,1363.4697063360898,16.0,104.0,267
2945,1363.5073069355833,32.0,16.0,170
2946,1363.5197071332884,-16.0,0.0,146
2947,1363.6405090593205,24.0,64.0,223
2948,1363.7405106537176,-16.0,-64.0,74
2949,1363.752910851423,8.0,120.0,284
2950,1364.2365185619283,0.0,-128.0,4
2951,1364.53652334512,24.0,24.0,178
2952,1364.6405250032933,0.0,120.0,283
2953,1364.7573268655492,-8.0,-128.0,3
2954,1364.7865273311131,24.0,48.0,205
2955,1364.8865289255104,8.0,120.0,284
2956,1364.8865289255104,8.0,16.0,167
2957,1364.9069292507675,8.0,-8.0,140
2958,1364.9569300479661,-8.0,16.0,165
2959,1365.0861321079276,-32.0,-16.0,126
2960,1365.1069324395621,32.0,-104.0,35
2961,1365.1069324395621,-24.0,-24.0,118
2962,1365.1905337724781,-16.0,48.0,200
2963,1365.2533347737597,24.0,-16.0,133
2964,1365.357336431933,-24.0,-104.0,28
2965,1365.3905369612728,-16.0,-64.0,74
2966,1365.6737414766058,-16.0,32.0,182
2967,1365.8033435429445,16.0,0.0,150
2968,1365.8865448694833,8.0,8.0,158
2969,1365.9069451947403,-32.0,-112.0,18
2970,1366.0573475927138,24.0,32.0,187
2971,1366.0901481156761,16.0,-112.0,24
2972,1366.102948319759,8.0,-64.0,77
2973,1366.1577491934888,32.0,128.0,296
2974,1366.4033531093285,-32.0,88.0,243
2975,1366.473754231784,32.0,24.0,179
2976,1366.4861544294893,-24.0,-96.0,37
2977,1366.506954761124,-8.0,-8.0,138
2978,1366.6069563555213,-32.0,120.0,279
2979,1366.686157618284,16.0,16.0,168
2980,1366.740558485636,-16.0,16.0,164
2981,1366.7529586833414,32.0,48.0,206
2982,1366.9569619359117,8.0,24.0,176
2983,1367.1033642701095,-32.0,56.0,207
2984,1367.1405648632253,24.0,16.0,169
2985,1367.1529650609302,24.0,-8.0,142
2986,1367.4029690469235,32.0,64.0,224
2987,1367.4737701757567,8.0,24.0,176
2988,1367.486170373462,16.0,104.0,267
2989,1367.6861735622567,8.0,104.0,266
2990,1367.8069754882886,-8.0,-88.0,48
2991,1368.1865815406206,8.0,-112.0,23
2992,1368.2069818658777,16.0,16.0,168
2993,1368.2365823378195,-16.0,88.0,245
2994,1368.2365823378195,-8.0,-8.0,138
2995,1368.2901831924164,-24.0,-104.0,28
2996,1368.3029833964993,-24.0,8.0,154
2997,1368.3737845253324,32.0,104.0,269
2998,1368.4069850546723,8.0,-56.0,86
2999,1368.456985851871,-32.0,-112.0,18
3000,1368.4901863812108,24.0,-120.0,16
3001,1368.5197868531525,-8.0,-16.0,129
3002,1368.5401871784095,0.0,24.0,175
3003,1368.5733877077494,32.0,80.0,242
3004,1368.606988243467,-24.0,0.0,145
3005,1368.7733908965438,16.0,-72.0,69
3006,1368.8237917001202,16.0,-88.0,51
3007,1368.8237917001202,16.0,0.0,150
3008,1368.8361918978255,-8.0,-16.0,129
3009,1368.9237932945175,0.0,56.0,211
3010,1368.9237932945175,-24.0,40.0,190
3011,1368.9361934922226,8.0,-16.0,131
3012,1368.9693940215627,-8.0,-80.0,57
3013,1368.9901943531972,-8.0,80.0,237
3014,1369.03619508662,-8.0,64.0,219
3015,1369.03619508662,32.0,-112.0,26
3016,1369.03619508662,24.0,88.0,250
3017,1369.0737956861135,-8.0,16.0,165
3018,1369.1029961516774,-24.0,120.0,280
3019,1369.1529969488759,32.0,-24.0,125
3020,1369.2401983391906,8.0,-88.0,50
3021,1369.4862022614077,8.0,-24.0,122
3022,1369.5570033902409,32.0,-112.0,26
3023,1369.7070057818369,-16.0,48.0,200
3024,1369.902608900478,-16.0,-80.0,56
3025,1369.99021029717,8.0,-64.0,77
3026,1370.0026104948752,24.0,-88.0,52
3027,1370.02341082651,-32.0,112.0,270
3028,1370.1234124209072,-32.0,-80.0,54
3029,1370.2234140153046,-24.0,-16.0,127
3030,1370.3234156097017,-16.0,56.0,209
3031,1370.3530160816433,0.0,88.0,247
3032,1370.4862182053805,0.0,16.0,166
3033,1370.5194187347206,-8.0,-80.0,57
3034,1370.5194187347206,-16.0,112.0,272
3035,1370.669821132694,-32.0,16.0,162
3036,1370.7070217258097,-24.0,120.0,280
3037,1370.7862229885723,-16.0,-80.0,56
3038,1370.8402238495469,32.0,-40.0,107
3039,1370.8402238495469,-16.0,-120.0,11
3040,1370.9362253801683,32.0,96.0,260
3041,1371.0902278355402,32.0,48.0,206
3042,1371.1026280332455,0.0,24.0,175
3043,1371.253030431219,-16.0,56.0,209
3044,1371.6030360116094,16.0,56.0,213
3045,1371.6234363368665,-8.0,-72.0,66
3046,1371.6530368088079,32.0,56.0,215
3047,1371.7734387284622,8.0,-24.0,122
3048,1371.836239729744,-24.0,-72.0,64
3049,1372.0030423891985,-8.0,-104.0,30
3050,1372.035842912161,0.0,-16.0,130
3051,1372.2026455716154,-32.0,128.0,288
3052,1372.2530463751918,-16.0,-16.0,128
3053,1372.4194490282687,16.0,-16.0,132
3054,1372.4526495576088,-8.0,96.0,255
3055,1372.523450686442,24.0,-32.0,115
3056,1372.5358508841473,16.0,24.0,177
3057,1372.5566512157818,32.0,-96.0,44
3058,1372.5690514134872,32.0,24.0,179
3059,1372.673453078038,24.0,120.0,286
3060,1372.7234538752366,24.0,-96.0,43
3061,1372.819455405858,16.0,-88.0,51
3062,1372.8566559989738,-32.0,-120.0,9
3063,1373.0566591877682,-16.0,72.0,227
3064,1373.6402684926709,-8.0,-96.0,39
3065,1373.7862708204907,24.0,-8.0,142
3066,1373.8694721470295,-32.0,-72.0,63
3067,1373.923473008004,-16.0,16.0,164
3068,1373.923473008004,32.0,-8.0,143
3069,1373.9358732057094,-32.0,-112.0,18
3070,1374.1066759289397,-24.0,120.0,280
3071,1374.1398764582798,0.0,-64.0,76
3072,1374.18627719808,8.0,-72.0,68
3073,1374.2566783205357,24.0,-8.0,142
3074,1374.352679851157,16.0,-8.0,141
3075,1374.373080176414,-16.0,-48.0,92
3076,1374.473481777189,-16.0,-56.0,83
3077,1374.5690833014328,-24.0,-104.0,28
3078,1374.7358859608876,-16.0,32.0,182
3079,1374.785886758086,32.0,40.0,197
3080,1374.8566878869194,32.0,-88.0,53
3081,1375.0562910693363,32.0,-40.0,107
3082,1375.0690912734192,0.0,-72.0,67
3083,1375.089891605054,16.0,96.0,258
3084,1375.3066950617072,-24.0,16.0,163
3085,1375.3190952594125,16.0,8.0,159
3086,1375.456697453303,-32.0,-64.0,72
3087,1375.4690976510083,-16.0,-64.0,74
3088,1375.489897982643,-24.0,104.0,262
3089,1375.5230985119829,16.0,-120.0,15
3090,1375.6359003104628,32.0,16.0,170
3091,1375.7191016370014,8.0,48.0,203
3092,1375.8067030336936,-32.0,24.0,171
3093,1375.8067030336936,8.0,-32.0,113
3094,1375.9527053615136,-32.0,-16.0,126
3095,1376.3899123322185,-16.0,-48.0,92
3096,1376.4859138628399,-32.0,40.0,189
3097,1376.5399147238143,24.0,-104.0,34
3098,1376.6567165860704,-8.0,-40.0,102
3099,1376.706717383269,-8.0,48.0,201
3100,1376.7567181804677,-8.0,96.0,255
3101,1376.7691183781728,32.0,-112.0,26
3102,1376.7899187098076,24.0,80.0,241
3103,1376.7899187098076,-16.0,-16.0,128
3104,1376.8191191753717,16.0,0.0,150
3105,1376.8523197047114,16.0,40.0,195
3106,1376.9191207697688,8.0,120.0,284
3107,1376.939521095026,16.0,-128.0,6
3108,1376.9855218284486,8.0,-16.0,131
3109,1377.1395242838205,-16.0,-96.0,38
3110,1377.289926681794,-24.0,0.0,145
3111,1377.3899282761913,24.0,-32.0,115
3112,1377.4023284738964,24.0,64.0,223
3113,1377.485529800435,-32.0,48.0,198
3114,1377.5231303999285,0.0,72.0,229
3115,1377.5355305976336,8.0,-128.0,5
3116,1377.6399322621846,-32.0,-96.0,36
3117,1377.6399322621846,-16.0,120.0,281
3118,1377.7731343859218,0.0,-48.0,94
3119,1377.8563357124603,8.0,-32.0,113
3120,1377.8859361844018,-32.0,64.0,216
3121,1377.9563373068574,-16.0,-8.0,137
3122,1378.019138308139,32.0,16.0,170
3123,1378.0563389012548,24.0,16.0,169
3124,1378.1063396984534,8.0,-40.0,104
3125,1378.2523420262735,16.0,-88.0,51
3126,1378.2731423579082,-32.0,-128.0,0
3127,1378.2731423579082,-16.0,-24.0,119
3128,1378.3563436844468,8.0,104.0,266
3129,1378.4563452788439,-24.0,128.0,289
3130,1378.4563452788439,0.0,16.0,166
3131,1378.4859457507855,-24.0,24.0,172
3132,1378.5231463439013,24.0,32.0,187
3133,1378.5355465416064,-32.0,8.0,153
3134,1378.5563468732412,24.0,-104.0,34
3135,1378.6191478745227,-8.0,96.0,255
3136,1378.6523484038626,16.0,112.0,276
3137,1378.8563516564332,0.0,72.0,229
3138,1378.969153454913,-24.0,8.0,154
3139,1379.006354048029,32.0,-56.0,89
3140,1379.0691550493104,0.0,-64.0,76
3141,1379.1063556424263,8.0,112.0,275
3142,1379.1359561143677,-32.0,64.0,216
3143,1379.1859569115666,-24.0,-64.0,73
3144,1379.2859585059637,8.0,104.0,266
3145,1379.4399609613356,0.0,112.0,274
3146,1379.452361159041,16.0,-104.0,33
3147,1379.6023635506367,-32.0,-72.0,63
3148,1379.6895649409512,32.0,32.0,188
3149,1379.7019651386563,-16.0,64.0,218
3150,1379.7895665353485,8.0,-72.0,68
3151,1379.8895681297456,8.0,16.0,167
3152,1380.0063699920017,16.0,-120.0,15
3153,1380.0691709932833,-32.0,-64.0,72
3154,1380.0691709932833,8.0,32.0,185
3155,1380.0895713185403,16.0,-128.0,6
3156,1380.2231734486552,24.0,48.0,205
3157,1380.2355736463603,0.0,-32.0,112
3158,1380.373175840251,32.0,40.0,197
3159,1380.435576835155,-32.0,88.0,243
3160,1380.5063779639881,-8.0,-128.0,3
3161,1380.685580821148,-8.0,120.0,282
3162,1380.7395816821227,24.0,0.0,151
3163,1380.8523834806026,-16.0,-80.0,56
3164,1380.9023842778013,-8.0,-56.0,84
3165,1380.9523850750002,-32.0,72.0,225
3166,1381.0231862038333,0.0,40.0,193
3167,1381.0231862038333,16.0,8.0,159
3168,1381.3191909232494,24.0,-96.0,43
3169,1381.3563915163652,-24.0,48.0,199
3170,1381.4355927791278,-32.0,8.0,153
3171,1381.5559946987821,-16.0,16.0,164
3172,1381.5687949028647,-16.0,24.0,173
3173,1381.6063955023583,-8.0,16.0,165
3174,1381.6187957000634,0.0,-112.0,22
3175,1381.6395960316981,24.0,120.0,286
3176,1381.7023970329797,-24.0,-104.0,28
3177,1381.7727981554353,8.0,-56.0,86
3178,1381.7727981554353,8.0,-32.0,113
3179,1381.818798888858,-16.0,-128.0,2
3180,1381.8727997498327,16.0,-32.0,114
3181,1381.8851999475378,16.0,-48.0,96
3182,1381.8851999475378,16.0,24.0,177
3183,1381.9564010827487,-8.0,-72.0,66
3184,1382.0396024092872,0.0,8.0,157
3185,1382.0728029386273,32.0,72.0,233
3186,1382.0852031363324,16.0,40.0,195
3187,1382.202405004966,8.0,120.0,284
3188,1382.2524058021647,24.0,-80.0,61
3189,1382.6188116440362,16.0,120.0,285
3190,1382.6564122435298,32.0,-64.0,80
3191,1382.6564122435298,-24.0,88.0,244
3192,1382.668812441235,32.0,-80.0,62
3193,1382.7064130407284,-8.0,96.0,255
3194,1382.7856143034908,-24.0,-128.0,1
3195,1382.8356151006897,0.0,-8.0,139
3196,1382.9688172244269,16.0,-72.0,69
3197,1383.2688220076186,-24.0,-104.0,28
3198,1383.3228228685932,24.0,24.0,178
3199,1383.368823602016,-24.0,112.0,271
3200,1383.4560249923304,16.0,-48.0,96
3201,1383.4856254642718,24.0,-48.0,97
3202,1383.506025789529,8.0,-112.0,23
3203,1383.5356262614705,-8.0,88.0,246
3204,1383.5560265867277,0.0,-64.0,76
3205,1383.5856270586694,8.0,128.0,293
3206,1383.7020289145476,0.0,16.0,166
3207,1383.7352294438876,-16.0,-8.0,137
3208,1383.7852302410863,-8.0,88.0,246
3209,1383.8396311084384,32.0,96.0,260
3210,1383.9688331683997,8.0,96.0,257
3211,1383.9892334936567,-32.0,104.0,261
3212,1383.9892334936567,-32.0,88.0,243
3213,1384.0560345587141,-8.0,-16.0,129
3214,1384.1724364145925,0.0,0.0,148
3215,1384.3060385447072,24.0,-104.0,34
3216,1384.4060401391043,32.0,-72.0,71
3217,1384.4856414082446,16.0,-48.0,96
3218,1384.5560425307006,8.0,40.0,194
3219,1384.6228435957578,0.0,-80.0,58
3220,1384.722845190155,0.0,24.0,175
3221,1384.8060465166936,16.0,120.0,285
3222,1384.8356469886353,32.0,-112.0,26
3223,1384.872847581751,-24.0,96.0,253
3224,1384.9396486468086,32.0,-104.0,35
3225,1385.0228499733469,24.0,112.0,277
3226,1385.0352501710522,8.0,88.0,248
3227,1385.0352501710522,-16.0,24.0,173
3228,1385.1392518292255,16.0,40.0,195
3229,1385.222453155764,0.0,-24.0,121
3230,1385.222453155764,32.0,-40.0,107
3231,1385.2352533598469,-16.0,-8.0,137
3232,1385.2352533598469,32.0,80.0,242
3233,1385.3688554899616,16.0,-24.0,123
3234,1385.456056880276,8.0,-72.0,68
3235,1385.456056880276,32.0,-72.0,71
3236,1385.5020576136988,0.0,80.0,238
3237,1385.6188594759547,-24.0,80.0,235
3238,1385.6188594759547,-24.0,-72.0,64
3239,1385.6688602731535,32.0,40.0,197
3240,1385.7856621354092,-32.0,-88.0,45
3241,1385.8520631940892,0.0,120.0,283
3242,1385.9072640741965,24.0,128.0,295
3243,1385.9180642463914,0.0,-16.0,130
3244,1386.0572664657923,-24.0,40.0,190
3245,1386.272869903313,32.0,-104.0,35
3246,1386.4892733535887,-16.0,-64.0,74
3247,1386.6188754199275,24.0,40.0,196
3248,1386.6852764786074,24.0,-120.0,16
3249,1386.8892797311778,8.0,32.0,185
3250,1386.8892797311778,8.0,-8.0,140
3251,1386.9852812617992,-32.0,96.0,252
3252,1387.0392821227736,8.0,-80.0,59
3253,1387.3060863766257,8.0,-24.0,122
3254,1387.3520871100484,16.0,48.0,204
3255,1387.4892892975615,8.0,0.0,149
3256,1387.4892892975615,32.0,80.0,242
3257,1387.4892892975615,-16.0,64.0,218
3258,1387.735293219779,-16.0,24.0,173
3259,1388.018497735112,0.0,40.0,193
3260,1388.1560999290025,-8.0,40.0,192
3261,1388.1853003945666,0.0,-8.0,139
3262,1388.2057007198237,-24.0,-32.0,109
3263,1388.3849035769836,-32.0,-24.0,117
3264,1388.422504176477,8.0,-96.0,41
3265,1388.535305974957,-32.0,-88.0,45
3266,1388.535305974957,-16.0,56.0,209
3267,1388.5725065680729,-8.0,-56.0,84
3268,1388.734909157374,32.0,-80.0,62
3269,1388.9185120846873,-8.0,64.0,219
3270,1388.9389124099446,0.0,-104.0,31
3271,1388.9853131497448,24.0,0.0,151
3272,1388.9853131497448,8.0,-112.0,23
3273,1389.0057134750018,8.0,120.0,284
3274,1389.0521142148023,8.0,-88.0,50
3275,1389.0521142148023,-16.0,-48.0,92
3276,1389.1849163321617,-24.0,-120.0,10
3277,1389.5057214469882,32.0,-104.0,35
3278,1389.5853227161285,24.0,-88.0,52
3279,1389.5853227161285,24.0,-48.0,97
3280,1389.7889259623214,8.0,96.0,257
3281,1389.8685272314617,16.0,-96.0,42
3282,1390.1225312812307,24.0,-16.0,133
3283,1390.235333079711,16.0,24.0,177
3284,1390.335334674108,-16.0,-112.0,20
3285,1390.3893355350826,-16.0,-48.0,92
3286,1390.48933712948,0.0,88.0,247
3287,1390.518537595044,8.0,120.0,284
3288,1390.6017389215824,16.0,-32.0,114
3289,1390.639339521076,8.0,96.0,257
3290,1390.688940311897,-24.0,0.0,145
3291,1390.7221408412368,32.0,-112.0,26
3292,1390.7221408412368,0.0,8.0,157
3293,1390.7349410453196,-8.0,-112.0,21
3294,1390.801742110377,0.0,96.0,256
3295,1390.834942639717,24.0,-72.0,70
3296,1390.8557429713517,0.0,-48.0,94
3297,1390.9057437685503,-16.0,24.0,173
3298,1390.9057437685503,-24.0,72.0,226
3299,1390.9725448336076,24.0,40.0,196
3300,1391.0057453629474,-16.0,8.0,155
3301,1391.1225472252036,24.0,80.0,241
3302,1391.218548755825,-24.0,24.0,172
3303,1391.218548755825,0.0,88.0,247
3304,1391.3349506117033,0.0,8.0,157
3305,1391.518553539017,-24.0,88.0,244
3306,1391.5725543999913,-24.0,-40.0,100
3307,1391.6685559306127,8.0,-96.0,41
3308,1392.0185615110033,-8.0,-96.0,39
3309,1392.0185615110033,8.0,128.0,293
3310,1392.2181646934202,-24.0,-24.0,118
3311,1392.3889674166505,32.0,-96.0,44
3312,1392.455768481708,-24.0,-72.0,64
3313,1392.484968947272,8.0,-64.0,77
3314,1392.5221695403877,24.0,-104.0,34
3315,1392.5517700123294,0.0,40.0,193
3316,1392.5721703375866,-24.0,56.0,208
3317,1392.6349713388681,-32.0,-120.0,9
3318,1392.7017724039254,32.0,-72.0,71
3319,1392.7389729970412,-32.0,56.0,207
3320,1392.772173526381,24.0,-128.0,7
3321,1392.7845737240864,-16.0,-120.0,11
3322,1392.805374055721,32.0,16.0,170
3323,1392.8181742598038,-8.0,48.0,201
3324,1392.9557764536944,-24.0,-40.0,100
3325,1392.9681766513997,-32.0,112.0,270
3326,1392.9889769830345,8.0,-96.0,41
3327,1393.055778048092,-16.0,104.0,263
3328,1393.068178245797,16.0,-56.0,87
3329,1393.068178245797,16.0,104.0,267
3330,1393.1513795723356,-32.0,-80.0,54
3331,1393.1721799039701,32.0,-72.0,71
3332,1393.2349809052516,0.0,56.0,211
3333,1393.5057852228795,-24.0,-120.0,10
3334,1393.5681862177835,-8.0,0.0,147
3335,1393.6057868172768,-8.0,-96.0,39
3336,1393.618187014982,-24.0,-72.0,64
3337,1393.6721878759565,16.0,-56.0,87
3338,1393.6845880736619,16.0,-32.0,114
3339,1393.918191798174,8.0,56.0,212
3340,1393.9721926591485,8.0,-120.0,14
3341,1394.03499366043,-8.0,40.0,192
3342,1394.0721942535458,-16.0,-128.0,2
3343,1394.2681973785643,-16.0,-88.0,47
3344,1394.5682021617563,8.0,-104.0,32
3345,1394.5886024870133,32.0,80.0,242
3346,1394.8018058862683,32.0,-24.0,125
3347,1395.0014090686855,16.0,0.0,150
3348,1395.1054107268583,8.0,120.0,284
3349,1395.2054123212558,-32.0,-40.0,99
3350,1395.2350127931973,24.0,40.0,196
3351,1395.2350127931973,-24.0,88.0,244
3352,1395.2554131184545,32.0,-16.0,134
3353,1395.2554131184545,0.0,8.0,157
3354,1395.3390144513705,0.0,-56.0,85
3355,1395.4054155100505,-32.0,72.0,225
3356,1395.4054155100505,16.0,-104.0,33
3357,1395.4682165113318,24.0,32.0,187
3358,1395.4682165113318,8.0,-112.0,23
3359,1395.5346175700115,-24.0,56.0,208
3360,1395.5346175700115,24.0,80.0,241
3361,1395.6718197575246,8.0,-40.0,104
3362,1395.7386208225819,-32.0,-56.0,81
3363,1395.7682212945235,-16.0,56.0,209
3364,1395.9850247511768,-8.0,56.0,210
3365,1396.005425076434,16.0,88.0,249
3366,1396.005425076434,16.0,-80.0,60
3367,1396.0350255483756,-16.0,32.0,182
3368,1396.0722261414915,8.0,-72.0,68
3369,1396.1886279973698,-24.0,120.0,280
3370,1396.1886279973698,-32.0,112.0,270
3371,1396.2014282014525,-8.0,0.0,147
3372,1396.3222301274845,-32.0,-32.0,108
3373,1396.3682308609073,8.0,80.0,239
3374,1396.3682308609073,0.0,80.0,238
3375,1396.418231658106,32.0,40.0,197
3376,1396.4722325190805,-24.0,-128.0,1
3377,1396.4846327167857,24.0,-128.0,7
3378,1396.5178332461257,32.0,-64.0,80
3379,1396.6886359693563,24.0,-88.0,52
3380,1396.9850406951496,16.0,32.0,186
3381,1397.005041014029,32.0,-32.0,116
3382,1397.0178412181122,0.0,80.0,238
3383,1397.0886423469453,-16.0,-40.0,101
3384,1397.3346462691625,-16.0,-16.0,128
3385,1397.4386479273358,8.0,72.0,230
3386,1397.5886503189317,8.0,-16.0,131
3387,1397.6182507908732,8.0,-96.0,41
3388,1397.6722516518478,-32.0,72.0,225
3389,1397.6722516518478,0.0,96.0,256
3390,1397.7346526467518,-16.0,-96.0,38
3391,1397.7550529720088,0.0,48.0,202
3392,1397.7886535077264,-8.0,104.0,264
3393,1397.867854770489,24.0,56.0,214
3394,1397.8886551021235,-32.0,64.0,216
3395,1397.9386558993222,16.0,64.0,222
3396,1398.0886582909181,0.0,-24.0,121
3397,1398.1010584886233,-16.0,104.0,263
3398,1398.121858820258,24.0,96.0,259
3399,1398.1514592921997,32.0,-56.0,89
3400,1398.1718596174567,-24.0,72.0,226
3401,1398.2182603572571,-24.0,-32.0,109
3402,1398.238660682514,-16.0,128.0,290
3403,1398.2510608802193,16.0,-128.0,6
3404,1398.3178619452767,0.0,72.0,229
3405,1398.4682643432502,8.0,80.0,239
3406,1398.6886678573019,16.0,-64.0,78
3407,1398.7346685907246,-8.0,8.0,156
3408,1398.7718691838404,32.0,-88.0,53
3409,1398.7842693815458,8.0,88.0,248
3410,1398.8218699810388,16.0,8.0,159
3411,1398.9054713139553,-8.0,-96.0,39
3412,1399.0514736417751,-32.0,8.0,153
3413,1399.371878750224,-16.0,88.0,245
3414,1399.4346797515057,32.0,-104.0,35
3415,1399.4550800767624,0.0,112.0,274
3416,1399.5178810780442,24.0,-120.0,16
3417,1399.5846821431014,0.0,80.0,238
3418,1399.6342829339226,24.0,-56.0,88
3419,1399.7678850640373,0.0,-64.0,76
3420,1399.834286122717,8.0,40.0,194
3421,1399.8886869900691,-8.0,-96.0,39
3422,1399.9010871877745,-8.0,-40.0,102
3423,1399.9678882528317,-16.0,128.0,290
3424,1400.2550928319408,-16.0,88.0,245
3425,1400.3014935717413,0.0,104.0,265
3426,1400.338694164857,-32.0,80.0,234
3427,1400.4178954276197,24.0,-120.0,16
3428,1400.4382957528767,0.0,-88.0,49
3429,1400.5218970857927,-8.0,24.0,174
3430,1400.5678978192157,16.0,-48.0,96
3431,1400.65509920953,24.0,-8.0,142
3432,1400.7010999429529,24.0,-120.0,16
3433,1400.7010999429529,-16.0,-104.0,29
3434,1400.738700542446,-24.0,104.0,262
3435,1400.805101601126,-24.0,0.0,145
3436,1400.805101601126,32.0,-120.0,17
3437,1400.8551023983246,-24.0,40.0,190
3438,1400.86750259603,-16.0,-40.0,101
3439,1400.8883029276644,-16.0,24.0,173
3440,1401.1551071815163,32.0,0.0,152
3441,1401.1675073792217,8.0,112.0,275
3442,1401.4887125004257,-16.0,-72.0,65
3443,1401.5347132338484,-16.0,-40.0,101
3444,1401.5551135591056,32.0,-8.0,143
3445,1401.617914560387,8.0,56.0,212
3446,1401.6383148856441,-24.0,40.0,190
3447,1401.7551167479,24.0,120.0,286
3448,1401.8011174813228,-8.0,-32.0,111
3449,1401.8343180106626,24.0,64.0,223
3450,1401.871918610156,-8.0,-48.0,93
3451,1401.9551199366945,-32.0,-80.0,54
3452,1402.0343211994573,16.0,-64.0,78
3453,1402.0675217287971,-16.0,-48.0,92
3454,1402.0883220604317,0.0,-8.0,139
3455,1402.171923393348,24.0,-120.0,16
3456,1402.201123858912,-8.0,24.0,174
3457,1402.2215241841689,-32.0,-88.0,45
3458,1402.2843251854506,-16.0,64.0,218
3459,1402.4175273091878,24.0,48.0,205
3460,1402.4383276408223,-16.0,104.0,263
3461,1402.5219289737383,16.0,40.0,195
3462,1402.5511294393023,16.0,64.0,222
3463,1402.6175304979822,8.0,72.0,230
3464,1402.7883332212127,16.0,128.0,294
3465,1402.8215337505528,16.0,24.0,177
3466,1402.9343355490328,32.0,-128.0,8
3467,1402.9551358806673,-32.0,0.0,144
3468,1403.1843395350259,8.0,-56.0,86
3469,1403.1843395350259,-8.0,96.0,255
3470,1403.3219417289165,-8.0,-64.0,75
3471,1403.6011461804737,0.0,-48.0,94
3472,1403.621546505731,32.0,-8.0,143
3473,1403.6679472455312,-16.0,-32.0,110
3474,1403.6883475707884,-32.0,-32.0,108
3475,1403.7843491014098,-32.0,32.0,180
3476,1403.8047494266666,16.0,72.0,231
3477,1403.9179512315245,0.0,32.0,184
3478,1404.0047526154613,8.0,64.0,221
3479,1404.3011573412548,32.0,-128.0,8
3480,1404.4715600581078,32.0,-64.0,80
3481,1404.6383627175626,32.0,56.0,215
3482,1404.6507629152677,32.0,0.0,152
3483,1404.6507629152677,32.0,-40.0,107
3484,1404.6715632469022,-32.0,-80.0,54
3485,1404.7511645160425,-16.0,-112.0,20
3486,1405.08836989235,0.0,88.0,247
3487,1405.251172488029,-16.0,-48.0,92
3488,1405.3175735467087,24.0,0.0,151
3489,1405.4051749434009,8.0,96.0,257
3490,1405.6047781258178,16.0,-120.0,15
3491,1405.6175783299007,16.0,-64.0,78
3492,1405.671579190875,32.0,88.0,251
3493,1405.8047813146122,-16.0,-80.0,56
3494,1405.8047813146122,-32.0,-96.0,36
3495,1405.8171815123176,-16.0,128.0,290
3496,1405.8379818439523,-24.0,72.0,226
3497,1405.9047829090098,-8.0,-16.0,129
3498,1406.037985032747,16.0,-16.0,132
3499,1406.0507852368298,-8.0,-72.0,66
3500,1406.0715855684643,-32.0,112.0,270
3501,1406.3507900200216,-32.0,-32.0,108
3502,1406.3711903452786,16.0,-88.0,51
3503,1406.3839905493614,-8.0,88.0,246
3504,1406.4547916781946,-24.0,64.0,217
3505,1406.4671918759,0.0,16.0,166
3506,1406.521592743252,0.0,80.0,238
3507,1406.5879938019318,24.0,88.0,250
3508,1406.6343945417323,-32.0,-24.0,117
3509,1406.8379977879251,32.0,-72.0,71
3510,1407.0380009767198,8.0,120.0,284
3511,1407.0676014486612,16.0,-56.0,87
3512,1407.0676014486612,24.0,-96.0,43
3513,1407.0676014486612,24.0,56.0,214
3514,1407.1716031068343,32.0,-56.0,89
3515,1407.2672046310784,32.0,-120.0,17
3516,1407.2880049627129,-16.0,112.0,272
3517,1407.4672078198728,0.0,40.0,193
3518,1407.504808419366,8.0,128.0,293
3519,1407.5344088913077,-8.0,72.0,228
3520,1407.5880097459046,32.0,-24.0,125
3521,1407.60040994361,32.0,24.0,179
3522,1407.6672110086672,-32.0,24.0,171
3523,1407.7716126732182,-16.0,-48.0,92
3524,1407.7840128709233,32.0,96.0,260
3525,1407.9176150010383,24.0,0.0,151
3526,1407.9672157918592,-24.0,24.0,172
3527,1408.0380169206926,32.0,24.0,179
3528,1408.067617392634,-8.0,-112.0,21
3529,1408.1048179857498,32.0,-96.0,44
3530,1408.1048179857498,-32.0,0.0,144
3531,1408.1508187191725,16.0,112.0,276
3532,1408.1880193122884,-24.0,16.0,163
3533,1408.2840208429097,-16.0,16.0,164
3534,1408.3504219015897,-16.0,0.0,146
3535,1408.4508235023643,32.0,8.0,161
3536,1408.5176245674218,16.0,120.0,285
3537,1408.6340264233004,-24.0,112.0,271
3538,1408.6880272842748,24.0,-40.0,106
3539,1408.7004274819801,-16.0,-48.0,92
3540,1408.7548283493322,-32.0,-16.0,126
3541,1409.0340328008892,-16.0,-128.0,2
3542,1409.0544331261465,-24.0,104.0,262
3543,1409.1008338659467,24.0,72.0,232
3544,1409.1548347269213,32.0,80.0,242
3545,1409.200835460344,-8.0,96.0,255
3546,1409.2544363149411,-24.0,-56.0,82
3547,1409.3676381197988,24.0,-88.0,52
3548,1409.4176389169975,-16.0,32.0,182
3549,1409.6172420994142,8.0,96.0,257
3550,1409.7048434961064,24.0,-80.0,61
3551,1409.7172436938117,24.0,-96.0,43
3552,1409.7380440254462,24.0,88.0,250
3553,1409.9336471440872,8.0,88.0,248
3554,1409.954447475722,24.0,-88.0,52
3555,1410.1008498099195,8.0,16.0,167
3556,1410.1544506645164,-16.0,-80.0,56
3557,1410.184051136458,16.0,16.0,168
3558,1410.600857781906,-32.0,-96.0,36
3559,1410.6212581071632,32.0,-88.0,53
3560,1410.6840591084444,-8.0,104.0,264
3561,1410.738059969419,-32.0,48.0,198
3562,1410.7840607028418,8.0,-40.0,104
3563,1410.9508633622963,-24.0,120.0,280
3564,1411.0008641594952,8.0,-56.0,86
3565,1411.054465014092,16.0,-120.0,15
3566,1411.1172660153734,24.0,-40.0,106
3567,1411.2044674056879,0.0,48.0,202
3568,1411.2712684707453,-32.0,72.0,225
3569,1411.2836686684507,-24.0,-48.0,91
3570,1411.3508697398856,24.0,104.0,268
3571,1411.5340726608213,-32.0,-8.0,135
3572,1411.6044737832772,-8.0,-24.0,120
3573,1411.6044737832772,-24.0,-88.0,46
3574,1411.6340742552188,32.0,-48.0,98
3575,1411.8212772399304,-16.0,48.0,200
3576,1411.9172787705518,24.0,-80.0,61
3577,1411.9376790958088,24.0,-112.0,25
3578,1412.000880103468,-8.0,128.0,291
3579,1412.2504840830834,0.0,56.0,211
3580,1412.4044865384553,-32.0,120.0,279
3581,1412.4712876035128,-32.0,-88.0,45
3582,1412.5172883369355,-16.0,56.0,209
3583,1412.5880894657687,-24.0,120.0,280
3584,1412.6172899313326,-32.0,120.0,279
3585,1412.7380918573647,-8.0,-128.0,3
3586,1412.7876926481856,24.0,104.0,268
3587,1413.0212963726976,-8.0,-112.0,21
3588,1413.117297903319,-24.0,0.0,145
3589,1413.2168994913388,-8.0,16.0,165
3590,1413.5045040768255,16.0,-24.0,123
3591,1413.5337045423894,24.0,112.0,277
3592,1413.5337045423894,-8.0,-120.0,12
3593,1413.7001071954667,16.0,-56.0,87
3594,1413.733707731184,-8.0,16.0,165
3595,1413.7545080628188,24.0,0.0,151
3596,1413.8505095934402,-32.0,-128.0,0
3597,1413.9173106584974,-8.0,56.0,210
3598,1413.967311455696,16.0,32.0,186
3599,1413.987711780953,24.0,32.0,187
3600,1414.0001119786584,-32.0,112.0,270
3601,1414.1877149697477,0.0,-48.0,94
3602,1414.1877149697477,32.0,-16.0,134
3603,1414.200115167453,16.0,-104.0,33
3604,1414.2209154990876,24.0,-64.0,79
3605,1414.267316238888,8.0,80.0,239
3606,1414.7213234774515,8.0,80.0,239
3607,1414.7213234774515,-32.0,16.0,162
3608,1414.7505239430154,16.0,128.0,294
3609,1414.7709242682727,-8.0,-48.0,93
3610,1414.9005263346114,-8.0,96.0,255
3611,1414.9005263346114,32.0,56.0,215
3612,1414.9209266598684,-24.0,-88.0,46
3613,1414.9541271892085,-32.0,56.0,207
3614,1414.9541271892085,24.0,8.0,160
3615,1414.9541271892085,32.0,-104.0,35
3616,1414.9837276611502,-32.0,-64.0,72
3617,1415.0377285221246,-16.0,40.0,191
3618,1415.2877325081176,0.0,104.0,265
3619,1415.300132705823,-24.0,64.0,217
3620,1415.300132705823,16.0,32.0,186
3621,1415.4377348997136,8.0,-72.0,68
3622,1415.4669353652775,16.0,-16.0,132
3623,1415.5169361624762,24.0,-32.0,115
3624,1415.6209378206495,-16.0,112.0,272
3625,1415.6709386178482,-32.0,112.0,270
3626,1415.7545399507644,-24.0,104.0,262
3627,1415.7545399507644,8.0,-16.0,131
3628,1415.7837404163283,-8.0,32.0,183
3629,1415.8709418066426,24.0,112.0,277
3630,1415.883342004348,16.0,-32.0,114
3631,1415.9041423359827,-32.0,0.0,144
3632,1416.0005438729816,-8.0,48.0,201
3633,1416.0545447339562,24.0,8.0,160
3634,1416.2209473870332,-8.0,80.0,237
3635,1416.354549517148,0.0,56.0,211
3636,1416.3837499827118,0.0,-80.0,58
3637,1416.404150307969,8.0,64.0,221
3638,1416.500551844968,0.0,-120.0,13
3639,1416.7337555631025,24.0,88.0,250
3640,1416.7541558883595,-24.0,-40.0,100
3641,1416.7669560924423,32.0,32.0,188
3642,1416.8001566217822,8.0,40.0,194
3643,1416.9333587455194,-24.0,-88.0,46
3644,1417.1501622021726,-16.0,88.0,245
3645,1417.1709625338074,-16.0,16.0,164
3646,1417.21696326723,-32.0,-16.0,126
3647,1417.3041646575443,24.0,-128.0,7
3648,1417.3665656524483,-16.0,-72.0,65
3649,1417.3665656524483,8.0,88.0,248
3650,1417.450566991742,-8.0,56.0,210
3651,1417.5169680504218,32.0,-32.0,116
3652,1417.5169680504218,-32.0,24.0,171
3653,1417.5541686435377,-16.0,-56.0,83
3654,1417.654170237935,0.0,-56.0,85
3655,1417.7669720364152,-16.0,16.0,164
3656,1417.7873723616722,24.0,-40.0,106
3657,1417.8709736945882,8.0,112.0,275
3658,1417.9169744280111,-32.0,112.0,270
3659,1418.0041758183254,-8.0,128.0,291
3660,1418.0877771512414,-8.0,-48.0,93
3661,1418.120577674204,-16.0,-80.0,56
3662,1418.2377795428376,-16.0,-8.0,137
3663,1418.3165807992225,8.0,88.0,248
3664,1418.3709816665746,24.0,-104.0,34
3665,1418.4169823999976,24.0,120.0,286
3666,1418.5165839880171,8.0,-56.0,86
3667,1418.5165839880171,-32.0,-16.0,126
3668,1418.637385914049,32.0,-88.0,53
3669,1418.6669863859906,-16.0,0.0,146
3670,1418.6669863859906,-24.0,120.0,280
3671,1418.766987980388,-32.0,8.0,153
3672,1418.904190167901,-32.0,56.0,207
3673,1418.9165903656062,0.0,-96.0,40
3674,1418.9165903656062,-8.0,-64.0,75
3675,1418.9373906972407,-32.0,-80.0,54
3676,1418.9873914944396,0.0,-88.0,49
3677,1419.06699276358,-32.0,-24.0,117
3678,1419.166994357977,-8.0,-40.0,102
3679,1419.316996749573,8.0,128.0,293
3680,1419.33739707483,32.0,-72.0,71
3681,1419.3497972725354,24.0,80.0,241
3682,1419.4541989370862,-32.0,120.0,279
3683,1419.4541989370862,-8.0,-80.0,57
3684,1419.500199670509,32.0,-32.0,116
3685,1419.520599995766,16.0,40.0,195
3686,1419.6498020557272,8.0,-72.0,68
3687,1419.7206031845603,-24.0,-128.0,1
3688,1419.8002044537006,-8.0,64.0,219
3689,1419.8834057802392,24.0,112.0,277
3690,1419.9834073746365,8.0,8.0,158
3691,1420.3710135545202,-16.0,-8.0,137
3692,1420.4170142879432,-24.0,96.0,253
3693,1420.47061514254,-32.0,-112.0,18
3694,1420.587417004796,-8.0,-128.0,3
3695,1420.587417004796,16.0,16.0,168
3696,1420.7002188032764,32.0,-72.0,71
3697,1420.8334209270135,24.0,104.0,268
3698,1420.8334209270135,-16.0,-48.0,92
3699,1421.000223586468,-16.0,-96.0,38
3700,1421.1170254487242,-8.0,-72.0,66
3701,1421.2502275724612,-24.0,56.0,208
3702,1421.2706278977182,0.0,16.0,166
3703,1421.3002283696599,-8.0,24.0,174
3704,1421.4206302893142,24.0,72.0,232
3705,1421.4538308186543,-8.0,-88.0,48
3706,1421.554232419429,-32.0,8.0,153
3707,1421.5666326171342,8.0,-48.0,95
3708,1421.6538340074485,8.0,-56.0,86
3709,1421.6666342115313,8.0,-16.0,131
3710,1421.737435340365,16.0,-120.0,15
3711,1421.8834376681848,-24.0,-56.0,82
3712,1421.9502387332423,-32.0,72.0,225
3713,1421.987439326358,24.0,80.0,241
3714,1421.9998395240632,32.0,104.0,269
3715,1422.0542403914153,8.0,8.0,158
3716,1422.1374417179538,-24.0,-24.0,118
3717,1422.1374417179538,0.0,-8.0,139
3718,1422.1498419156592,16.0,0.0,150
3719,1422.2206430444924,-32.0,-40.0,99
3720,1422.4038459654282,24.0,96.0,259
3721,1422.5834488289659,16.0,-112.0,24
3722,1422.6038491542229,16.0,-72.0,69
3723,1422.950254677215,24.0,-80.0,61
3724,1422.9874552703309,32.0,0.0,152
3725,1422.999855468036,-8.0,-104.0,30
3726,1423.0374560675295,-32.0,-24.0,117
3727,1423.2038587206066,-24.0,-8.0,136
3728,1423.2706597856638,-8.0,104.0,264
3729,1423.2706597856638,-24.0,-32.0,109
3730,1423.2706597856638,-8.0,-64.0,75
3731,1423.2830599833692,-8.0,96.0,255
3732,1423.3998618456253,-32.0,-24.0,117
3733,1423.666666099477,-8.0,-40.0,102
3734,1423.7374672283106,16.0,48.0,204
3735,1423.849869020413,-32.0,32.0,180
3736,1423.8870696135289,0.0,40.0,193
3737,1423.9370704107273,-32.0,72.0,225
3738,1423.9666708826692,16.0,-64.0,78
3739,1423.9666708826692,24.0,-64.0,79
3740,1424.3206765268353,-32.0,-56.0,81
3741,1424.3206765268353,-16.0,56.0,209
3742,1424.3498769923995,32.0,-40.0,107
3743,1424.3702773176565,0.0,120.0,283
3744,1424.4334783253155,-24.0,-24.0,118
3745,1424.5334799197126,8.0,-56.0,86
3746,1424.6166812462513,-24.0,80.0,235
3747,1424.7206829044244,16.0,64.0,222
3748,1424.7206829044244,0.0,-8.0,139
3749,1424.7206829044244,-8.0,104.0,264
3750,1424.8706852960204,0.0,-112.0,22
3751,1424.8998857615845,16.0,120.0,285
3752,1425.1206892820137,8.0,-48.0,95
3753,1425.4038937973467,8.0,16.0,167
3754,1425.4330942629108,-8.0,32.0,183
3755,1425.5370959210838,-8.0,128.0,291
3756,1425.6830982489041,-24.0,16.0,163
3757,1425.8167003790186,-8.0,24.0,174
3758,1425.8707012399932,32.0,48.0,206
3759,1425.9831030320959,-32.0,0.0,144
3760,1426.0035033573527,-8.0,80.0,237
3761,1426.0703044224101,-32.0,-104.0,27
3762,1426.1499056915504,8.0,-80.0,59
3763,1426.2539073497237,-16.0,-128.0,2
3764,1426.2999080831464,24.0,40.0,196
3765,1426.3203084084034,0.0,-64.0,76
3766,1426.4667107426012,-16.0,24.0,173
3767,1426.487111067858,0.0,8.0,157
3768,1426.5703123943965,32.0,16.0,170
3769,1426.5827125921019,-16.0,40.0,191
3770,1426.6539137273126,32.0,120.0,287
3771,1426.666313925018,0.0,56.0,211
3772,1426.666313925018,8.0,24.0,176
3773,1426.6871142566526,24.0,104.0,268
3774,1426.7331149900754,-16.0,120.0,281
3775,1426.7535153153324,-8.0,96.0,255
3776,1426.9163179110112,0.0,-128.0,4
3777,1426.949518440351,24.0,32.0,187
3778,1427.1039209021005,-16.0,112.0,272
3779,1427.2371230258377,0.0,64.0,220
3780,1427.2663234914016,16.0,48.0,204
3781,1427.333124556459,-24.0,-88.0,46
3782,1427.3871254174337,24.0,-112.0,25
3783,1427.536727802652,-8.0,-8.0,138
3784,1427.7831317312468,-24.0,-24.0,118
3785,1427.8035320565039,-8.0,120.0,282
3786,1427.9663346521827,8.0,128.0,293
3787,1427.9995351815226,0.0,64.0,220
3788,1428.2535392312916,32.0,72.0,233
3789,1428.3499407682907,-32.0,128.0,288
3790,1428.3871413614065,16.0,-128.0,6
3791,1428.5035432172847,-16.0,128.0,290
3792,1428.6831460808226,8.0,-72.0,68
3793,1428.7035464060793,24.0,32.0,187
3794,1428.7159466037847,-24.0,-40.0,100
3795,1428.8203482683355,-16.0,112.0,272
3796,1428.8203482683355,0.0,48.0,202
3797,1429.003551189271,-16.0,-104.0,29
3798,1429.2371549137833,24.0,88.0,250
3799,1429.2663553793473,-24.0,112.0,271
3800,1429.2867557046043,0.0,88.0,247
3801,1429.3831572416032,-32.0,-104.0,27
3802,1429.3831572416032,0.0,104.0,265
3803,1429.420357834719,24.0,40.0,196
3804,1429.4327580324243,0.0,16.0,166
3805,1429.453558364059,16.0,40.0,195
3806,1429.4659585617644,0.0,64.0,220
3807,1429.537159696975,-8.0,-88.0,48
3808,1429.603560755655,24.0,-32.0,115
3809,1429.6159609533602,32.0,40.0,197
3810,1429.6699618143348,-32.0,112.0,270
3811,1429.6827620184176,-24.0,-64.0,73
3812,1429.720362617911,24.0,-112.0,25
3813,1429.749563083475,32.0,-32.0,116
3814,1429.9159657365522,16.0,-80.0,60
3815,1429.9491662658918,-32.0,-112.0,18
3816,1429.9699665975265,-32.0,72.0,225
3817,1429.9827668016094,-16.0,72.0,227
3818,1430.003567133244,8.0,-24.0,122
3819,1430.0159673309493,0.0,-32.0,112
3820,1430.0159673309493,0.0,88.0,247
3821,1430.2367708513787,0.0,-8.0,139
3822,1430.29957185266,0.0,24.0,175
3823,1430.29957185266,-8.0,112.0,273
3824,1430.3703729814933,32.0,56.0,215
3825,1430.4535743080319,-24.0,0.0,145
3826,1430.5367756345704,0.0,-128.0,4
3827,1430.5367756345704,16.0,-48.0,96
3828,1430.5699761639103,0.0,112.0,274
3829,1430.6163769037107,-16.0,64.0,218
3830,1430.8367804177622,-8.0,-128.0,3
3831,1430.8995814190437,-16.0,-96.0,38
3832,1430.9199817443007,32.0,120.0,287
3833,1430.9827827455822,32.0,-72.0,71
3834,1431.2203865338702,-24.0,-24.0,118
3835,1431.2495869994343,-32.0,24.0,171
3836,1431.28678759255,-24.0,-56.0,82
3837,1431.39958939103,8.0,-64.0,77
3838,1431.5199913106844,32.0,-16.0,134
3839,1431.6367931729403,-8.0,-40.0,102
3840,1431.6491933706457,-16.0,8.0,155
3841,1431.6699937022804,-24.0,-80.0,55
3842,1431.6699937022804,24.0,-8.0,142
3843,1431.6827939063633,16.0,-8.0,141
3844,1431.7827955007606,-16.0,32.0,182
3845,1431.7827955007606,0.0,16.0,166
3846,1431.8199960938764,8.0,120.0,284
3847,1431.9035974267924,16.0,120.0,285
3848,1431.9159976244978,16.0,64.0,222
3849,1431.953598223991,-32.0,-16.0,126
3850,1432.2536030071828,16.0,48.0,204
3851,1432.382805067144,-24.0,-112.0,19
3852,1432.4996069294002,32.0,-40.0,107
3853,1432.649609320996,16.0,96.0,258
3854,1432.6700096462532,16.0,-24.0,123
3855,1432.7368107113107,-32.0,32.0,180
3856,1432.832812241932,-8.0,-24.0,120
3857,1432.8660127712717,32.0,-104.0,35
3858,1432.949614104188,32.0,-24.0,125
3859,1433.1492172866049,8.0,40.0,194
3860,1433.220018415438,-8.0,-104.0,30
3861,1433.220018415438,-32.0,-48.0,90
3862,1433.24961888738,-8.0,-32.0,111
3863,1433.6996260621677,-32.0,-96.0,36
3864,1433.7200263874245,8.0,32.0,185
3865,1433.7324265851298,-16.0,0.0,146
3866,1433.7700271846231,-24.0,40.0,190
3867,1433.7824273823285,0.0,80.0,238
3868,1433.8868290468793,-32.0,-64.0,72
3869,1434.0328313746995,-16.0,88.0,245
3870,1434.0992324333793,24.0,-88.0,52
3871,1434.1368330328723,24.0,48.0,205
3872,1434.1492332305777,16.0,8.0,159
3873,1434.1700335622124,32.0,-64.0,80
3874,1434.2364346208922,-24.0,0.0,145
3875,1434.249234824975,32.0,32.0,188
3876,1434.5200391426029,24.0,24.0,178
3877,1434.8368441936534,0.0,-16.0,130
3878,1434.8992451885574,16.0,-40.0,105
3879,1435.0324473122946,8.0,64.0,221
3880,1435.099248377352,-16.0,96.0,254
3881,1435.1368489768452,-32.0,8.0,153
3882,1435.1660494424093,16.0,-64.0,78
3883,1435.2032500355251,8.0,0.0,149
3884,1435.236450564865,32.0,-48.0,98
3885,1435.3324520954864,24.0,-40.0,106
3886,1435.3532524271209,8.0,-32.0,113
3887,1435.3828528990625,-24.0,0.0,145
3888,1435.4200534921783,-32.0,-72.0,63
3889,1435.4200534921783,-16.0,-8.0,137
3890,1435.4660542256013,0.0,96.0,256
3891,1435.5200550865757,0.0,56.0,211
3892,1435.636456942454,-8.0,112.0,273
3893,1435.6488571401594,8.0,80.0,239
3894,1435.7156582052166,24.0,-88.0,52
3895,1435.7700590725688,-24.0,8.0,154
3896,1435.799259538133,-32.0,88.0,243
3897,1435.799259538133,32.0,128.0,296
3898,1435.8704606733438,24.0,8.0,160
3899,1435.8704606733438,-32.0,96.0,252
3900,1435.9204614705423,-24.0,72.0,226
3901,1435.9492619297287,24.0,-88.0,52
3902,1436.069663849383,0.0,120.0,283
3903,1436.1488651121458,0.0,-56.0,85
3904,1436.203265979498,32.0,112.0,278
3905,1436.215666177203,-24.0,128.0,289
3906,1436.215666177203,-16.0,80.0,236
3907,1436.316067777978,-16.0,16.0,164
3908,1436.4028691619149,24.0,80.0,241
3909,1436.4824704310552,0.0,-24.0,121
3910,1436.5824720254523,32.0,-56.0,89
3911,1436.5824720254523,-8.0,-104.0,30
3912,1436.6364728864269,24.0,104.0,268
3913,1436.6364728864269,-24.0,120.0,280
3914,1436.6660733583685,24.0,-96.0,43
3915,1436.6864736836255,24.0,-112.0,25
3916,1436.6988738813309,24.0,24.0,178
3917,1436.8656765407854,-16.0,8.0,155
3918,1436.932477605843,16.0,-16.0,132
3919,1437.0200790025349,-16.0,-128.0,2
3920,1437.0696797933558,32.0,-48.0,98
3921,1437.1700813941309,-8.0,56.0,210
3922,1437.2364824528106,8.0,-56.0,86
3923,1437.2364824528106,-8.0,-24.0,120
3924,1437.3992850484894,-16.0,-96.0,38
3925,1437.4324855778293,32.0,-120.0,17
3926,1437.5988882309064,24.0,72.0,232
3927,1437.619688562541,-24.0,80.0,235
3928,1437.7696909541369,-16.0,-24.0,119
3929,1437.9492938176743,0.0,-112.0,22
3930,1437.98649441079,24.0,24.0,178
3931,1438.3993009924623,16.0,-48.0,96
3932,1438.4197013177193,-24.0,88.0,244
3933,1438.4197013177193,32.0,104.0,269
3934,1438.5325031161995,-32.0,-48.0,90
3935,1438.6197045065137,-24.0,-112.0,19
3936,1438.6493049784553,-16.0,64.0,218
3937,1438.6697053037126,24.0,96.0,259
3938,1438.7865071659685,24.0,-56.0,88
3939,1438.9821102846095,32.0,72.0,233
3940,1439.0365111519618,-8.0,96.0,255
3941,1439.0825118853843,-16.0,112.0,272
3942,1439.1029122106415,-32.0,0.0,144
3943,1439.2029138050386,-16.0,-72.0,65
3944,1439.3989169300576,0.0,-16.0,130
3945,1439.419717261692,8.0,128.0,293
3946,1439.602920182628,-16.0,-128.0,2
3947,1439.6825214517683,-8.0,-104.0,30
3948,1439.7989233076464,8.0,-128.0,5
3949,1439.852924168621,32.0,32.0,188
3950,1439.852924168621,-8.0,88.0,246
3951,1440.0325270321587,32.0,112.0,278
3952,1440.0529273574157,-32.0,-32.0,108
3953,1440.2157299530943,24.0,56.0,214
3954,1440.2825310181518,0.0,16.0,166
3955,1440.4325334097477,-32.0,96.0,252
3956,1440.4697340028636,0.0,112.0,274
3957,1440.532535004145,-16.0,-64.0,74
3958,1440.6489368600235,-16.0,80.0,236
3959,1440.6865374595168,0.0,56.0,211
3960,1440.7529385181965,-8.0,120.0,282
3961,1440.8157395194783,0.0,80.0,238
3962,1440.9489416432154,8.0,72.0,230
3963,1440.986142236331,32.0,24.0,179
3964,1441.1197443664457,-8.0,-104.0,30
3965,1441.232546164926,-24.0,32.0,181
3966,1441.2697467580417,-32.0,-104.0,27
3967,1441.2697467580417,-16.0,112.0,272
3968,1441.282146955747,0.0,96.0,256
3969,1441.465349876683,0.0,-96.0,40
3970,1441.5029504761762,8.0,-56.0,86
3971,1441.5029504761762,16.0,-40.0,105
3972,1441.5321509417404,-16.0,40.0,191
3973,1441.5697515412335,0.0,-104.0,31
3974,1441.7861549915094,0.0,-32.0,112
3975,1441.9197571216241,32.0,-56.0,89
3976,1442.1489607759827,-8.0,-80.0,57
3977,1442.219761904816,16.0,72.0,231
3978,1442.3321636969185,-24.0,-8.0,136
3979,1442.498966356373,0.0,-104.0,31
3980,1442.5321668857132,0.0,8.0,157
3981,1442.5861677466876,24.0,-72.0,70
3982,1442.5861677466876,0.0,16.0,166
3983,1442.7861709354822,-32.0,88.0,243
3984,1442.8157714074239,24.0,-80.0,61
3985,1442.8529720005395,32.0,-40.0,107
3986,1442.9657737990196,0.0,-56.0,85
3987,1443.0525751829564,-32.0,-8.0,135
3988,1443.23617811027,-32.0,-16.0,126
3989,1443.38218043809,-16.0,56.0,209
3990,1443.4489815031475,-32.0,-128.0,0
3991,1443.4693818284043,24.0,120.0,286
3992,1443.6029839585192,8.0,88.0,248
3993,1443.632184424083,16.0,112.0,276
3994,1443.6525847493403,-24.0,104.0,262
3995,1443.802587140936,24.0,88.0,250
3996,1443.815387345019,32.0,-112.0,26
3997,1443.9821900044735,24.0,-8.0,142
3998,1444.048991069531,24.0,-88.0,52
3999,1444.1529927277043,-32.0,24.0,171
4000,1444.219393786384,8.0,-112.0,23
4001,1444.2525943157239,0.0,104.0,265
4002,1444.298995055524,16.0,0.0,150
4003,1444.33619564864,8.0,48.0,203
4004,1444.3989966499216,24.0,120.0,286
4005,1444.4361972430374,0.0,112.0,274
4006,1444.48219797646,-24.0,64.0,217
4007,1444.5653993029985,-24.0,80.0,235
4008,1444.6694009611717,-32.0,-72.0,63
4009,1444.8362036206263,-16.0,-64.0,74
4010,1444.886204417825,-8.0,-112.0,21
4011,1444.915404883389,24.0,24.0,178
4012,1444.9358052086461,-8.0,64.0,219
4013,1445.052607070902,-24.0,-64.0,73
4014,1445.0650072686074,8.0,120.0,284
4015,1445.115008065806,-16.0,120.0,281
4016,1445.2362099982156,-16.0,24.0,173
4017,1445.2862107954143,-16.0,72.0,227
4018,1445.3362115926127,-8.0,72.0,228
4019,1445.3654120581766,32.0,-72.0,71
4020,1445.4194129191512,0.0,0.0,148
4021,1445.485813977831,-8.0,40.0,192
4022,1445.485813977831,-24.0,0.0,145
4023,1445.498614181914,-32.0,-96.0,36
4024,1445.5194145135488,32.0,-64.0,80
4025,1445.902620623279,16.0,-64.0,78
4026,1445.9486213567018,32.0,104.0,269
4027,1445.986221956195,-16.0,96.0,254
4028,1446.032222689618,32.0,-72.0,71
4029,1446.1154240161563,24.0,-8.0,142
4030,1446.3190272623492,16.0,-40.0,105
4031,1446.3822282700085,32.0,-104.0,35
4032,1446.4526293924641,-24.0,-120.0,10
4033,1446.4986301258868,16.0,-48.0,96
4034,1446.5694312547203,16.0,40.0,195
4035,1446.6154319881427,24.0,80.0,241
4036,1446.7526341756559,8.0,32.0,185
4037,1446.8190352343356,-32.0,56.0,207
4038,1446.9858378937902,16.0,-104.0,33
4039,1447.1694408211038,16.0,-120.0,15
4040,1447.1986412866677,-32.0,72.0,225
4041,1447.2858426769824,0.0,-88.0,49
4042,1447.2982428746875,-16.0,40.0,191
4043,1447.4194448070969,16.0,-16.0,132
4044,1447.498246063482,24.0,-24.0,124
4045,1447.6486484614554,-32.0,40.0,189
4046,1447.7654503237115,16.0,48.0,204
4047,1447.8654519181086,-24.0,32.0,181
4048,1447.9358530405646,32.0,-104.0,35
4049,1447.985853837763,8.0,-16.0,131
4050,1447.9982540354683,-8.0,-32.0,111
4051,1448.0358546349619,-16.0,120.0,281
4052,1448.1318561655833,-24.0,72.0,226
4053,1448.3154590928966,-16.0,96.0,254
4054,1448.3526596860124,24.0,-40.0,106
4055,1448.7654662676844,24.0,0.0,151
4056,1448.8190671222812,-8.0,-80.0,57
4057,1448.848667594223,-32.0,-96.0,36
4058,1448.9026684551975,0.0,64.0,220
4059,1449.0150702473002,24.0,-120.0,16
4060,1449.0150702473002,32.0,8.0,161
4061,1449.2026732383893,0.0,104.0,265
4062,1449.4526772243826,-8.0,120.0,282
4063,1449.4818776899465,24.0,-128.0,7
4064,1449.5022780152037,-16.0,-40.0,101
4065,1449.548678755004,24.0,88.0,250
4066,1449.6854809361394,16.0,-64.0,78
4067,1449.6982811402222,16.0,-24.0,123
4068,1449.7650822052797,0.0,-40.0,103
4069,1449.7854825305367,32.0,-128.0,8
4070,1449.797882728242,24.0,128.0,295
4071,1449.8706838889632,-8.0,0.0,147
4072,1450.0318864591316,-24.0,80.0,235
4073,1450.2522899731832,32.0,-120.0,17
4074,1450.2818904451246,8.0,-48.0,95
4075,1450.4370929196295,24.0,128.0,295
4076,1450.5042939910643,-24.0,32.0,181
4077,1450.5814952219391,-32.0,40.0,189
4078,1450.603895579084,32.0,56.0,215
4079,1450.603895579084,16.0,96.0,258
4080,1450.8486994821685,8.0,32.0,185
4081,1450.935900872483,24.0,-80.0,61
4082,1450.9819016059057,32.0,48.0,206
4083,1450.9819016059057,24.0,64.0,223
4084,1451.0359024668803,-16.0,-56.0,83
4085,1451.0819032003028,8.0,-104.0,32
4086,1451.10230352556,-32.0,-88.0,45
4087,1451.1983050561814,24.0,56.0,214
4088,1451.2983066505788,24.0,-88.0,52
4089,1451.3187069758358,-8.0,-104.0,30
4090,1451.4191085766106,-24.0,-48.0,91
4091,1451.4191085766106,16.0,-88.0,51
4092,1451.4315087743157,-16.0,32.0,182
4093,1451.5523107003478,-24.0,48.0,199
4094,1451.5819111722892,16.0,48.0,204
4095,1451.5819111722892,0.0,112.0,274
4096,1451.5819111722892,-24.0,32.0,181
4097,1451.6023114975465,32.0,24.0,179
4098,1451.6523122947451,-16.0,16.0,164
4099,1451.6647124924505,-16.0,88.0,245
4100,1451.7191133598026,-24.0,120.0,280
4101,1451.731513557508,8.0,-48.0,95
4102,1451.8191149541997,32.0,-80.0,62
4103,1451.8647156812451,-8.0,88.0,246
4104,1451.9147164784436,-32.0,-64.0,72
4105,1452.0023178751358,24.0,-16.0,133
4106,1452.20232106393,-24.0,64.0,217
4107,1452.2983225945516,-24.0,48.0,199
4108,1452.385523984866,24.0,-72.0,70
4109,1452.8151308343968,0.0,64.0,220
4110,1452.8151308343968,-24.0,72.0,226
4111,1452.8523314275126,24.0,40.0,196
4112,1452.864731625218,-16.0,128.0,290
4113,1452.935532754051,-32.0,-88.0,45
4114,1452.9983337553324,0.0,0.0,148
4115,1452.9983337553324,32.0,40.0,197
4116,1453.1023354135057,-32.0,-64.0,72
4117,1453.114735611211,-16.0,-8.0,137
4118,1453.1855367400442,8.0,-112.0,23
4119,1453.2151372119856,-24.0,-112.0,19
4120,1453.5523425882934,8.0,24.0,176
4121,1453.6483441189148,16.0,80.0,240
4122,1453.7191452477482,-32.0,-112.0,18
4123,1453.7519457707103,-16.0,16.0,164
4124,1453.8687476329665,-32.0,-96.0,36
4125,1453.8687476329665,0.0,88.0,247
4126,1453.8815478370493,-8.0,48.0,201
4127,1454.0023497630814,16.0,-72.0,69
4128,1454.1483520909012,0.0,32.0,184
4129,1454.1687524161582,16.0,-24.0,123
4130,1454.1687524161582,32.0,-128.0,8
4131,1454.2187532133569,8.0,72.0,230
4132,1454.2651539531573,-8.0,80.0,237
4133,1454.3023545462731,8.0,16.0,167
4134,1454.4187564021515,-32.0,8.0,153
4135,1454.514757932773,-24.0,-128.0,1
4136,1454.6983608600863,8.0,40.0,194
4137,1454.735561453202,32.0,-80.0,62
4138,1454.7815621866248,-32.0,32.0,180
4139,1454.7815621866248,-16.0,-128.0,2
4140,1454.8187627797406,-16.0,-72.0,65
4141,1454.8647635131636,-8.0,-112.0,21
4142,1454.8851638384203,24.0,-104.0,34
4143,1454.998365643278,-24.0,48.0,199
4144,1455.0187659685353,-16.0,-16.0,128
4145,1455.0187659685353,32.0,-128.0,8
4146,1455.0311661662404,32.0,-88.0,53
4147,1455.1187675629324,24.0,48.0,205
4148,1455.1311677606377,-32.0,-120.0,9
4149,1455.2647698907524,32.0,-24.0,125
4150,1455.302370490246,32.0,48.0,206
4151,1455.335171013208,0.0,8.0,157
4152,1455.3983720208673,-16.0,-64.0,74
4153,1455.5187739405217,16.0,-80.0,60
4154,1455.5187739405217,-32.0,-56.0,81
4155,1455.6355758027778,24.0,-80.0,61
4156,1455.848379195655,8.0,40.0,194
4157,1455.9023800566295,16.0,8.0,159
4158,1455.9983815872508,-32.0,-56.0,81
4159,1456.047982378072,32.0,-112.0,26
4160,1456.047982378072,16.0,88.0,249
4161,1456.281586102584,-16.0,64.0,218
4162,1456.3187866956998,8.0,8.0,158
4163,1456.3479871612637,32.0,128.0,296
4164,1456.481189285001,8.0,48.0,203
4165,1456.481189285001,16.0,56.0,213
4166,1456.6355917467506,-24.0,-8.0,136
4167,1456.6851925375713,0.0,-24.0,121
4168,1456.731593277372,32.0,16.0,170
4169,1456.9187962620836,-8.0,128.0,291
4170,1456.9479967276475,-32.0,-72.0,63
4171,1457.0355981243395,-24.0,40.0,190
4172,1457.0479983220448,-8.0,-16.0,129
4173,1457.0479983220448,16.0,-24.0,123
4174,1457.0683986473018,-24.0,24.0,172
4175,1457.135599718737,0.0,-32.0,112
4176,1457.2148009814994,8.0,8.0,158
4177,1457.4856052991272,-32.0,16.0,162
4178,1457.4980054968325,-32.0,-40.0,99
4179,1457.6520079522045,-16.0,96.0,254
4180,1457.814810547883,24.0,96.0,259
4181,1457.814810547883,0.0,80.0,238
4182,1457.864811345082,24.0,112.0,277
4183,1457.8852116703388,32.0,16.0,170
4184,1457.981613207338,-24.0,32.0,181
4185,1458.0316140045366,-24.0,-88.0,46
4186,1458.0316140045366,24.0,8.0,160
4187,1458.0520143297933,-16.0,-80.0,56
4188,1458.102015126992,16.0,0.0,150
4189,1458.2312171869535,0.0,-16.0,130
4190,1458.252017518588,16.0,-16.0,132
4191,1458.281217984152,0.0,72.0,229
4192,1458.3020183157867,0.0,104.0,265
4193,1458.7812259561383,16.0,-128.0,6
4194,1458.8852276143116,-32.0,24.0,171
4195,1459.0812307393305,32.0,112.0,278
4196,1459.3648352610412,8.0,128.0,293
4197,1459.3648352610412,-16.0,104.0,263
4198,1459.468836919214,32.0,80.0,242
4199,1459.8020422317459,8.0,-64.0,77
4200,1459.8144424294512,-32.0,32.0,180
4201,1460.0684464792203,-8.0,-88.0,48
4202,1460.0808466769256,-32.0,-56.0,81
4203,1460.4520525953283,-32.0,40.0,189
4204,1460.4644527930336,-32.0,-88.0,45
4205,1460.5520541897254,8.0,128.0,293
4206,1460.5520541897254,-24.0,120.0,280
4207,1460.6144551846294,-8.0,-56.0,84
4208,1460.6852563134626,0.0,-80.0,58
4209,1460.7852579078601,32.0,64.0,224
4210,1460.8808594321038,-16.0,-24.0,119
4211,1460.9016597637383,-24.0,88.0,244
4212,1461.0352618938532,0.0,96.0,256
4213,1461.0848626846741,0.0,-112.0,22
4214,1461.1644639538144,-24.0,112.0,271
4215,1461.3184664091862,-32.0,-80.0,54
4216,1461.4016677357247,16.0,-96.0,42
4217,1461.481269004865,-24.0,96.0,253
4218,1461.6016709245193,32.0,-48.0,98
4219,1461.6016709245193,8.0,16.0,167
4220,1461.797674049538,32.0,16.0,170
4221,1461.8684751783715,-24.0,-96.0,37
4222,1462.0016773021086,16.0,40.0,195
4223,1462.0140774998138,-24.0,-48.0,91
4224,1462.1144791005886,32.0,-32.0,116
4225,1462.1684799615632,24.0,-112.0,25
4226,1462.1808801592683,-8.0,128.0,291
4227,1462.201680490903,24.0,64.0,223
4228,1462.3180823467815,-8.0,40.0,192
4229,1462.3308825508643,-32.0,-88.0,45
4230,1462.3976836159218,32.0,48.0,206
4231,1462.5684863391523,8.0,104.0,266
4232,1462.7184887307483,-24.0,-24.0,118
4233,1462.7308889284536,-16.0,0.0,146
4234,1462.8312905292285,-24.0,-120.0,10
4235,1462.901691651684,-8.0,128.0,291
4236,1462.9852929846004,-32.0,-24.0,117
4237,1463.047693979504,-8.0,64.0,219
4238,1463.047693979504,8.0,24.0,176
4239,1463.1180951019596,24.0,-64.0,79
4240,1463.1308953060425,-32.0,128.0,288
4241,1463.1516956376772,16.0,-104.0,33
4242,1463.1516956376772,-32.0,-96.0,36
4243,1463.2016964348759,16.0,-128.0,6
4244,1463.2016964348759,-16.0,-32.0,110
4245,1463.3812992984135,-24.0,112.0,271
4246,1463.4184998915293,0.0,112.0,274
4247,1463.6313032844066,24.0,40.0,196
4248,1463.7349049362022,-16.0,80.0,236
4249,1463.7645054081438,32.0,0.0,152
4250,1463.8309064668235,16.0,-120.0,15
4251,1463.9849089221955,0.0,0.0,148
4252,1463.9849089221955,-24.0,0.0,145
4253,1464.15171158165,-24.0,-96.0,37
4254,1464.2849137053872,-16.0,-96.0,38
4255,1464.2849137053872,-8.0,88.0,246
4256,1464.3685150383035,-24.0,-72.0,64
4257,1464.4849168941819,0.0,64.0,220
4258,1464.4973170918872,-32.0,0.0,144
4259,1464.597718692662,24.0,-72.0,70
4260,1464.6181190179188,-24.0,16.0,163
4261,1464.6477194898607,0.0,-48.0,94
4262,1464.7517211480338,-8.0,96.0,255
4263,1464.8013219388547,-32.0,96.0,252
4264,1464.86852301029,-24.0,-48.0,91
4265,1464.968524604687,-24.0,112.0,271
4266,1465.0809263967897,-16.0,-16.0,128
4267,1465.1641277233282,0.0,8.0,157
4268,1465.1849280549627,-32.0,120.0,279
4269,1465.2145285269044,-16.0,-56.0,83
4270,1465.2805295792066,0.0,24.0,175
4271,1465.334930446559,-24.0,-24.0,118
4272,1465.4181317730972,-8.0,40.0,192
4273,1465.5305335651997,8.0,80.0,239
4274,1465.6309351659745,32.0,24.0,179
4275,1465.7181365562892,24.0,64.0,223
4276,1465.7477370282306,-16.0,104.0,263
4277,1465.8181381506863,-24.0,56.0,208
4278,1465.9181397450836,8.0,24.0,176
4279,1466.001741078,-32.0,-72.0,63
4280,1466.0809423407625,24.0,-72.0,70
4281,1466.2013442604168,-16.0,40.0,191
4282,1466.3517466583903,-24.0,56.0,208
4283,1466.4013474492112,-24.0,40.0,190
4284,1466.6977521750048,24.0,40.0,196
4285,1466.8681548918578,0.0,0.0,148
4286,1466.9349559569152,0.0,-48.0,94
4287,1467.0477577553952,0.0,-16.0,130
4288,1467.0681580806524,24.0,-128.0,7
4289,1467.097758552594,16.0,40.0,195
4290,1467.2309606763313,32.0,104.0,269
4291,1467.251361001588,-32.0,32.0,180
4292,1467.2809614735297,0.0,-32.0,112
4293,1467.3013617987867,0.0,-16.0,130
4294,1467.4641643944656,16.0,-120.0,15
4295,1467.5977665245805,24.0,16.0,169
4296,1467.7641691776573,-32.0,-24.0,117
4297,1467.8309702427148,-8.0,-120.0,12
4298,1467.8681708358306,-16.0,24.0,173
4299,1467.880571033536,16.0,104.0,267
4300,1468.0013729595678,-8.0,64.0,219
4301,1468.3809790118999,0.0,-104.0,31
4302,1468.6809837950916,-8.0,-80.0,57
4303,1468.7181843882076,16.0,80.0,240
4304,1468.7641851216301,-24.0,-104.0,28
4305,1468.7845854468874,0.0,56.0,211
4306,1468.9473880425662,24.0,-32.0,115
4307,1469.0141891076235,-16.0,-128.0,2
4308,1469.0345894328805,0.0,128.0,292
4309,1469.0473896369633,8.0,120.0,284
4310,1469.1181907657965,-16.0,128.0,290
4311,1469.1305909635018,24.0,-96.0,43
4312,1469.1681915629952,24.0,120.0,286
4313,1469.2681931573927,-24.0,96.0,253
4314,1469.3177939482136,-16.0,88.0,245
4315,1469.347394420155,-8.0,104.0,264
4316,1469.3845950132709,-16.0,72.0,227
4317,1469.3969952109762,32.0,112.0,278
4318,1469.4345958104695,-24.0,8.0,154
4319,1469.5137970732324,-8.0,-72.0,66
4320,1469.5137970732324,8.0,112.0,275
4321,1469.5137970732324,0.0,-104.0,31
4322,1469.5345974048669,-8.0,-16.0,129
4323,1469.5641978768085,8.0,-96.0,41
4324,1469.651399267123,0.0,88.0,247
4325,1469.7678011230014,-32.0,-64.0,72
4326,1470.0806061102762,16.0,-8.0,141
4327,1470.101006435533,24.0,32.0,187
4328,1470.1138066396159,8.0,32.0,185
4329,1470.184607768449,-32.0,128.0,288
4330,1470.2642090375894,0.0,0.0,148
4331,1470.2642090375894,-8.0,-120.0,12
4332,1470.2846093628466,-16.0,-64.0,74
4333,1470.351410427904,8.0,-80.0,59
4334,1470.3846109572437,24.0,96.0,259
4335,1470.397011154949,32.0,-64.0,80
4336,1470.4514120223012,0.0,16.0,166
4337,1470.6846157404354,32.0,56.0,215
4338,1470.7974175389159,-32.0,16.0,162
4339,1470.930619662653,16.0,0.0,150
4340,1470.9678202557686,-32.0,32.0,180
4341,1470.9678202557686,-16.0,128.0,290
4342,1470.980220453474,-32.0,48.0,198
4343,1471.0010207851087,16.0,-88.0,51
4344,1471.047421524909,16.0,104.0,267
4345,1471.0678218501662,16.0,88.0,249
4346,1471.0974223221076,-24.0,-24.0,118
4347,1471.1678234445633,24.0,-88.0,52
4348,1471.2010239739034,-8.0,8.0,156
4349,1471.334626104018,-16.0,40.0,191
4350,1471.4014271690753,-16.0,16.0,164
4351,1471.4642281703568,-32.0,104.0,261
4352,1471.4642281703568,-8.0,80.0,237
4353,1471.613830555575,-8.0,96.0,255
4354,1471.9014351410617,-32.0,24.0,171
4355,1471.9306356066259,16.0,0.0,150
4356,1471.9678361997414,-24.0,80.0,235
4357,1471.9802363974468,-16.0,-96.0,38
4358,1472.034637264799,0.0,120.0,283
4359,1472.034637264799,32.0,48.0,206
4360,1472.063837730363,-16.0,8.0,155
4361,1472.1342388528187,-8.0,-48.0,93
4362,1472.167839388536,32.0,88.0,251
4363,1472.1974398604777,-16.0,-104.0,29
4364,1472.2474406576764,0.0,-16.0,130
4365,1472.3678425773307,8.0,-128.0,5
4366,1472.434643642388,-16.0,-120.0,11
4367,1472.434643642388,-24.0,16.0,163
4368,1472.4806443758107,16.0,56.0,213
4369,1472.501044701068,24.0,-80.0,61
4370,1472.5306451730094,16.0,-8.0,141
4371,1472.5806459702083,-24.0,-64.0,73
4372,1472.617846563324,8.0,56.0,212
4373,1472.7138480939454,-32.0,-8.0,135
4374,1472.7974494268615,8.0,80.0,239
4375,1472.9474518184575,-24.0,-128.0,1
4376,1472.9846524115733,0.0,64.0,220
4377,1473.130654739393,0.0,-56.0,85
4378,1473.167855332509,8.0,96.0,257
4379,1473.1802555302143,-16.0,-112.0,20
4380,1473.201055861849,-16.0,-64.0,74
4381,1473.280657130989,-8.0,-128.0,3
4382,1473.317857724105,24.0,104.0,268
4383,1473.5678617100982,32.0,-120.0,17
4384,1473.7674648925151,0.0,8.0,157
4385,1473.7674648925151,16.0,96.0,258
4386,1473.7970653644568,24.0,-8.0,142
4387,1473.8510662254312,-8.0,32.0,183
4388,1473.8634664231365,-16.0,-80.0,56
4389,1474.0846699499432,-16.0,8.0,155
4390,1474.1470709448472,8.0,64.0,221
4391,1474.1846715443403,8.0,-8.0,140
4392,1474.28427313236,8.0,128.0,293
4393,1474.3970749308403,8.0,-72.0,68
4394,1474.434275523956,-24.0,112.0,271
4395,1474.5510773862122,-32.0,-128.0,0
4396,1474.680679452551,-24.0,24.0,172
4397,1474.7970813084296,-8.0,-24.0,120
4398,1474.7970813084296,-8.0,120.0,282
4399,1474.7970813084296,-16.0,112.0,272
4400,1474.9306834385443,0.0,-120.0,13
4401,1475.0970860916213,0.0,16.0,166
4402,1475.247088483217,8.0,104.0,266
4403,1475.6342946567236,-24.0,-128.0,1
4404,1475.6970956580049,0.0,-40.0,103
4405,1475.6970956580049,24.0,40.0,196
4406,1475.717495983262,24.0,-48.0,97
4407,1475.717495983262,0.0,96.0,256
4408,1475.813897520261,24.0,-96.0,43
4409,1475.9342994399153,32.0,-24.0,125
4410,1475.9466996376207,-24.0,-56.0,82
4411,1476.2639046950487,0.0,-72.0,67
4412,1476.3011052881645,16.0,48.0,204
4413,1476.4967084068057,8.0,88.0,248
4414,1476.5343090062988,-8.0,-128.0,3
4415,1476.5639094782407,24.0,24.0,178
4416,1476.7971131963752,0.0,-128.0,4
4417,1476.9343153838881,0.0,120.0,283
4418,1477.0175167104267,16.0,72.0,231
4419,1477.1139182474255,-8.0,0.0,147
4420,1477.3175214936184,16.0,64.0,222
4421,1477.4803240892973,8.0,-80.0,59
4422,1477.4803240892973,8.0,88.0,248
4423,1477.563525415836,8.0,-128.0,5
4424,1477.6971275459505,32.0,-104.0,35
4425,1477.8303296696877,16.0,112.0,276
4426,1477.8843305306623,0.0,112.0,274
4427,1477.9135309962262,-8.0,-112.0,21
4428,1477.950731589342,0.0,-8.0,139
4429,1477.9803320612837,24.0,24.0,178
4430,1478.0299328521048,24.0,-104.0,34
4431,1478.0299328521048,-8.0,-64.0,75
4432,1478.0675334515981,-24.0,80.0,235
4433,1478.0799336493035,24.0,128.0,295
4434,1478.1299344465021,-24.0,88.0,244
4435,1478.3007371697327,-32.0,32.0,180
4436,1478.3339376990725,-16.0,64.0,218
4437,1478.4471395039302,32.0,-40.0,107
4438,1478.484340097046,-24.0,-48.0,91
4439,1478.5339408878672,-24.0,-24.0,118
4440,1478.630342424866,16.0,-8.0,141
4441,1478.650742750123,-8.0,32.0,183
4442,1478.780344816462,-32.0,16.0,162
4443,1478.884346474635,-32.0,-112.0,18
4444,1478.8967466723404,-16.0,128.0,290
4445,1479.083949657052,-8.0,120.0,282
4446,1479.1303503968525,32.0,16.0,170
4447,1479.184351257827,-16.0,56.0,209
4448,1479.2303519912498,24.0,24.0,178
4449,1479.3967546443268,16.0,-128.0,6
4450,1479.4171549695839,-32.0,64.0,216
4451,1479.4803559772429,16.0,40.0,195
4452,1479.5007563025,-32.0,-8.0,135
4453,1479.5635573037816,-16.0,-48.0,92
4454,1479.6171581583785,-8.0,-80.0,57
4455,1479.6635588981787,32.0,-104.0,35
4456,1479.7135596953774,-16.0,-72.0,65
4457,1479.7631604861983,8.0,-24.0,122
4458,1479.7631604861983,-16.0,-112.0,20
4459,1479.8303615576333,24.0,96.0,259
4460,1480.0339648038264,8.0,-64.0,77
4461,1480.5675733115302,0.0,88.0,247
4462,1480.6635748421515,-24.0,-8.0,136
4463,1480.6635748421515,-8.0,40.0,192
4464,1480.7175757031262,-32.0,8.0,153
4465,1480.783976761806,-24.0,128.0,289
4466,1480.8135772337475,-8.0,-8.0,138
4467,1481.0171804799402,32.0,-56.0,89
4468,1481.1299822784206,8.0,-40.0,104
4469,1481.2007834072538,16.0,-16.0,132
4470,1481.2799846700166,0.0,-104.0,31
4471,1481.3175852695097,24.0,8.0,160
4472,1481.3175852695097,-16.0,-80.0,56
4473,1481.4003865896707,16.0,-32.0,114
4474,1481.4299870616123,0.0,-16.0,130
4475,1481.5963897146894,24.0,-104.0,34
4476,1481.6799910476054,16.0,80.0,240
4477,1481.6799910476054,32.0,112.0,278
4478,1481.7003913728627,0.0,72.0,229
4479,1481.729991844804,-24.0,8.0,154
4480,1481.729991844804,-24.0,72.0,226
4481,1481.7675924442976,-16.0,88.0,245
4482,1481.9467953014575,0.0,64.0,220
4483,1482.0839974889705,24.0,-88.0,52
4484,1482.2007993512266,32.0,72.0,233
4485,1482.2636003525079,-8.0,-8.0,138
4486,1482.3840022721622,24.0,-48.0,97
4487,1482.3964024698676,32.0,-40.0,107
4488,1482.4968040706426,-8.0,112.0,273
4489,1482.6672067874954,8.0,-24.0,122
4490,1482.7004073168355,-32.0,-64.0,72
4491,1482.7800085859758,16.0,-24.0,123
4492,1482.8172091790914,8.0,32.0,185
4493,1482.846809651033,-24.0,112.0,271
4494,1482.896410441854,0.0,-48.0,94
4495,1482.9340110413475,8.0,-104.0,32
4496,1483.0008121064047,8.0,128.0,293
4497,1483.0300125719689,16.0,88.0,249
4498,1483.196415225046,24.0,-32.0,115
4499,1483.246816028622,32.0,48.0,206
4500,1483.450419274815,0.0,104.0,265
4501,1483.4632194788978,-24.0,0.0,145
4502,1483.6340222021283,8.0,96.0,257
4503,1483.6340222021283,-16.0,128.0,290
4504,1484.0468287838003,-16.0,56.0,209
4505,1484.1004296383971,0.0,40.0,193
4506,1484.130030110339,0.0,-128.0,4
4507,1484.1840309713136,0.0,128.0,292
4508,1484.2300317047361,32.0,112.0,278
4509,1484.417234689448,-8.0,-120.0,12
4510,1484.4464351550118,0.0,96.0,256
4511,1484.479635684352,-8.0,48.0,201
4512,1484.534036551704,-16.0,24.0,173
4513,1484.813241003261,-16.0,-24.0,119
4514,1485.1132457864528,24.0,-64.0,79
4515,1485.1132457864528,0.0,24.0,175
4516,1485.31284896887,-8.0,8.0,156
4517,1485.3464495045876,32.0,40.0,197
4518,1485.3668498298443,8.0,-96.0,41
4519,1485.5168522214403,-16.0,-8.0,137
4520,1485.5296524255232,8.0,16.0,167
4521,1485.716855410235,-24.0,64.0,217
4522,1485.7296556143178,-32.0,72.0,225
4523,1485.7836564752924,16.0,-128.0,6
4524,1485.8300572150927,0.0,104.0,265
4525,1486.0132601360285,-8.0,-8.0,138
4526,1486.0672609970031,-24.0,48.0,199
4527,1486.279664383503,32.0,-56.0,89
4528,1486.279664383503,-8.0,-80.0,57
4529,1486.383666041676,-24.0,0.0,145
4530,1486.383666041676,0.0,-64.0,76
4531,1486.4632673108163,32.0,-16.0,134
4532,1486.4836676360733,-8.0,-56.0,84
4533,1486.5836692304706,8.0,88.0,248
4534,1486.5836692304706,8.0,128.0,293
4535,1486.6464702317521,-32.0,8.0,153
4536,1486.6668705570091,8.0,112.0,275
4537,1486.679670761092,0.0,-16.0,130
4538,1486.7504718899254,24.0,8.0,160
4539,1486.7628720876307,32.0,96.0,260
4540,1486.8004726871238,-32.0,80.0,234
4541,1486.8628736820278,16.0,16.0,168
4542,1486.9004742815212,32.0,-128.0,8
4543,1486.9128744792265,16.0,88.0,249
4544,1487.0296763414824,-32.0,-40.0,99
4545,1487.317280926969,0.0,80.0,238
4546,1487.4132824575906,-8.0,-16.0,129
4547,1487.4504830507062,8.0,-80.0,59
4548,1487.4628832484113,32.0,80.0,242
4549,1487.500483847905,-8.0,32.0,183
4550,1487.5796851106675,16.0,8.0,159
4551,1487.6796867050648,-32.0,-24.0,117
4552,1487.8132888351795,16.0,104.0,267
4553,1487.8668896897764,32.0,32.0,188
4554,1487.913290429577,16.0,88.0,249
4555,1488.0004918198913,24.0,-40.0,106
4556,1488.216895270167,32.0,-48.0,98
4557,1488.2964965393073,0.0,-56.0,85
4558,1488.3168968645643,-16.0,32.0,182
4559,1488.346497336506,24.0,40.0,196
4560,1488.3836979296216,-8.0,112.0,273
4561,1488.396098127327,24.0,-56.0,88
4562,1488.4168984589617,0.0,24.0,175
4563,1488.5297002574416,-16.0,72.0,227
4564,1488.5297002574416,8.0,-48.0,95
4565,1488.6965029168964,-32.0,120.0,279
4566,1488.6965029168964,0.0,40.0,193
4567,1488.7629039755764,32.0,-96.0,44
4568,1488.7833043008332,-8.0,56.0,210
4569,1488.796104504916,-8.0,8.0,156
4570,1488.796104504916,8.0,120.0,284
4571,1488.9833074896278,-8.0,112.0,273
4572,1489.2005109526588,16.0,-72.0,69
4573,1489.4501149322741,-32.0,104.0,261
4574,1489.4965156720746,-32.0,-32.0,108
4575,1489.583717062389,32.0,32.0,188
4576,1489.612917527953,16.0,32.0,186
4577,1489.6629183251516,16.0,-80.0,60
4578,1489.6833186504089,24.0,-8.0,142
4579,1489.6833186504089,24.0,-64.0,79
4580,1490.0465244412596,-8.0,-56.0,84
4581,1490.0465244412596,0.0,-88.0,49
4582,1490.1169255637153,8.0,-112.0,23
4583,1490.2297273621955,0.0,24.0,175
4584,1490.3297289565926,32.0,-40.0,107
4585,1490.4001300790485,-16.0,112.0,272
4586,1490.4837314119645,-24.0,8.0,154
4587,1490.566932738503,0.0,16.0,166
4588,1490.6669343329004,0.0,-104.0,31
4589,1490.7665359209202,-32.0,-40.0,99
4590,1490.779336125003,-32.0,96.0,252
4591,1490.8001364566376,-16.0,-96.0,38
4592,1490.8125366543427,8.0,96.0,257
4593,1491.1629422411108,0.0,8.0,157
4594,1491.429746494963,-16.0,-120.0,11
4595,1491.5669486824759,-16.0,-56.0,83
4596,1491.846153134033,-8.0,24.0,174
4597,1491.8665534592901,8.0,-104.0,32
4598,1491.8665534592901,16.0,-72.0,69
4599,1492.0961571200262,0.0,104.0,265
4600,1492.133357713142,8.0,-128.0,5
4601,1492.1457579108474,8.0,128.0,293
4602,1492.166558242482,-24.0,-120.0,10
4603,1492.329360838161,-32.0,32.0,180
4604,1492.3961619032182,16.0,-40.0,105
4605,1492.4501627641926,-16.0,-112.0,20
4606,1492.55016435859,8.0,16.0,167
4607,1492.6457658828338,-32.0,40.0,189
4608,1492.6457658828338,0.0,-112.0,22
4609,1492.7001667501859,-32.0,-112.0,18
4610,1492.816968612442,-8.0,88.0,246
4611,1492.979371201743,-32.0,56.0,207
4612,1493.0293719989418,-8.0,96.0,255
4613,1493.0833728599162,24.0,-88.0,52
4614,1493.1833744543137,0.0,-40.0,103
4615,1493.1957746520188,32.0,0.0,152
4616,1493.1957746520188,-16.0,24.0,173
4617,1493.2165749836533,-24.0,-40.0,100
4618,1493.2165749836533,-8.0,-48.0,93
4619,1493.2293751877362,8.0,-56.0,86
4620,1493.2293751877362,32.0,16.0,170
4621,1493.2789759785574,32.0,-72.0,71
4622,1493.2789759785574,16.0,72.0,231
4623,1493.3789775729547,-24.0,32.0,181
4624,1493.4333784403068,0.0,-56.0,85
4625,1493.500179505364,-8.0,128.0,291
4626,1493.5125797030694,32.0,-88.0,53
4627,1493.5333800347041,-32.0,24.0,171
4628,1493.628981558948,16.0,-64.0,78
4629,1493.6665821584413,0.0,-16.0,130
4630,1493.712582891864,16.0,-48.0,96
4631,1493.800184288556,-24.0,0.0,145
4632,1493.8793855513186,-32.0,-16.0,126
4633,1493.9125860806587,-24.0,72.0,226
4634,1494.0625884722544,-16.0,-32.0,110
4635,1494.229391131709,16.0,120.0,285
4636,1494.2497914569662,-24.0,72.0,226
4637,1494.279391928908,-32.0,24.0,171
4638,1494.350193057741,-8.0,64.0,219
4639,1494.3961937911638,24.0,72.0,232
4640,1494.4165941164208,0.0,-56.0,85
4641,1494.449794645761,24.0,-56.0,88
4642,1494.533395978677,-32.0,104.0,261
4643,1494.5457961763823,0.0,48.0,202
4644,1494.5665965080168,8.0,72.0,230
4645,1494.7793999008943,32.0,32.0,188
4646,1494.799800226151,24.0,-48.0,97
4647,1494.8462009659515,-8.0,104.0,264
4648,1494.933402356266,32.0,-112.0,26
4649,1494.983003147087,32.0,-48.0,98
4650,1495.099805009343,8.0,-56.0,86
4651,1495.2126068078232,8.0,40.0,194
4652,1495.249807400939,-24.0,32.0,181
4653,1495.2622075986444,8.0,8.0,158
4654,1495.3794094672778,-8.0,-104.0,30
4655,1495.4294102644765,32.0,96.0,260
4656,1495.4498105897337,16.0,-8.0,141
4657,1495.5294118588738,8.0,96.0,257
4658,1495.5294118588738,-32.0,88.0,243
4659,1495.5666124519896,-8.0,-72.0,66
4660,1495.6458137147522,24.0,-88.0,52
4661,1495.7166148435854,-32.0,-104.0,27
4662,1495.9162180260025,32.0,-88.0,53
4663,1495.9162180260025,-32.0,-64.0,72
4664,1496.0458200923415,32.0,0.0,152
4665,1496.1294214252575,-16.0,-112.0,20
4666,1496.2334230834306,16.0,-8.0,141
4667,1496.3330246714504,24.0,-24.0,124
4668,1496.4126259405907,16.0,-96.0,42
4669,1496.466626801565,-8.0,32.0,183
4670,1496.5498281281036,24.0,-48.0,97
4671,1496.5958288615263,-16.0,-24.0,119
4672,1496.6334294610197,-24.0,-48.0,91
4673,1496.6662299839822,16.0,64.0,222
4674,1496.6662299839822,0.0,-96.0,40
4675,1496.6958304559237,32.0,-72.0,71
4676,1496.7458312531223,-8.0,-128.0,3
4677,1496.7830318462381,-32.0,64.0,216
4678,1496.7830318462381,24.0,32.0,187
4679,1496.8126323181796,0.0,40.0,193
4680,1496.9454344355393,-16.0,104.0,263
4681,1497.0162355643724,32.0,64.0,224
4682,1497.0162355643724,-16.0,-48.0,92
4683,1497.0458360363143,24.0,-96.0,43
4684,1497.066236361571,-32.0,-32.0,108
4685,1497.0958368335127,0.0,-80.0,58
4686,1497.11623715877,32.0,72.0,233
4687,1497.2998400860831,-24.0,8.0,154
4688,1497.3498408832818,-8.0,0.0,147
4689,1497.4794429496208,16.0,80.0,240
4690,1497.4998432748778,0.0,-24.0,121
4691,1497.633045398615,8.0,-128.0,5
4692,1497.6830461958136,16.0,104.0,267
4693,1497.6830461958136,-32.0,-16.0,126
4694,1497.762647464954,-32.0,-72.0,63
4695,1497.762647464954,-32.0,-48.0,90
4696,1497.8458487914925,24.0,-64.0,79
4697,1498.0330517762043,-8.0,32.0,183
4698,1498.0958527774856,0.0,96.0,256
4699,1498.1330533706014,16.0,-40.0,105
4700,1498.2830557621974,-16.0,-16.0,128
4701,1498.3126562341388,-24.0,-96.0,37
4702,1498.4498584216522,0.0,72.0,229
4703,1498.4830589509918,32.0,8.0,161
4704,1498.6626618145294,-16.0,112.0,272
4705,1499.0126673949198,-16.0,24.0,173
4706,1499.0498679880357,-24.0,48.0,199
4707,1499.0790684535996,0.0,-80.0,58
4708,1499.1330693145742,-16.0,72.0,227
4709,1499.2454711066766,-16.0,-120.0,11
4710,1499.3830733005675,0.0,80.0,238
4711,1499.5958766934448,8.0,96.0,257
4712,1499.7662794102978,0.0,-88.0,49
4713,1499.7994799396376,-16.0,64.0,218
4714,1499.8622809409192,24.0,-56.0,88
4715,1499.9622825353163,32.0,-128.0,8
4716,1499.9826828605735,0.0,104.0,265
4717,1500.0998847292071,-32.0,-104.0,27
4718,1500.1786859855922,8.0,112.0,275
4719,1500.2330868529443,-8.0,88.0,246
4720,1500.279087586367,24.0,-48.0,97
4721,1500.299487911624,16.0,104.0,267
4722,1500.3458886514245,24.0,-104.0,34
4723,1500.5330916361363,16.0,104.0,267
4724,1500.6122928988989,-24.0,24.0,172
4725,1500.6494934920145,-16.0,-72.0,65
4726,1500.6790939639561,-16.0,72.0,227
4727,1500.7622952904949,32.0,40.0,197
4728,1500.7826956157517,8.0,-24.0,122
4729,1500.8162961514693,32.0,72.0,233
4730,1500.9290979499494,16.0,-128.0,6
4731,1501.0290995443465,-16.0,40.0,191
4732,1501.0494998696038,16.0,24.0,177
4733,1501.2495030583984,0.0,104.0,265
4734,1501.6331091745062,-24.0,40.0,190
4735,1501.6455093722116,24.0,-72.0,70
4736,1501.7331107689035,0.0,112.0,274
4737,1501.7791115023263,32.0,-16.0,134
4738,1502.083116349294,8.0,-104.0,32
4739,1502.0955165469993,-16.0,0.0,146
4740,1502.2495190023712,0.0,-88.0,49
4741,1502.4123215980499,24.0,0.0,151
4742,1502.4623223952483,0.0,-120.0,13
4743,1502.4995229883643,32.0,-24.0,125
4744,1502.4995229883643,-16.0,128.0,290
4745,1502.5955245189857,8.0,-56.0,86
4746,1502.7495269743577,0.0,-72.0,67
4747,1502.9451300929986,-8.0,72.0,228
4748,1503.262335150427,-8.0,8.0,156
4749,1503.3163360114013,-24.0,-32.0,109
4750,1503.4123375420227,32.0,-80.0,62
4751,1503.4327378672797,0.0,-104.0,31
4752,1503.5955404629585,-24.0,-56.0,82
4753,1503.7623431224133,-8.0,32.0,183
4754,1503.78274344767,32.0,-88.0,53
4755,1503.828744181093,16.0,0.0,150
4756,1503.9827466364648,8.0,0.0,149
4757,1504.0495477015222,32.0,-8.0,143
4758,1504.0787481670861,24.0,-32.0,115
4759,1504.1663495637783,-24.0,-32.0,109
4760,1504.1787497614835,-32.0,-48.0,90
4761,1504.3619526824193,-8.0,32.0,183
4762,1504.4495540791113,-32.0,0.0,144
4763,1504.8623606607832,0.0,-112.0,22
4764,1504.932761783239,24.0,96.0,259
4765,1504.932761783239,-24.0,128.0,289
4766,1504.9787625166618,32.0,-128.0,8
4767,1504.9787625166618,-24.0,24.0,172
4768,1505.0159631097777,-32.0,104.0,261
4769,1505.045563581719,-16.0,-48.0,92
4770,1505.045563581719,-8.0,-40.0,102
4771,1505.1159647041748,24.0,32.0,187
4772,1505.1455651761164,32.0,-72.0,71
4773,1505.2327665664309,-8.0,88.0,246
4774,1505.2955675677122,-8.0,104.0,264
4775,1505.3159678929694,24.0,-24.0,124
4776,1505.3159678929694,-32.0,80.0,234
4777,1505.3491684223093,16.0,72.0,231
4778,1505.545171547328,-32.0,72.0,225
4779,1505.6159726761612,0.0,88.0,247
4780,1505.6283728738665,24.0,-32.0,115
4781,1505.649173205501,-8.0,-16.0,129
4782,1505.6955739453015,-24.0,8.0,154
4783,1505.7159742705583,-16.0,-88.0,47
4784,1505.7491747998984,-24.0,-24.0,118
4785,1505.7619750039812,-8.0,16.0,165
4786,1505.7995756034745,-32.0,72.0,225
4787,1505.9287776634358,-8.0,-96.0,39
4788,1506.0827801188075,-16.0,-128.0,2
4789,1506.2659830397436,32.0,40.0,197
4790,1506.2783832374487,8.0,128.0,293
4791,1506.2991835690834,-16.0,80.0,236
4792,1506.328784041025,-32.0,-8.0,135
4793,1506.3659846341407,-24.0,-16.0,127
4794,1506.3955851060825,32.0,48.0,206
4795,1506.4823864900193,16.0,-40.0,105
4796,1506.5787880270182,24.0,-96.0,43
4797,1506.5787880270182,-24.0,88.0,244
4798,1506.615988620134,24.0,-72.0,70
4799,1506.6823896788137,-16.0,16.0,164
4800,1506.8287920130115,-16.0,120.0,281
4801,1506.9287936074086,16.0,80.0,240
4802,1507.0451954632872,-24.0,-96.0,37
4803,1507.065595788544,0.0,-32.0,112
4804,1507.0951962604856,32.0,-104.0,35
4805,1507.1951978548832,0.0,-64.0,76
4806,1507.2655989773386,-32.0,-40.0,99
4807,1507.4992027018507,32.0,120.0,287
4808,1507.5288031737923,24.0,-56.0,88
4809,1507.749206687844,-8.0,32.0,183
4810,1507.7616068855493,-16.0,40.0,191
4811,1508.1660133332919,32.0,88.0,251
4812,1508.2288143345734,8.0,88.0,248
4813,1508.2288143345734,24.0,-64.0,79
4814,1508.2824151891703,-32.0,96.0,252
4815,1508.2824151891703,32.0,72.0,233
4816,1508.2824151891703,-24.0,56.0,208
4817,1508.3824167835676,0.0,56.0,211
4818,1508.3824167835676,-24.0,-88.0,46
4819,1508.449217848625,8.0,-56.0,86
4820,1508.5784199085863,-32.0,16.0,162
4821,1508.6784215029836,24.0,56.0,214
4822,1508.7160221024767,24.0,-72.0,70
4823,1508.745222568041,-24.0,24.0,172
4824,1508.8452241624382,0.0,112.0,274
4825,1508.878424691778,-32.0,32.0,180
4826,1508.911625221118,-24.0,-8.0,136
4827,1508.9620260246943,8.0,-112.0,23
4828,1509.1992298066045,-16.0,40.0,191
4829,1509.4160332632578,-16.0,72.0,227
4830,1509.428433460963,8.0,88.0,248
4831,1509.428433460963,16.0,-48.0,96
4832,1509.7492385757896,-24.0,48.0,199
4833,1509.812039577071,32.0,-104.0,35
4834,1509.962041968667,-16.0,64.0,218
4835,1510.0620435630642,-32.0,-128.0,0
4836,1510.1156444176613,0.0,-72.0,67
4837,1510.1452448896027,-32.0,64.0,216
4838,1510.2616467454814,32.0,-16.0,134
4839,1510.399248939372,24.0,-56.0,88
4840,1510.4656499980517,24.0,112.0,277
4841,1510.478050195757,-32.0,96.0,252
4842,1510.4988505273916,16.0,120.0,285
4843,1510.6948536524103,32.0,-40.0,107
4844,1510.7492545197624,-16.0,48.0,200
4845,1510.9616579062624,-8.0,-120.0,12
4846,1510.9616579062624,-8.0,0.0,147
4847,1511.0824598322943,24.0,32.0,187
4848,1511.2492624917488,-32.0,16.0,162
4849,1511.3492640861461,32.0,-120.0,17
4850,1511.4284653489087,16.0,-56.0,87
4851,1511.4284653489087,32.0,-16.0,134
4852,1511.4488656741657,8.0,0.0,149
4853,1511.4784661461074,16.0,-24.0,123
4854,1511.561667472646,0.0,8.0,157
4855,1511.5992680721395,-8.0,32.0,183
4856,1511.6116682698446,-16.0,-72.0,65
4857,1511.6448687991845,8.0,-40.0,104
4858,1511.8324717902738,32.0,-96.0,44
4859,1511.8616722558377,16.0,120.0,285
4860,1511.882072581095,32.0,-112.0,26
4861,1511.945273588754,-24.0,-88.0,46
4862,1512.028074908915,-8.0,8.0,156
4863,1512.0488752405495,-24.0,-120.0,10
4864,1512.0988760377481,-24.0,-64.0,73
4865,1512.1284765096898,32.0,120.0,287
4866,1512.1488768349468,0.0,-96.0,40
4867,1512.2988792265428,-8.0,104.0,264
4868,1512.4616818222216,24.0,56.0,214
4869,1512.4616818222216,-16.0,-32.0,110
4870,1512.4948823515613,8.0,-72.0,68
4871,1512.4948823515613,-24.0,96.0,253
4872,1512.6988856041316,8.0,80.0,239
4873,1512.844887931952,-8.0,24.0,174
4874,1512.865288257209,-24.0,32.0,181
4875,1513.2156938439769,0.0,-64.0,76
4876,1513.2616945773998,24.0,-88.0,52
4877,1513.3988967649127,32.0,-80.0,62
4878,1513.49889835931,-16.0,-88.0,47
4879,1513.5988999537074,0.0,48.0,202
4880,1513.5988999537074,-16.0,48.0,200
4881,1513.628500425649,0.0,72.0,229
4882,1513.7117017521875,24.0,16.0,169
4883,1513.9949062675205,0.0,-112.0,22
4884,1514.0153065927777,32.0,80.0,242
4885,1514.0153065927777,0.0,128.0,292
4886,1514.0153065927777,-24.0,40.0,190
4887,1514.0449070647192,-24.0,-8.0,136
4888,1514.0989079256938,16.0,-24.0,123
4889,1514.1281083912577,0.0,-96.0,40
4890,1514.1281083912577,-16.0,128.0,290
4891,1514.1821092522323,24.0,-8.0,142
4892,1514.1945094499376,0.0,-16.0,130
4893,1514.2617105213726,-32.0,-120.0,9
4894,1514.2617105213726,32.0,-56.0,89
4895,1514.2945110443347,0.0,0.0,148
4896,1514.382112441027,-24.0,-48.0,91
4897,1514.4117129129684,32.0,120.0,287
4898,1514.4489135060842,24.0,-112.0,25
4899,1514.63211642702,0.0,-56.0,85
4900,1514.63211642702,-24.0,-16.0,127
4901,1514.7117176961603,-24.0,40.0,190
4902,1514.7321180214174,24.0,-32.0,115
4903,1514.7949190226987,16.0,-128.0,6
4904,1515.0321228046091,-8.0,-32.0,111
4905,1515.0321228046091,-8.0,-24.0,120
4906,1515.0949238058906,-8.0,0.0,147
4907,1515.2781267268265,32.0,-96.0,44
4908,1515.2985270520835,0.0,96.0,256
4909,1515.2985270520835,-8.0,48.0,201
4910,1515.3113272561666,16.0,88.0,249
4911,1515.332127587801,-8.0,-128.0,3
4912,1515.5449309806784,-16.0,104.0,263
4913,1515.5653313059354,0.0,16.0,166
4914,1515.7117336401332,-24.0,-24.0,118
4915,1515.7445341630955,32.0,0.0,152
4916,1515.7445341630955,32.0,-16.0,134
4917,1515.8153352919287,-16.0,-128.0,2
4918,1515.94453735189,-8.0,-88.0,48
4919,1515.9821379513833,24.0,-56.0,88
4920,1516.0821395457808,16.0,128.0,294
4921,1516.1113400113447,24.0,-64.0,79
4922,1516.1321403429793,0.0,-48.0,94
4923,1516.2777426644216,-8.0,-112.0,21
4924,1516.5113463889336,-8.0,88.0,246
4925,1516.5317467141908,16.0,-80.0,60
4926,1516.5317467141908,32.0,-104.0,35
4927,1516.5949477218498,24.0,96.0,259
4928,1516.6653488443055,-24.0,88.0,244
4929,1516.7985509680427,-8.0,104.0,264
4930,1516.8653520331002,-24.0,-32.0,109
4931,1517.0781554259775,-24.0,112.0,271
4932,1517.1153560190933,8.0,72.0,230
4933,1517.144956491035,-16.0,-112.0,20
4934,1517.2949588826307,-16.0,-32.0,110
4935,1517.315359207888,-32.0,-128.0,0
4936,1517.432161070144,16.0,72.0,231
4937,1517.4781618035668,24.0,112.0,277
4938,1517.5281626007654,-32.0,-64.0,72
4939,1517.5281626007654,0.0,-56.0,85
4940,1517.5485629260222,32.0,-120.0,17
4941,1517.6653647882783,32.0,0.0,152
4942,1517.8281673839572,32.0,96.0,260
4943,1518.0113703048928,-24.0,-104.0,28
4944,1518.03177063015,-32.0,96.0,252
4945,1518.0781713699503,16.0,112.0,276
4946,1518.1321722309249,0.0,104.0,265
4947,1518.14457242863,-32.0,-48.0,90
4948,1518.194573225829,-16.0,32.0,182
4949,1518.294574820226,-8.0,-8.0,138
4950,1518.4781777475396,-32.0,-48.0,90
4951,1518.548578869995,8.0,24.0,176
4952,1518.744581995014,16.0,120.0,285
4953,1518.9613854516672,0.0,56.0,211
4954,1519.0653871098402,-8.0,0.0,147
4955,1519.1113878432632,-24.0,96.0,253
4956,1519.1609886340843,-24.0,-72.0,64
4957,1519.1817889657186,-24.0,24.0,172
4958,1519.2113894376603,16.0,-80.0,60
4959,1519.2781905027177,-16.0,112.0,272
4960,1519.511394220852,-24.0,-8.0,136
4961,1519.5985956111667,16.0,-48.0,96
4962,1519.6281960831082,32.0,-72.0,71
4963,1519.7445979389868,0.0,-80.0,58
4964,1519.7649982642436,-8.0,-104.0,30
4965,1519.81539906782,16.0,-112.0,24
4966,1519.981801720897,24.0,72.0,232
4967,1520.0486027859542,24.0,24.0,178
4968,1520.0610029836596,-32.0,80.0,234
4969,1520.0986035831531,24.0,-80.0,61
4970,1520.294206701794,16.0,8.0,159
4971,1520.381808098486,24.0,-104.0,34
4972,1520.4114085704277,-16.0,56.0,209
4973,1520.4486091635436,24.0,8.0,160
4974,1520.531810490082,24.0,-112.0,25
4975,1520.531810490082,24.0,-64.0,79
4976,1520.5986115551395,-32.0,120.0,279
4977,1520.6110117528447,0.0,-104.0,31
4978,1520.8318152732738,24.0,88.0,250
4979,1520.8778160066968,32.0,-88.0,53
4980,1520.8982163319536,8.0,8.0,158
4981,1521.1486203243246,16.0,16.0,168
4982,1521.2614221228046,-32.0,120.0,279
4983,1521.2818224480616,-32.0,104.0,261
4984,1521.3650237746003,-24.0,72.0,226
4985,1521.4650253689974,0.0,-32.0,112
4986,1521.5986274991124,-32.0,-120.0,9
4987,1521.6110276968175,0.0,-88.0,49
4988,1521.6610284940164,16.0,104.0,267
4989,1521.7486298907081,-8.0,-128.0,3
4990,1521.898632282304,32.0,-88.0,53
4991,1522.0318344060413,-32.0,-24.0,117
4992,1522.0610348716052,16.0,64.0,222
4993,1522.0814351968625,-16.0,32.0,182
4994,1522.1278359366627,-8.0,-104.0,30
4995,1522.1278359366627,-8.0,-32.0,111
4996,1522.1986370654959,-16.0,-32.0,110
4997,1522.2814383856569,24.0,-120.0,16
4998,1522.2942385897397,24.0,8.0,160
4999,1522.344639393316,-16.0,40.0,191
5000,1522.4446409877132,8.0,72.0,230
5001,1522.4982418423103,24.0,8.0,160
5002,1522.7150452989636,16.0,40.0,195
5003,1522.811046829585,-16.0,-56.0,83
5004,1522.898648226277,-16.0,96.0,254
5005,1523.065050879354,-16.0,48.0,200
5006,1523.1150516765526,16.0,-40.0,105
5007,1523.2446537428916,-32.0,112.0,270
5008,1523.3106547951938,16.0,8.0,159
5009,1523.3818559304045,32.0,-16.0,134
5010,1523.3942561281099,16.0,96.0,258
5011,1523.5482585834816,0.0,40.0,193
5012,1523.8318631051923,0.0,48.0,202
5013,1523.8778638386152,32.0,-80.0,62
5014,1523.948264961071,-24.0,0.0,145
5015,1524.0314662876092,-24.0,-8.0,136
5016,1524.131867888384,24.0,112.0,277
5017,1524.3942720720827,-32.0,-24.0,117
5018,1524.4650732009159,16.0,96.0,258
5019,1524.598275324653,32.0,48.0,206
5020,1524.598275324653,32.0,-120.0,17
5021,1524.6814766511916,-32.0,-80.0,54
5022,1524.6942768552744,24.0,88.0,250
5023,1524.7942784496718,16.0,-96.0,42
5024,1524.8650795785052,-16.0,-24.0,119
5025,1524.8774797762103,16.0,120.0,285
5026,1524.8982801078448,0.0,-96.0,40
5027,1524.9106803055502,-24.0,72.0,226
5028,1525.044282435665,-32.0,8.0,153
5029,1525.0982832966395,0.0,72.0,229
5030,1525.1778845657798,8.0,0.0,149
5031,1525.1778845657798,32.0,16.0,170
5032,1525.2150851588956,24.0,-88.0,52
5033,1525.4274885453954,-24.0,-128.0,1
5034,1525.44828887703,16.0,-104.0,33
5035,1525.5442904076515,0.0,-16.0,130
5036,1525.5982912686259,32.0,-112.0,26
5037,1526.027498111779,24.0,-80.0,61
5038,1526.1651003056697,-16.0,-56.0,83
5039,1526.2651019000668,0.0,-128.0,4
5040,1526.2775020977722,0.0,48.0,202
5041,1526.2775020977722,-24.0,-24.0,118
5042,1526.3315029587468,0.0,24.0,175
5043,1526.4315045531441,8.0,-8.0,140
5044,1526.5315061475412,32.0,104.0,269
5045,1526.577506880964,0.0,24.0,175
5046,1526.5979072062212,-16.0,64.0,218
5047,1526.610707410304,32.0,-32.0,116
5048,1526.7275092725602,-16.0,-32.0,110
5049,1526.9315125251305,8.0,-40.0,104
5050,1527.0775148529503,24.0,-32.0,115
5051,1527.2275172445466,-8.0,104.0,264
5052,1527.2771180353675,24.0,-112.0,25
5053,1527.3815196999183,-8.0,-48.0,93
5054,1527.4107201654822,-16.0,-64.0,74
5055,1527.4983215621744,-16.0,-104.0,29
5056,1527.544322295597,-8.0,64.0,219
5057,1527.5771228185592,-24.0,-24.0,118
5058,1527.6315236859114,16.0,96.0,258
5059,1527.697924744591,32.0,-72.0,71
5060,1527.710724948674,32.0,-104.0,35
5061,1527.7811260711298,24.0,-32.0,115
5062,1527.9647289984432,-8.0,-112.0,21
5063,1527.9943294703846,16.0,8.0,159
5064,1528.098331128558,-24.0,80.0,235
5065,1528.244333456378,-16.0,80.0,236
5066,1528.244333456378,-32.0,64.0,216
5067,1528.264733781635,8.0,88.0,248
5068,1528.264733781635,32.0,-128.0,8
5069,1528.297934310975,32.0,-16.0,134
5070,1528.310734515058,-16.0,72.0,227
5071,1528.381535643891,-32.0,-24.0,117
5072,1528.5275379717111,24.0,-56.0,88
5073,1528.5943390367686,16.0,-24.0,123
5074,1528.697940688564,24.0,56.0,214
5075,1528.731141217904,-32.0,96.0,252
5076,1528.7607416898454,0.0,-16.0,130
5077,1528.7811420151027,-8.0,72.0,228
5078,1528.8607432842427,-8.0,48.0,201
5079,1529.0147457396147,-16.0,16.0,164
5080,1529.02714593732,0.0,48.0,202
5081,1529.02714593732,-16.0,96.0,254
5082,1529.2143489220316,-8.0,0.0,147
5083,1529.2143489220316,24.0,-56.0,88
5084,1529.3107504590307,32.0,-40.0,107
5085,1529.3311507842875,16.0,-64.0,78
5086,1529.5647545087998,24.0,-32.0,115
5087,1529.7275571044786,24.0,-48.0,97
5088,1529.7275571044786,-16.0,-40.0,101
5089,1529.7275571044786,0.0,-112.0,22
5090,1529.7479574297354,0.0,32.0,184
5091,1529.8107584310171,8.0,8.0,158
5092,1529.831158756274,-8.0,8.0,156
5093,1529.8607592282156,0.0,-80.0,58
5094,1530.1107632142089,8.0,96.0,257
5095,1530.1647640751835,24.0,-16.0,133
5096,1530.2775658736634,-8.0,8.0,156
5097,1530.3103663966258,-32.0,120.0,279
5098,1530.3311667282603,24.0,96.0,259
5099,1530.4147680611766,8.0,-104.0,32
5100,1530.497969387715,32.0,-104.0,35
5101,1530.531169917055,16.0,-96.0,42
5102,1530.5939709183365,-8.0,-40.0,102
5103,1530.8147744387657,16.0,120.0,285
5104,1530.8147744387657,-32.0,120.0,279
5105,1530.827174636471,16.0,-88.0,51
5106,1530.9311762946443,-16.0,104.0,263
5107,1530.9435764923494,0.0,-56.0,85
5108,1530.964376823984,8.0,96.0,257
5109,1531.1435796811438,16.0,8.0,159
5110,1531.1643800127786,-32.0,8.0,153
5111,1531.1939804847202,0.0,-40.0,103
5112,1531.2647816135534,16.0,-8.0,141
5113,1531.5771865944505,-16.0,-32.0,110
5114,1531.747989317681,-24.0,56.0,208
5115,1531.747989317681,-32.0,-24.0,117
5116,1531.79799011488,-8.0,-32.0,111
5117,1531.8771913776425,32.0,72.0,233
5118,1531.9975932972968,32.0,-32.0,116
5119,1532.1479956952703,-16.0,-88.0,47
5120,1532.1975964860912,32.0,72.0,233
5121,1532.1975964860912,8.0,-96.0,41
5122,1532.2939980230901,0.0,-104.0,31
5123,1532.3607990881476,-24.0,72.0,226
5124,1532.3811994134046,16.0,64.0,222
5125,1532.5144015371418,16.0,-56.0,87
5126,1532.5440020090834,-24.0,16.0,163
5127,1532.5644023343407,16.0,120.0,285
5128,1532.5772025384233,24.0,88.0,250
5129,1532.6644039287378,8.0,104.0,266
5130,1532.6940044006794,-8.0,0.0,147
5131,1532.7984060652302,32.0,128.0,296
5132,1532.8272065244166,0.0,128.0,292
5133,1532.8272065244166,-24.0,-16.0,127
5134,1532.8984076596273,0.0,-16.0,130
5135,1532.9272081188137,-24.0,8.0,154
5136,1532.9652087246848,-32.0,104.0,261
5137,1533.0268097068335,-24.0,-64.0,73
5138,1533.1104110397496,-8.0,-64.0,75
5139,1533.1480116392431,-32.0,120.0,279
5140,1533.3104142285442,8.0,24.0,176
5141,1533.4104158229416,32.0,-112.0,26
5142,1533.4980172196335,8.0,88.0,248
5143,1533.5272176851977,24.0,-88.0,52
5144,1533.5476180104545,0.0,80.0,238
5145,1533.6644198727106,32.0,64.0,224
5146,1533.676820070416,-16.0,120.0,281
5147,1533.8144222643066,-24.0,-128.0,1
5148,1533.9604245921266,8.0,-8.0,140
5149,1533.9808249173834,-24.0,-72.0,64
5150,1534.0312257209598,-8.0,-40.0,102
5151,1534.0604261865237,8.0,-72.0,68
5152,1534.1768280424023,-8.0,-128.0,3
5153,1534.2144286418957,-16.0,-56.0,83
5154,1534.3476307656329,-32.0,-128.0,0
5155,1534.3940315054333,16.0,80.0,240
5156,1534.5104333613117,0.0,56.0,211
5157,1534.5604341585101,32.0,32.0,188
5158,1534.5808344837674,-16.0,-128.0,2
5159,1534.6272352235676,8.0,-16.0,131
5160,1534.6476355488248,8.0,-128.0,5
5161,1534.747637143222,0.0,-128.0,4
5162,1534.8476387376193,-8.0,128.0,291
5163,1534.9476403320166,-24.0,-16.0,127
5164,1534.9476403320166,-16.0,-128.0,2
5165,1535.010441333298,0.0,-48.0,94
5166,1535.010441333298,32.0,-8.0,143
5167,1535.0604421304965,-8.0,-24.0,120
5168,1535.297645912407,-16.0,-32.0,110
5169,1535.297645912407,0.0,-8.0,139
5170,1535.297645912407,32.0,-88.0,53
5171,1535.3936474430284,32.0,-64.0,80
5172,1535.4644485718616,0.0,96.0,256
5173,1536.0644581382455,-8.0,64.0,219
5174,1536.0768583359506,8.0,-8.0,140
5175,1536.1308591969253,-24.0,56.0,208
5176,1536.3644629214373,-8.0,24.0,174
5177,1536.4936649813985,-8.0,-120.0,12
5178,1536.4936649813985,8.0,-112.0,23
5179,1536.515665332166,24.0,128.0,295
5180,1536.5656661293644,-24.0,-24.0,118
5181,1536.7436689673918,8.0,-120.0,14
5182,1536.7640692926486,-16.0,-80.0,56
5183,1536.7768694967315,-8.0,112.0,273
5184,1536.8644708934237,8.0,-48.0,95
5185,1536.876871091129,-24.0,-56.0,82
5186,1536.8976714227636,8.0,48.0,203
5187,1537.2104764100382,-8.0,64.0,219
5188,1537.2308767352952,-16.0,-80.0,56
5189,1537.2768774687179,24.0,80.0,241
5190,1537.2972777939751,8.0,72.0,230
5191,1537.3436785337753,-16.0,72.0,227
5192,1537.3640788590324,24.0,-120.0,16
5193,1537.3768790631154,-32.0,-64.0,72
5194,1537.4436801281727,16.0,0.0,150
5195,1537.5432817161923,0.0,-16.0,130
5196,1537.5432817161923,-16.0,-24.0,119
5197,1537.6976841779417,8.0,96.0,257
5198,1537.8476865695377,-16.0,-32.0,110
5199,1537.947688163935,16.0,16.0,168
5200,1538.0640900198134,24.0,88.0,250
5201,1538.0768902238963,-24.0,-120.0,10
5202,1538.0972905491533,-8.0,-16.0,129
5203,1538.0972905491533,16.0,-120.0,15
5204,1538.2600931448321,-32.0,-56.0,81
5205,1538.2808934764669,16.0,104.0,267
5206,1538.3604947456067,16.0,-80.0,60
5207,1538.3604947456067,16.0,0.0,150
5208,1538.5476977303185,0.0,-64.0,76
5209,1538.930903840049,24.0,-32.0,115
5210,1538.9769045734718,-16.0,-80.0,56
5211,1539.1601074944076,-8.0,-56.0,84
5212,1539.2309086232408,-8.0,-128.0,3
5213,1539.2937096245225,16.0,-64.0,78
5214,1539.3141099497793,8.0,-88.0,50
5215,1539.4265117418818,16.0,-72.0,69
5216,1539.4473120735165,0.0,-56.0,85
5217,1539.5101130747983,16.0,-48.0,96
5218,1539.5641139357726,8.0,80.0,239
5219,1539.660115466394,24.0,-8.0,142
5220,1539.6973160595098,32.0,48.0,206
5221,1539.7269165314515,-24.0,40.0,190
5222,1539.81011785799,-8.0,-40.0,102
5223,1539.8305181832468,-8.0,-112.0,21
5224,1539.8433183873296,0.0,-48.0,94
5225,1539.9305197776443,-8.0,8.0,156
5226,1539.9433199817272,24.0,120.0,286
5227,1539.9641203133617,-8.0,-96.0,39
5228,1540.064121907759,0.0,40.0,193
5229,1540.0765221054644,-8.0,-40.0,102
5230,1540.097322437099,0.0,-88.0,49
5231,1540.1473232342976,-8.0,-128.0,3
5232,1540.159723432003,-16.0,120.0,281
5233,1540.2805253580348,8.0,128.0,293
5234,1540.3473264230922,-32.0,104.0,261
5235,1540.4601282215722,-16.0,80.0,236
5236,1540.4805285468294,-16.0,-112.0,20
5237,1540.5305293440279,24.0,112.0,277
5238,1540.626930881027,16.0,-56.0,87
5239,1540.7433327369054,24.0,56.0,214
5240,1540.7433327369054,8.0,24.0,176
5241,1540.91013539636,-32.0,128.0,288
5242,1540.959736187181,24.0,128.0,295
5243,1540.982136544326,-16.0,-72.0,65
5244,1541.0429375137196,24.0,112.0,277
5245,1541.0429375137196,16.0,24.0,177
5246,1541.2809413083853,8.0,-120.0,14
5247,1541.3433423032889,-8.0,56.0,210
5248,1541.4305436936036,8.0,-8.0,140
5249,1541.4805444908022,-32.0,0.0,144
5250,1541.6141466209167,-16.0,120.0,281
5251,1541.7305484767953,-8.0,-40.0,102
5252,1541.7769492165955,-16.0,8.0,155
5253,1541.8601505431343,-8.0,-56.0,84
5254,1541.8601505431343,32.0,-32.0,116
5255,1541.8973511362499,16.0,-40.0,105
5256,1542.0101529347303,16.0,16.0,168
5257,1542.1305548543846,24.0,16.0,169
5258,1542.476560370999,16.0,-48.0,96
5259,1542.5141609704924,8.0,72.0,230
5260,1542.593362233255,16.0,40.0,195
5261,1542.6473630942296,32.0,56.0,215
5262,1542.659763291935,16.0,16.0,168
5263,1542.6973638914283,-16.0,104.0,263
5264,1542.7097640891334,8.0,56.0,212
5265,1542.8265659513895,16.0,-16.0,132
5266,1542.9433678136456,-16.0,-128.0,2
5267,1543.0601696759015,24.0,96.0,259
5268,1543.0601696759015,-32.0,96.0,252
5269,1543.0601696759015,32.0,64.0,224
5270,1543.0973702690173,16.0,96.0,258
5271,1543.297373457812,32.0,0.0,152
5272,1543.3097736555171,-24.0,104.0,262
5273,1543.4305755815492,-16.0,-32.0,110
5274,1543.4973766466064,0.0,0.0,148
5275,1543.6433789744267,-24.0,-16.0,127
5276,1543.6637792996835,0.0,-112.0,22
5277,1543.7765810981637,16.0,-24.0,123
5278,1543.8429821568434,32.0,24.0,179
5279,1543.9473838213942,0.0,-48.0,94
5280,1543.9969846122153,-32.0,16.0,162
5281,1544.0433853520155,32.0,-16.0,134
5282,1544.2597888022913,-8.0,-120.0,12
5283,1544.2597888022913,0.0,-48.0,94
5284,1544.3473901989835,8.0,-112.0,23
5285,1544.3597903966888,-24.0,-80.0,55
5286,1544.3597903966888,24.0,-8.0,142
5287,1544.430591525522,16.0,96.0,258
5288,1544.430591525522,-16.0,-16.0,128
5289,1544.4973925905792,24.0,80.0,241
5290,1544.4973925905792,-24.0,32.0,181
5291,1544.6305947143167,-32.0,0.0,144
5292,1544.6801955051374,0.0,-112.0,22
5293,1544.8761986301563,8.0,32.0,185
5294,1544.9137992296496,0.0,88.0,247
5295,1545.0766018253285,8.0,0.0,149
5296,1545.0970021505852,32.0,112.0,278
5297,1545.1098023546683,-24.0,112.0,271
5298,1545.259804746264,-24.0,32.0,181
5299,1545.393406876379,32.0,8.0,161
5300,1545.4306074694948,32.0,80.0,242
5301,1545.4806082666935,8.0,-120.0,14
5302,1545.6430108559946,-16.0,72.0,227
5303,1545.7434124567694,-8.0,-48.0,93
5304,1545.7806130498852,24.0,-32.0,115
5305,1545.826613783308,8.0,-16.0,131
5306,1545.847014108565,8.0,-112.0,23
5307,1545.8594143062703,0.0,-8.0,139
5308,1546.2098198930382,0.0,-128.0,4
5309,1546.2302202182952,-8.0,88.0,246
5310,1546.4138231456088,16.0,88.0,249
5311,1546.4470236749487,16.0,72.0,231
5312,1546.5098246762302,0.0,-96.0,40
5313,1546.6098262706275,16.0,128.0,294
5314,1546.6766273356848,-24.0,-88.0,46
5315,1546.9098310538193,0.0,-32.0,112
5316,1546.9302313790763,32.0,-64.0,80
5317,1546.9430315831592,0.0,80.0,238
5318,1547.0302329734736,8.0,-104.0,32
5319,1547.0930339747551,-24.0,128.0,289
5320,1547.126234504095,-8.0,48.0,201
5321,1547.4470396189215,-24.0,40.0,190
5322,1547.9802481202478,8.0,-24.0,122
5323,1547.9926483179531,-8.0,0.0,147
5324,1548.0302489174464,24.0,120.0,286
5325,1548.1098501865868,32.0,64.0,224
5326,1548.1302505118438,-16.0,56.0,209
5327,1548.1426507095491,0.0,-32.0,112
5328,1548.1802513090422,32.0,104.0,269
5329,1548.4598557669772,-32.0,40.0,189
5330,1548.6138582223489,-16.0,80.0,236
5331,1548.7138598167462,-16.0,16.0,164
5332,1548.7138598167462,8.0,104.0,266
5333,1548.759860550169,24.0,-88.0,52
5334,1548.959463732586,0.0,-8.0,139
5335,1549.0634653907591,8.0,-96.0,41
5336,1549.3598701165529,-32.0,48.0,198
5337,1549.4970723040658,32.0,-80.0,62
5338,1549.5634733627455,0.0,-112.0,22
5339,1549.5930738346872,-24.0,-96.0,37
5340,1549.6134741599442,32.0,104.0,269
5341,1549.7970770872575,24.0,40.0,196
5342,1549.809477284963,8.0,-24.0,122
5343,1549.82987761022,-24.0,8.0,154
5344,1549.9762799444175,-32.0,0.0,144
5345,1550.063481334732,32.0,-112.0,26
5346,1550.1094820681546,24.0,8.0,160
5347,1550.6762911051985,-16.0,-80.0,56
5348,1550.763492495513,-8.0,-40.0,102
5349,1550.7758926932183,-8.0,8.0,156
5350,1550.7966930248529,-16.0,-64.0,74
5351,1551.0762974827876,-24.0,-80.0,55
5352,1551.0966978080446,0.0,96.0,256
5353,1551.1094980121275,-16.0,8.0,155
5354,1551.196699402442,-32.0,112.0,270
5355,1551.2262998743836,16.0,-120.0,15
5356,1551.2967009968393,-8.0,-88.0,48
5357,1551.3927025274606,-16.0,128.0,290
5358,1551.496704185634,0.0,-64.0,76
5359,1551.6467065772297,-32.0,48.0,198
5360,1551.6967073744283,16.0,24.0,177
5361,1551.742708107851,32.0,0.0,152
5362,1551.7803087073446,-24.0,48.0,199
5363,1551.7927089050497,-8.0,16.0,165
5364,1551.8427097022484,-32.0,-120.0,9
5365,1551.8759102315883,-32.0,-64.0,72
5366,1551.8759102315883,-32.0,-8.0,135
5367,1551.9467113604214,16.0,-32.0,114
5368,1552.2135156142735,0.0,0.0,148
5369,1552.2135156142735,0.0,-48.0,94
5370,1552.225915811979,24.0,40.0,196
5371,1552.225915811979,0.0,112.0,274
5372,1552.225915811979,-8.0,-40.0,102
5373,1552.2467161436134,-16.0,88.0,245
5374,1552.309517144895,-16.0,112.0,272
5375,1552.459519536491,32.0,-128.0,8
5376,1552.5095203336896,-16.0,-112.0,20
5377,1552.5467209268054,-32.0,56.0,207
5378,1552.5763213987468,-8.0,-88.0,48
5379,1552.6135219918626,16.0,0.0,150
5380,1552.7927248490225,-32.0,-104.0,27
5381,1552.8299254421383,-32.0,56.0,207
5382,1552.9095267112784,-32.0,-64.0,72
5383,1552.9467273043942,-32.0,88.0,243
5384,1552.9927280378172,0.0,-112.0,22
5385,1553.0131283630742,-24.0,-80.0,55
5386,1553.0131283630742,-24.0,8.0,154
5387,1553.0427288350156,24.0,-8.0,142
5388,1553.0631291602729,-8.0,16.0,165
5389,1553.0927296322145,-24.0,-64.0,73
5390,1553.2263317623292,16.0,24.0,177
5391,1553.2923328146314,-24.0,88.0,244
5392,1553.3467336819836,0.0,-120.0,13
5393,1553.4635355442394,-24.0,24.0,172
5394,1553.5259365391435,-16.0,8.0,155
5395,1553.5259365391435,0.0,-112.0,22
5396,1553.5635371386368,16.0,8.0,159
5397,1553.5759373363421,-32.0,-56.0,81
5398,1553.5963376615991,-16.0,40.0,191
5399,1553.7135395302328,-24.0,96.0,253
5400,1553.842741590194,24.0,-96.0,43
5401,1554.0467448427646,24.0,-40.0,106
5402,1554.1759469027256,-16.0,72.0,227
5403,1554.2927487649818,-32.0,32.0,180
5404,1554.3131490902388,-16.0,-112.0,20
5405,1554.3799501552962,-16.0,24.0,173
5406,1554.4427511565777,-32.0,96.0,252
5407,1554.492351947399,-32.0,56.0,207
5408,1554.5131522790334,16.0,-48.0,96
5409,1554.6423543389947,32.0,-16.0,134
5410,1554.675954874712,-8.0,96.0,255
5411,1554.7299557356866,8.0,-56.0,86
5412,1554.7759564691096,-8.0,-56.0,84
5413,1554.8595578020256,-32.0,64.0,216
5414,1554.9967599895388,8.0,24.0,176
5415,1555.1467623811345,-24.0,64.0,217
5416,1555.2799645048717,24.0,112.0,277
5417,1555.3091649704356,-24.0,-120.0,10
5418,1555.3295652956929,-32.0,-96.0,36
5419,1555.3423654997757,24.0,128.0,295
5420,1555.4147666541191,-32.0,-48.0,90
5421,1555.4251668199367,-24.0,16.0,163
5422,1555.491967884994,16.0,-8.0,141
5423,1555.6091697536276,16.0,88.0,249
5424,1555.6423702829675,-24.0,-128.0,1
5425,1555.6923710801661,24.0,72.0,232
5426,1555.7131714118009,32.0,24.0,179
5427,1555.725571609506,-16.0,88.0,245
5428,1555.7463719411405,-16.0,-32.0,110
5429,1555.792772680941,24.0,-120.0,16
5430,1555.8963743327367,16.0,-16.0,132
5431,1555.9091745368194,8.0,-80.0,59
5432,1555.9091745368194,24.0,-64.0,79
5433,1555.963175397794,0.0,-104.0,31
5434,1555.963175397794,-32.0,16.0,162
5435,1556.0259763990755,-24.0,0.0,145
5436,1556.11317778939,-24.0,80.0,235
5437,1556.1591785228127,8.0,24.0,176
5438,1556.1795788480697,-24.0,8.0,154
5439,1556.492783841722,24.0,-112.0,25
5440,1556.6631865585748,0.0,-112.0,22
5441,1556.8131889501708,8.0,-80.0,59
5442,1556.8255891478761,-8.0,-32.0,111
5443,1556.8631897473695,-32.0,24.0,171
5444,1556.8631897473695,16.0,8.0,159
5445,1556.925990748651,-8.0,96.0,255
5446,1557.0587928660107,-32.0,-120.0,9
5447,1557.0587928660107,0.0,-64.0,76
5448,1557.0795931976452,16.0,-56.0,87
5449,1557.21319532776,16.0,-40.0,105
5450,1557.2923965905227,-32.0,8.0,153
5451,1557.329997190016,-16.0,-80.0,56
5452,1557.3759979234387,-8.0,-40.0,102
5453,1557.4423989821187,-16.0,56.0,209
5454,1557.4423989821187,-32.0,-120.0,9
5455,1557.479999581612,16.0,-32.0,114
5456,1557.4923997793173,-16.0,-40.0,101
5457,1557.5592008443746,32.0,-40.0,107
5458,1558.2464118010726,-16.0,-112.0,20
5459,1558.309212802354,16.0,0.0,150
5460,1558.3296131276113,16.0,80.0,240
5461,1558.4092143967514,-8.0,-120.0,12
5462,1558.5424165204886,0.0,-96.0,40
5463,1558.6256178470271,0.0,56.0,211
5464,1558.6964189758605,24.0,24.0,178
5465,1558.7628200345403,-8.0,-112.0,21
5466,1559.0964253534496,-8.0,32.0,183
5467,1559.1088255511547,16.0,-48.0,96
5468,1559.196426947847,-8.0,96.0,255
5469,1559.2424276812696,-8.0,-40.0,102
5470,1559.2424276812696,32.0,88.0,251
5471,1559.2796282743855,8.0,-40.0,104
5472,1559.312828803725,8.0,64.0,221
5473,1559.3592295435258,32.0,48.0,206
5474,1559.4256306022055,16.0,-88.0,51
5475,1559.59243326166,24.0,88.0,250
5476,1559.6128335869173,-24.0,-48.0,91
5477,1559.625633791,32.0,104.0,269
5478,1559.6796346519745,-24.0,-96.0,37
5479,1559.7092351239162,16.0,-16.0,132
5480,1559.7464357170318,-16.0,56.0,209
5481,1559.8088367119358,8.0,48.0,203
5482,1559.8296370435705,8.0,96.0,257
5483,1559.9796394351665,-16.0,24.0,173
5484,1559.9796394351665,0.0,-24.0,121
5485,1560.0128399645062,-8.0,-80.0,57
5486,1560.1092415015053,8.0,104.0,266
5487,1560.146442094621,-32.0,-104.0,27
5488,1560.2924444224411,8.0,-8.0,140
5489,1560.329645015557,0.0,-8.0,139
5490,1560.3420452132623,-16.0,80.0,236
5491,1560.3796458127554,-32.0,88.0,243
5492,1560.4756473433767,8.0,120.0,284
5493,1560.5088478727168,-16.0,-24.0,119
5494,1560.5464484722102,-32.0,-48.0,90
5495,1560.57964900155,0.0,120.0,283
5496,1560.57964900155,-24.0,-128.0,1
5497,1560.5920491992554,-8.0,104.0,264
5498,1560.5920491992554,-16.0,104.0,263
5499,1560.6128495308901,-8.0,-72.0,66
5500,1561.0756569097607,-32.0,16.0,162
5501,1561.0960572350175,-8.0,16.0,165
5502,1561.142457974818,-8.0,48.0,201
5503,1561.1964588357926,-8.0,-104.0,30
5504,1561.308860627895,0.0,64.0,220
5505,1561.5296641483242,-24.0,24.0,172
5506,1561.5420643460295,8.0,0.0,149
5507,1561.5964652133816,32.0,-16.0,134
5508,1561.6588662082854,-24.0,-56.0,82
5509,1561.8796697287146,8.0,-104.0,32
5510,1561.9088701942785,8.0,0.0,149
5511,1562.0128718524518,16.0,-32.0,114
5512,1562.0424723243934,-8.0,88.0,246
5513,1562.0628726496504,0.0,-8.0,139
5514,1562.1128734468493,8.0,-80.0,59
5515,1562.1424739187908,8.0,-128.0,5
5516,1562.1424739187908,24.0,-96.0,43
5517,1562.3128766356435,-32.0,104.0,261
5518,1562.3252768333489,32.0,80.0,242
5519,1562.3628774328424,32.0,48.0,206
5520,1562.408878166265,8.0,-96.0,41
5521,1562.5752808193422,0.0,-104.0,31
5522,1562.7256832173157,8.0,24.0,176
5523,1563.0296880642834,8.0,-120.0,14
5524,1563.1920906535845,0.0,96.0,256
5525,1563.1920906535845,-24.0,-32.0,109
5526,1563.2756919865008,24.0,88.0,250
5527,1563.2960923117578,-16.0,64.0,218
5528,1563.3420930451807,16.0,24.0,177
5529,1563.4792952326936,-32.0,-16.0,126
5530,1563.8589012850257,-8.0,56.0,210
5531,1563.9293024074814,24.0,16.0,169
5532,1564.0421042059616,0.0,-64.0,76
5533,1564.0625045312186,32.0,88.0,251
5534,1564.0921050031602,-32.0,64.0,216
5535,1564.1253055325,8.0,48.0,203
5536,1564.1961066613335,0.0,16.0,166
5537,1564.2253071268974,24.0,-24.0,124
5538,1564.2961082557306,-16.0,48.0,200
5539,1564.3793095822691,8.0,-48.0,95
5540,1564.4293103794678,16.0,-88.0,51
5541,1564.4417105771731,-16.0,128.0,290
5542,1564.508911648608,-16.0,16.0,164
5543,1564.5629125095825,-32.0,-32.0,108
5544,1564.5629125095825,16.0,-24.0,123
5545,1564.6417137659676,-24.0,-128.0,1
5546,1564.679314365461,8.0,-32.0,113
5547,1564.712514894801,-32.0,72.0,225
5548,1564.8589172289985,-16.0,-128.0,2
5549,1564.8589172289985,-24.0,-80.0,55
5550,1564.9589188233958,-24.0,-32.0,109
5551,1564.9793191486528,16.0,104.0,267
5552,1564.9917193463582,-8.0,-104.0,30
5553,1565.0293199458515,-24.0,0.0,145
5554,1565.0961210109087,24.0,72.0,232
5555,1565.108521208614,32.0,-32.0,116
5556,1565.108521208614,0.0,64.0,220
5557,1565.1293215402488,-32.0,-40.0,99
5558,1565.3293247290435,8.0,80.0,239
5559,1565.358925200985,16.0,-48.0,96
5560,1565.379325526242,32.0,8.0,161
5561,1565.492127324722,24.0,0.0,151
5562,1565.5125276499791,32.0,0.0,152
5563,1565.5125276499791,0.0,-24.0,121
5564,1565.525327854062,24.0,-104.0,34
5565,1565.6461297800938,-16.0,-96.0,38
5566,1565.6585299777992,0.0,8.0,157
5567,1565.792132107914,-32.0,-112.0,18
5568,1565.82933270103,-24.0,80.0,235
5569,1566.0461361576831,24.0,-104.0,34
5570,1566.0585363553885,32.0,-128.0,8
5571,1566.196138549279,-32.0,112.0,270
5572,1566.2753398120417,24.0,-80.0,61
5573,1566.2753398120417,-24.0,64.0,217
5574,1566.4085419357789,8.0,16.0,167
5575,1566.4461425352722,24.0,-88.0,52
5576,1566.5585443273749,16.0,72.0,231
5577,1566.5793446590094,8.0,-16.0,131
5578,1566.6125451883493,-24.0,96.0,253
5579,1566.6249453860546,-8.0,112.0,273
5580,1566.6457457176891,-8.0,48.0,201
5581,1566.9461505072586,0.0,-48.0,94
5582,1567.196154493252,0.0,-120.0,13
5583,1567.2421552266744,0.0,-40.0,103
5584,1567.4253581476105,-16.0,-40.0,101
5585,1567.4457584728673,0.0,88.0,247
5586,1567.475358944809,-24.0,-40.0,100
5587,1567.475358944809,24.0,40.0,196
5588,1567.5625603351234,-16.0,-72.0,65
5589,1567.6289613938031,0.0,-120.0,13
5590,1567.729362994578,24.0,-40.0,106
5591,1567.7417631922833,-8.0,80.0,237
5592,1567.762563523918,32.0,0.0,152
5593,1567.7921639958597,-32.0,48.0,198
5594,1567.7921639958597,32.0,32.0,188
5595,1567.8585650545394,24.0,112.0,277
5596,1567.8789653797962,-24.0,-88.0,46
5597,1568.1421695762501,32.0,-96.0,44
5598,1568.1621698951294,24.0,-56.0,88
5599,1568.2921719678461,16.0,-32.0,114
5600,1568.329372560962,-24.0,-120.0,10
5601,1568.44577441684,0.0,-96.0,40
5602,1568.6793781413523,-32.0,-120.0,9
5603,1568.7585794041147,8.0,120.0,284
5604,1568.7585794041147,32.0,-32.0,116
5605,1568.8125802650893,0.0,-104.0,31
5606,1568.8417807306535,32.0,0.0,152
5607,1568.8621810559105,16.0,-72.0,69
5608,1568.908581795711,32.0,-80.0,62
5609,1568.9457823888265,0.0,8.0,157
5610,1568.9957831860252,24.0,88.0,250
5611,1569.0081833837305,-32.0,0.0,144
5612,1569.0793845189414,-32.0,64.0,216
5613,1569.1121850419038,24.0,-128.0,7
5614,1569.191786311044,-16.0,-96.0,38
5615,1569.191786311044,8.0,48.0,203
5616,1569.2121866363009,24.0,-80.0,61
5617,1569.4585905648958,0.0,112.0,274
5618,1569.478990890153,-32.0,96.0,252
5619,1569.5585921592933,32.0,80.0,242
5620,1569.825396413145,16.0,40.0,195
5621,1569.8789972677419,16.0,104.0,267
5622,1569.975398804741,-8.0,-64.0,75
5623,1570.0125993978568,32.0,72.0,233
5624,1570.0586001312797,-16.0,64.0,218
5625,1570.112600992254,-32.0,96.0,252
5626,1570.1250011899594,-16.0,0.0,146
5627,1570.145801521594,8.0,88.0,248
5628,1570.2418030522153,-24.0,-96.0,37
5629,1570.2790036453312,0.0,-80.0,58
5630,1570.4414062346323,-32.0,-16.0,126
5631,1570.5250075675485,-24.0,-32.0,109
5632,1570.6290092257216,8.0,-64.0,77
5633,1570.6290092257216,-32.0,40.0,189
5634,1570.708610494862,8.0,-104.0,32
5635,1570.9626145446312,-16.0,40.0,191
5636,1571.108616872451,-16.0,128.0,290
5637,1571.1582176632721,24.0,-80.0,61
5638,1571.3794211900788,32.0,128.0,296
5639,1571.3914213814064,24.0,80.0,241
5640,1571.4462222551363,24.0,72.0,232
5641,1571.4578224400861,-24.0,-72.0,64
5642,1571.4578224400861,-32.0,-96.0,36
5643,1571.5626241110147,-24.0,40.0,190
5644,1571.57502430872,32.0,0.0,152
5645,1571.6290251696944,-24.0,80.0,235
5646,1571.7458270319505,8.0,-24.0,122
5647,1571.9086296276294,-24.0,-128.0,1
5648,1571.9582304184503,-8.0,-64.0,75
5649,1571.9958310179436,0.0,40.0,193
5650,1572.008231215649,-24.0,128.0,289
5651,1572.108232810046,-32.0,0.0,144
5652,1572.1750338751035,-8.0,72.0,228
5653,1572.1750338751035,-16.0,80.0,236
5654,1572.1954342003608,32.0,120.0,287
5655,1572.241834940161,-32.0,80.0,234
5656,1572.262235265418,-8.0,40.0,192
5657,1572.2746354631233,-8.0,64.0,219
5658,1572.3082359988407,-8.0,-112.0,21
5659,1572.4290379248728,-32.0,48.0,198
5660,1572.52903951927,8.0,-32.0,113
5661,1572.645841381526,-24.0,64.0,217
5662,1572.7790435052632,-8.0,-104.0,30
5663,1572.808243970827,32.0,80.0,242
5664,1572.8582447680258,-24.0,40.0,190
5665,1572.962246426199,-24.0,112.0,271
5666,1573.0918484925378,0.0,128.0,292
5667,1573.112248817795,0.0,-32.0,112
5668,1573.1246490155002,32.0,64.0,224
5669,1573.1582495512178,32.0,0.0,152
5670,1573.1954501443336,16.0,-128.0,6
5671,1573.2082503484164,-32.0,64.0,216
5672,1573.2622512093908,0.0,-72.0,67
5673,1573.2746514070961,8.0,48.0,203
5674,1573.2954517387307,-24.0,-64.0,73
5675,1573.3454525359293,-32.0,48.0,198
5676,1573.408253537211,-16.0,-64.0,74
5677,1573.525055399467,-32.0,16.0,162
5678,1573.6582575232042,8.0,32.0,185
5679,1573.6582575232042,-32.0,-32.0,108
5680,1573.7414588497425,-16.0,-72.0,65
5681,1573.7622591813772,-16.0,64.0,218
5682,1573.8618607693968,0.0,-40.0,103
5683,1573.9918628421135,-16.0,-104.0,29
5684,1574.075064168652,0.0,-48.0,94
5685,1574.1454652911075,-16.0,-32.0,110
5686,1574.212266356165,32.0,16.0,170
5687,1574.2414668217289,-24.0,0.0,145
5688,1574.2414668217289,8.0,-120.0,14
5689,1574.261867146986,32.0,-96.0,44
5690,1574.3954692771008,8.0,96.0,257
5691,1574.4454700742995,8.0,-32.0,113
5692,1574.541471604921,0.0,-16.0,130
5693,1574.775075329433,8.0,48.0,203
5694,1574.775075329433,-8.0,-48.0,93
5695,1574.879076987606,8.0,104.0,266
5696,1574.8914771853113,16.0,0.0,150
5697,1574.928677778427,-32.0,96.0,252
5698,1574.9582782503687,-8.0,-64.0,75
5699,1575.0290793792021,-32.0,-120.0,9
5700,1575.1286809672217,-32.0,-16.0,126
5701,1575.1414811713046,32.0,-16.0,134
5702,1575.2250825042206,8.0,-96.0,41
5703,1575.2454828294779,32.0,40.0,197
5704,1575.2578830271832,24.0,-8.0,142
5705,1575.3122838945353,-16.0,-88.0,47
5706,1575.3122838945353,24.0,-40.0,106
5707,1575.511887076952,24.0,16.0,169
5708,1575.608288613951,16.0,-16.0,132
5709,1575.6954900042656,8.0,112.0,275
5710,1575.758291005547,16.0,0.0,150
5711,1575.8414923320856,-8.0,112.0,273
5712,1575.9954947874573,-16.0,-72.0,65
5713,1576.0078949851627,-32.0,-64.0,72
5714,1576.0410955145026,8.0,-80.0,59
5715,1576.1122966497135,32.0,40.0,197
5716,1576.1246968474186,16.0,-88.0,51
5717,1576.211898237733,24.0,-40.0,106
5718,1576.2454987734507,-32.0,32.0,180
5719,1576.324700036213,0.0,-48.0,94
5720,1576.3623006357066,32.0,-128.0,8
5721,1576.5287032887836,0.0,-24.0,121
5722,1576.541103486489,0.0,-120.0,13
5723,1576.6955059482384,-16.0,104.0,263
5724,1576.8247080081994,0.0,-40.0,103
5725,1576.8247080081994,-32.0,128.0,288
5726,1576.924709602597,16.0,16.0,168
5727,1577.1619133845074,32.0,24.0,179
5728,1577.2083141243077,16.0,-56.0,87
5729,1577.278715246763,16.0,24.0,177
5730,1577.4247175745834,-32.0,32.0,180
5731,1577.4743183654043,16.0,-24.0,123
5732,1577.5287192327564,-24.0,-112.0,19
5733,1577.708322096294,32.0,16.0,170
5734,1577.7787232187495,32.0,112.0,278
5735,1577.7787232187495,8.0,120.0,284
5736,1577.9619261396856,16.0,-16.0,132
5737,1577.991526611627,16.0,96.0,258
5738,1578.011926936884,16.0,112.0,276
5739,1578.0243271345894,-32.0,8.0,153
5740,1578.0955282698003,32.0,88.0,251
5741,1578.1247287353642,-24.0,-8.0,136
5742,1578.1451290606212,-16.0,-16.0,128
5743,1578.157929264704,0.0,104.0,265
5744,1578.1911297940442,8.0,128.0,293
5745,1578.2951314522172,-16.0,-24.0,119
5746,1578.4079332506974,16.0,-88.0,51
5747,1578.4455338501907,16.0,-40.0,105
5748,1578.4579340478958,-8.0,104.0,264
5749,1578.7455386333827,16.0,128.0,294
5750,1578.7575388247103,0.0,88.0,247
5751,1578.8287399599212,24.0,104.0,268
5752,1578.8411401576263,0.0,-112.0,22
5753,1578.8619404892609,8.0,8.0,158
5754,1578.891140954825,-8.0,-80.0,57
5755,1578.891140954825,-32.0,104.0,261
5756,1578.9411417520237,-16.0,104.0,263
5757,1579.0951442073956,24.0,56.0,214
5758,1579.3247478681315,32.0,16.0,170
5759,1579.3451481933887,0.0,-8.0,139
5760,1579.4415497303876,8.0,72.0,230
5761,1579.461550049267,32.0,56.0,215
5762,1579.7247542457208,0.0,-56.0,85
5763,1579.7951553681764,-32.0,-16.0,126
5764,1579.9619580276312,-16.0,-56.0,83
5765,1580.0287590926885,24.0,-112.0,25
5766,1580.0747598261112,16.0,-16.0,132
5767,1580.2079619498484,-8.0,56.0,210
5768,1580.3079635442457,16.0,72.0,231
5769,1580.3283638695027,-16.0,-64.0,74
5770,1580.3579643414444,-24.0,-88.0,46
5771,1580.3783646667014,16.0,48.0,204
5772,1580.4115651960412,-8.0,88.0,246
5773,1580.4911664651815,-16.0,120.0,281
5774,1580.5115667904386,-32.0,48.0,198
5775,1580.57436779172,16.0,-88.0,51
5776,1580.5951681233548,0.0,64.0,220
5777,1580.6411688567775,16.0,-80.0,60
5778,1580.6911696539762,24.0,-128.0,7
5779,1580.7951713121493,24.0,8.0,160
5780,1580.8619723772065,-32.0,48.0,198
5781,1580.8743725749118,16.0,-16.0,132
5782,1580.961973971604,-32.0,-24.0,117
5783,1581.0451752981426,-32.0,32.0,180
5784,1581.0951760953412,-24.0,-32.0,109
5785,1581.1247765672827,0.0,-72.0,67
5786,1581.1451768925397,32.0,-104.0,35
5787,1581.245178486937,0.0,72.0,229
5788,1581.361980349193,-8.0,96.0,255
5789,1581.4079810826158,0.0,48.0,202
5790,1581.4283814078728,-8.0,128.0,291
5791,1581.5243829384942,-8.0,-16.0,129
5792,1581.5243829384942,16.0,-16.0,132
5793,1581.6243845328916,0.0,-40.0,103
5794,1581.645184864526,-24.0,8.0,154
5795,1581.645184864526,0.0,16.0,166
5796,1581.67438533009,0.0,88.0,247
5797,1581.7243861272887,-32.0,-112.0,18
5798,1581.844788046943,0.0,-104.0,31
5799,1581.8951888505194,8.0,72.0,230
5800,1581.9075890482247,16.0,120.0,285
5801,1581.945189647718,16.0,-32.0,114
5802,1582.0447912357376,16.0,-24.0,123
5803,1582.2579946349929,-32.0,-16.0,126
5804,1582.2579946349929,-16.0,64.0,218
5805,1582.3119954959673,0.0,112.0,274
5806,1582.3411959615312,-16.0,120.0,281
5807,1582.4743980852684,32.0,-96.0,44
5808,1582.524398882467,8.0,-8.0,140
5809,1582.5615994755829,32.0,-72.0,71
5810,1582.6952016056975,-16.0,-64.0,74
5811,1582.8412039335176,-8.0,32.0,183
5812,1582.8616042587746,24.0,120.0,286
5813,1582.9620058595497,24.0,96.0,259
5814,1583.0952079832869,32.0,-32.0,116
5815,1583.1616090419666,-8.0,16.0,165
5816,1583.1912095139082,8.0,-88.0,50
5817,1583.2784109042225,8.0,32.0,185
5818,1583.407612964184,8.0,-72.0,68
5819,1583.5576153557797,8.0,40.0,194
5820,1583.5780156810367,24.0,-80.0,61
5821,1583.6116162167543,-16.0,-88.0,47
5822,1583.6744172180356,0.0,128.0,292
5823,1583.7284180790105,-32.0,-96.0,36
5824,1583.7408182767156,32.0,-128.0,8
5825,1583.8740204004528,-24.0,8.0,154
5826,1583.8948207320875,24.0,96.0,259
5827,1583.8948207320875,24.0,-128.0,7
5828,1583.9076209361704,-32.0,-32.0,108
5829,1583.94082146551,-8.0,-80.0,57
5830,1583.9616217971447,0.0,40.0,193
5831,1584.1408246543047,-8.0,24.0,174
5832,1584.1952255216568,0.0,-56.0,85
5833,1584.2912270522781,-8.0,8.0,156
5834,1584.328427645394,32.0,-128.0,8
5835,1584.328427645394,16.0,8.0,159
5836,1584.328427645394,8.0,-112.0,23
5837,1584.394828704074,8.0,16.0,167
5838,1584.5412310382715,16.0,-32.0,114
5839,1584.6076320969512,-24.0,-24.0,118
5840,1584.6784332257846,-16.0,48.0,200
5841,1584.6908334234897,16.0,-88.0,51
5842,1584.7284340229833,-24.0,72.0,226
5843,1584.8948366760603,0.0,-128.0,4
5844,1584.9280372054,24.0,-64.0,79
5845,1585.024438742399,-16.0,96.0,254
5846,1585.0616393355149,8.0,-8.0,140
5847,1585.2908429898735,-24.0,16.0,163
5848,1585.2908429898735,0.0,120.0,283
5849,1585.3448438508478,32.0,-80.0,62
5850,1585.4744459171868,-32.0,-40.0,99
5851,1585.5284467781614,32.0,16.0,170
5852,1585.6576488381227,8.0,-80.0,59
5853,1585.711649699097,-24.0,32.0,181
5854,1585.7908509618599,24.0,-128.0,7
5855,1585.8572520205396,-16.0,-48.0,92
5856,1585.8780523521743,16.0,-88.0,51
5857,1585.9284531557505,-24.0,8.0,154
5858,1585.9284531557505,-24.0,48.0,199
5859,1586.044855011629,32.0,112.0,278
5860,1586.1240562743917,-32.0,-24.0,117
5861,1586.3448597948206,0.0,0.0,148
5862,1586.3744602667623,-24.0,-104.0,28
5863,1586.3744602667623,-8.0,0.0,147
5864,1586.4948621864166,16.0,64.0,222
5865,1586.561663251474,24.0,40.0,196
5866,1586.6244642527556,8.0,-88.0,50
5867,1586.7076655792941,-24.0,64.0,217
5868,1586.7076655792941,-16.0,-120.0,11
5869,1586.844867766807,24.0,104.0,268
5870,1586.89086850023,-32.0,-128.0,0
5871,1586.9280690933456,-24.0,72.0,226
5872,1586.9280690933456,0.0,-64.0,76
5873,1586.9576695652872,16.0,-120.0,15
5874,1587.178073079339,-8.0,-48.0,93
5875,1587.3408756750177,-16.0,-104.0,29
5876,1587.5240785959534,-8.0,128.0,291
5877,1587.6616807898442,0.0,-96.0,40
5878,1587.6616807898442,-8.0,112.0,273
5879,1587.707681523267,-8.0,16.0,165
5880,1587.8448837107799,-8.0,-72.0,66
5881,1587.8572839084852,-8.0,96.0,255
5882,1588.107687900856,-8.0,8.0,156
5883,1588.128088226113,0.0,-40.0,103
5884,1588.2076894952534,-32.0,-48.0,90
5885,1588.278090617709,32.0,-72.0,71
5886,1588.5240945399262,-24.0,40.0,190
5887,1588.5780954009008,8.0,120.0,284
5888,1588.840899590977,-8.0,-40.0,102
5889,1588.9613015106313,-32.0,16.0,162
5890,1588.990901982573,0.0,32.0,184
5891,1589.0281025756888,16.0,-112.0,24
5892,1589.1781049672845,-24.0,104.0,262
5893,1589.344907626739,16.0,-80.0,60
5894,1589.3777081497017,-32.0,-16.0,126
5895,1589.424108889502,24.0,-72.0,70
5896,1589.494910018335,-32.0,-32.0,108
5897,1589.5445108091562,24.0,-96.0,43
5898,1589.5949116127324,-16.0,64.0,218
5899,1589.6613126714124,8.0,72.0,230
5900,1589.6613126714124,0.0,120.0,283
5901,1589.7281137364696,24.0,96.0,259
5902,1589.7573142020337,0.0,104.0,265
5903,1589.8781161280656,16.0,64.0,222
5904,1590.3281233028533,-32.0,32.0,180
5905,1590.3573237684172,-32.0,-16.0,126
5906,1590.4445251587317,-24.0,104.0,262
5907,1590.4909258985322,0.0,-8.0,139
5908,1590.5113262237892,8.0,-72.0,68
5909,1590.8741320082624,24.0,112.0,277
5910,1591.0113341957756,-8.0,48.0,201
5911,1591.0237343934807,32.0,88.0,251
5912,1591.1241359942558,-16.0,8.0,155
5913,1591.1445363195126,16.0,-8.0,141
5914,1591.2237375822754,-24.0,112.0,271
5915,1591.2613381817687,24.0,-8.0,142
5916,1591.35733971239,-32.0,32.0,180
5917,1591.4405410389286,0.0,0.0,148
5918,1591.6073436983834,0.0,-88.0,49
5919,1591.7405458221206,-32.0,128.0,288
5920,1591.7777464152362,32.0,32.0,188
5921,1592.0613509369468,24.0,-96.0,43
5922,1592.260954119364,-32.0,8.0,153
5923,1592.2737543234468,16.0,104.0,267
5924,1592.2945546550816,-32.0,64.0,216
5925,1592.3069548527865,24.0,40.0,196
5926,1592.3277551844212,-16.0,128.0,290
5927,1592.3277551844212,-32.0,-64.0,72
5928,1592.3741559242217,16.0,-128.0,6
5929,1592.4569572443827,-24.0,80.0,235
5930,1592.6445602354718,24.0,16.0,169
5931,1592.673760701036,-24.0,-56.0,82
5932,1592.7277615620105,-32.0,-80.0,54
5933,1592.7277615620105,16.0,-104.0,33
5934,1592.7573620339522,-16.0,112.0,272
5935,1592.777762359209,-16.0,32.0,182
5936,1592.8073628311506,-8.0,-24.0,120
5937,1592.923764687029,-32.0,56.0,207
5938,1592.9441650122862,-16.0,-40.0,101
5939,1592.956965216369,16.0,56.0,213
5940,1593.0405665492851,-8.0,-96.0,39
5941,1593.0609668745421,-32.0,128.0,288
5942,1593.1073676143426,8.0,-40.0,104
5943,1593.1609684689395,24.0,-24.0,124
5944,1593.2737702674196,-24.0,-72.0,64
5945,1593.3069707967593,32.0,128.0,296
5946,1593.6573763835274,-16.0,-104.0,29
5947,1593.6945769766432,0.0,0.0,148
5948,1593.7405777100662,32.0,24.0,179
5949,1593.7609780353232,24.0,-120.0,16
5950,1593.7905785072646,-32.0,-88.0,45
5951,1593.8277791003804,-24.0,72.0,226
5952,1593.8401792980858,-8.0,-128.0,3
5953,1593.8609796297205,32.0,-8.0,143
5954,1593.8609796297205,32.0,-32.0,116
5955,1593.9777814919764,-16.0,-120.0,11
5956,1594.007381963918,16.0,56.0,213
5957,1594.0401824868804,8.0,-40.0,104
5958,1594.1109836157136,16.0,8.0,159
5959,1594.1109836157136,32.0,-32.0,116
5960,1594.1109836157136,-32.0,-24.0,117
5961,1594.206985146335,16.0,16.0,168
5962,1594.2277854779697,-24.0,-24.0,118
5963,1594.360987601707,16.0,32.0,186
5964,1594.360987601707,16.0,-24.0,123
5965,1594.4573891387058,-32.0,-24.0,117
5966,1594.510989993303,32.0,112.0,278
5967,1594.5405904652443,0.0,32.0,184
5968,1594.5609907905014,0.0,104.0,265
5969,1594.7441937114372,-32.0,-128.0,0
5970,1594.7441937114372,-24.0,48.0,199
5971,1594.873795777776,-24.0,-120.0,10
5972,1594.9401968364557,-24.0,16.0,163
5973,1595.1069994959107,-16.0,32.0,182
5974,1595.1402000252504,-8.0,24.0,174
5975,1595.294602487,8.0,104.0,266
5976,1595.3442032778207,24.0,-24.0,124
5977,1595.3906040176214,32.0,-16.0,134
5978,1595.6570082650956,-32.0,-80.0,54
5979,1595.6570082650956,8.0,-48.0,95
5980,1595.6774085903526,-8.0,16.0,165
5981,1595.6902087944354,-16.0,96.0,254
5982,1595.7942104526087,-32.0,-40.0,99
5983,1595.8406111924091,16.0,-24.0,123
5984,1595.9110123148646,8.0,16.0,167
5985,1595.92341251257,32.0,-88.0,53
5986,1595.9610131120633,-8.0,48.0,201
5987,1595.9942136414031,8.0,-128.0,5
5988,1596.0942152358004,16.0,88.0,249
5989,1596.1066154335058,-24.0,-24.0,118
5990,1596.1442160329993,16.0,24.0,177
5991,1596.1738165049408,16.0,128.0,294
5992,1596.1942168301978,-32.0,-24.0,117
5993,1596.2066170279031,24.0,56.0,214
5994,1596.2066170279031,32.0,-32.0,116
5995,1596.2274173595379,-8.0,-88.0,48
5996,1596.3610194896526,24.0,-48.0,97
5997,1596.3942200189924,-8.0,88.0,246
5998,1596.4066202166975,-24.0,-128.0,1
5999,1596.6570242090684,24.0,-120.0,16
6000,1596.6570242090684,-8.0,-40.0,102
6001,1596.7942263965815,-32.0,112.0,270
6002,1596.8066265942869,8.0,64.0,221
6003,1596.8274269259214,24.0,-112.0,25
6004,1596.8778277294978,-8.0,-128.0,3
6005,1596.9570289922603,8.0,-16.0,131
6006,1597.1278317154909,8.0,128.0,293
6007,1597.294234368568,0.0,8.0,157
6008,1597.3442351657663,-32.0,-40.0,99
6009,1597.3566353634717,-8.0,-32.0,111
6010,1597.5070377614452,0.0,-88.0,49
6011,1597.5402382907853,32.0,120.0,287
6012,1597.694240746157,-24.0,32.0,181
6013,1597.8898438647982,0.0,104.0,265
6014,1597.9106441964327,24.0,112.0,277
6015,1598.1234475893102,-32.0,8.0,153
6016,1598.1774484502846,8.0,128.0,293
6017,1598.18984864799,-8.0,64.0,219
6018,1598.2106489796245,-16.0,-128.0,2
6019,1598.2106489796245,-32.0,-88.0,45
6020,1598.2234491837073,0.0,-112.0,22
6021,1598.2942503125407,32.0,-16.0,134
6022,1598.3938519005603,-32.0,24.0,171
6023,1598.4066521046432,-8.0,-104.0,30
6024,1598.6402558291552,24.0,-48.0,97
6025,1598.6942566901298,16.0,80.0,240
6026,1598.7234571556937,-8.0,112.0,273
6027,1598.827458813867,32.0,-48.0,98
6028,1598.8734595472897,-8.0,32.0,183
6029,1598.973461141687,-8.0,-64.0,75
6030,1599.0110617411806,-32.0,24.0,171
6031,1599.0402622067445,16.0,40.0,195
6032,1599.1570640690004,32.0,56.0,215
6033,1599.1942646621162,16.0,-120.0,15
6034,1599.3110665243723,-16.0,120.0,281
6035,1599.3234667220777,24.0,56.0,214
6036,1599.3566672514173,32.0,-56.0,89
6037,1599.4570688521924,24.0,-104.0,34
6038,1599.4774691774494,8.0,-8.0,140
6039,1599.7106728955837,-16.0,32.0,182
6040,1599.7402733675256,-16.0,64.0,218
6041,1599.7606736927823,24.0,-120.0,16
6042,1599.7606736927823,0.0,-16.0,130
6043,1599.7606736927823,-32.0,112.0,270
6044,1599.8570752297815,24.0,104.0,268
6045,1599.8942758228973,-8.0,96.0,255
6046,1600.0402781507173,0.0,32.0,184
6047,1600.2942822004864,-16.0,-128.0,2
6048,1600.340282933909,16.0,-128.0,6
6049,1600.3606832591663,-8.0,-120.0,12
6050,1600.6106872451594,-32.0,24.0,171
6051,1600.6230874428645,16.0,72.0,231
6052,1600.777489904614,8.0,120.0,284
6053,1600.777489904614,8.0,-128.0,5
6054,1600.8230906316592,16.0,112.0,276
6055,1600.9730930232552,32.0,-128.0,8
6056,1601.07349462403,8.0,64.0,221
6057,1601.1438957464857,-32.0,112.0,270
6058,1601.1770962758255,0.0,120.0,283
6059,1601.4275002681961,-32.0,128.0,288
6060,1601.506701530959,-24.0,-8.0,136
6061,1601.5775026597923,-8.0,112.0,273
6062,1601.7403052554712,-16.0,-104.0,29
6063,1601.9607087695226,16.0,-104.0,33
6064,1602.089910829484,8.0,-24.0,122
6065,1602.20671269174,-8.0,-72.0,66
6066,1602.4439164736502,0.0,-56.0,85
6067,1602.606719069329,-24.0,-24.0,118
6068,1602.627119394586,-32.0,0.0,144
6069,1602.6567198665275,-8.0,-8.0,138
6070,1602.6771201917848,8.0,-24.0,122
6071,1602.9735249175783,-8.0,40.0,192
6072,1603.289929962251,-32.0,24.0,171
6073,1603.4607326854818,-24.0,-112.0,19
6074,1603.4731328831872,24.0,-64.0,79
6075,1603.4939332148217,0.0,-72.0,67
6076,1603.6235352811607,0.0,112.0,274
6077,1603.6439356064177,16.0,32.0,186
6078,1603.6439356064177,-16.0,80.0,236
6079,1603.7567374048979,16.0,56.0,213
6080,1603.8439387952121,-24.0,0.0,145
6081,1604.1067429852883,-32.0,96.0,252
6082,1604.26074544066,-8.0,120.0,282
6083,1604.289945906224,24.0,-96.0,43
6084,1604.3607470350576,-16.0,-80.0,56
6085,1604.43994829782,-32.0,72.0,225
6086,1604.43994829782,-16.0,32.0,182
6087,1604.4771488909357,8.0,-96.0,41
6088,1604.489549088641,0.0,-32.0,112
6089,1604.489549088641,-16.0,16.0,164
6090,1604.6603518118716,-16.0,88.0,245
6091,1604.727152876929,16.0,-104.0,33
6092,1604.727152876929,24.0,88.0,250
6093,1604.9399562698063,-32.0,32.0,180
6094,1605.0103573922622,32.0,32.0,188
6095,1605.0399578642036,0.0,24.0,175
6096,1605.1567597264595,-16.0,88.0,245
6097,1605.1771600517168,8.0,40.0,194
6098,1605.4567645096517,0.0,-104.0,31
6099,1605.4939651027673,32.0,72.0,233
6100,1605.5063653004725,-8.0,64.0,219
6101,1605.560366161447,32.0,-96.0,44
6102,1605.5727663591524,-8.0,-32.0,111
6103,1605.6935682851843,-24.0,56.0,208
6104,1605.8063700836647,24.0,-56.0,88
6105,1606.093974669151,0.0,128.0,292
6106,1606.1399754025738,0.0,0.0,148
6107,1606.243977060747,16.0,24.0,177
6108,1606.443580243164,-24.0,16.0,163
6109,1606.4563804472468,24.0,-128.0,7
6110,1606.4939810467401,-32.0,64.0,216
6111,1606.693584229157,-32.0,-32.0,108
6112,1607.077190345265,16.0,-96.0,42
6113,1607.1231910786878,-24.0,16.0,163
6114,1607.3435945927395,32.0,-120.0,17
6115,1607.4731966590784,-32.0,-8.0,135
6116,1607.5395977177582,8.0,-80.0,59
6117,1607.5771983172515,-32.0,96.0,252
6118,1607.7396009065528,32.0,-96.0,44
6119,1607.7600012318096,32.0,-24.0,125
6120,1607.8232022394689,-8.0,16.0,165
6121,1607.8772031004435,0.0,-56.0,85
6122,1607.8896032981486,-24.0,-128.0,1
6123,1607.9600044206043,-16.0,120.0,281
6124,1608.0268054856617,-24.0,80.0,235
6125,1608.0268054856617,8.0,72.0,230
6126,1608.0396056897446,24.0,-40.0,106
6127,1608.4064115379938,24.0,120.0,286
6128,1608.4268118632508,32.0,64.0,224
6129,1608.4396120673339,8.0,-80.0,59
6130,1608.4936129283083,-32.0,40.0,189
6131,1608.539613661731,-24.0,112.0,271
6132,1608.5600139869882,16.0,96.0,258
6133,1608.6436153199043,8.0,80.0,239
6134,1608.6936161171027,0.0,-56.0,85
6135,1608.6936161171027,-32.0,40.0,189
6136,1608.9896208365187,8.0,-72.0,68
6137,1609.0100211617757,-16.0,-104.0,29
6138,1609.0564219015762,24.0,112.0,277
6139,1609.0768222268332,-32.0,-32.0,108
6140,1609.1932240827116,8.0,-56.0,86
6141,1609.222824554653,-8.0,-72.0,66
6142,1609.2436248862878,-8.0,80.0,237
6143,1609.3104259513452,24.0,-48.0,97
6144,1609.5396296057038,32.0,80.0,242
6145,1609.5768301988196,-16.0,32.0,182
6146,1609.7228325266394,32.0,120.0,287
6147,1609.7436328582742,0.0,-24.0,121
6148,1609.7560330559795,0.0,-56.0,85
6149,1609.8936352498702,8.0,-8.0,140
6150,1609.9060354475753,-8.0,-80.0,57
6151,1609.92683577921,-24.0,120.0,280
6152,1609.9936368442675,-32.0,-120.0,9
6153,1610.0396375776902,-16.0,80.0,236
6154,1610.226840562402,24.0,88.0,250
6155,1610.339642360882,24.0,0.0,151
6156,1610.3936432218566,8.0,-128.0,5
6157,1610.539245543299,8.0,-96.0,41
6158,1610.5768461427924,16.0,-104.0,33
6159,1610.5892463404978,-24.0,-72.0,64
6160,1610.6100466721323,-24.0,-88.0,46
6161,1610.6396471440737,-16.0,-24.0,119
6162,1610.6936480050483,16.0,112.0,276
6163,1610.806049797151,-24.0,-24.0,118
6164,1610.8932511874652,16.0,-88.0,51
6165,1610.922851659407,-24.0,128.0,289
6166,1610.922851659407,-8.0,-56.0,84
6167,1611.0228532538042,16.0,104.0,267
6168,1611.3560585663358,24.0,-24.0,124
6169,1611.4100594273104,0.0,104.0,265
6170,1611.5060609579318,32.0,128.0,296
6171,1611.6104626224826,0.0,-56.0,85
6172,1611.6224628138102,-8.0,104.0,264
6173,1611.660863426059,0.0,120.0,283
6174,1611.7436647462198,-24.0,0.0,145
6175,1611.8600666020984,-24.0,-16.0,127
6176,1611.8724667998035,-24.0,-48.0,91
6177,1611.9560681327198,32.0,64.0,224
6178,1611.9932687258356,-16.0,-56.0,83
6179,1612.060069790893,8.0,88.0,248
6180,1612.072469988598,-16.0,-32.0,110
6181,1612.1100705880915,-16.0,128.0,290
6182,1612.189271850854,-32.0,112.0,270
6183,1612.189271850854,0.0,80.0,238
6184,1612.3060737131102,24.0,-16.0,133
6185,1612.5432774950204,-8.0,16.0,165
6186,1612.572877966962,16.0,120.0,285
6187,1612.6600793572766,16.0,56.0,213
6188,1612.6600793572766,-32.0,80.0,234
6189,1612.743280683815,-8.0,96.0,255
6190,1612.7556808815202,16.0,-112.0,24
6191,1612.7556808815202,0.0,-104.0,31
6192,1612.8556824759175,-32.0,-64.0,72
6193,1612.8932830754109,-8.0,24.0,174
6194,1612.9432838726098,8.0,-88.0,50
6195,1613.1432870614042,0.0,128.0,292
6196,1613.1432870614042,16.0,-8.0,141
6197,1613.272889127743,-16.0,128.0,290
6198,1613.3268899887175,-16.0,48.0,200
6199,1613.3268899887175,32.0,-56.0,89
6200,1613.3392901864229,-24.0,112.0,271
6201,1613.47249231016,-8.0,128.0,291
6202,1613.47249231016,16.0,-104.0,33
6203,1613.7228963025307,-8.0,-16.0,129
6204,1613.743296627788,8.0,72.0,230
6205,1613.755696825493,8.0,-48.0,95
6206,1613.7764971571278,8.0,-112.0,23
6207,1613.9060992234665,-24.0,32.0,181
6208,1614.3433061941716,24.0,-24.0,124
6209,1614.439307724793,8.0,72.0,230
6210,1614.4933085857676,16.0,80.0,240
6211,1614.5057087834728,32.0,112.0,278
6212,1614.5057087834728,8.0,24.0,176
6213,1614.5265091151073,-8.0,112.0,273
6214,1614.5389093128126,-24.0,64.0,217
6215,1614.6265107095046,24.0,-32.0,115
6216,1614.7389125016073,-32.0,96.0,252
6217,1614.8101136368182,0.0,-56.0,85
6218,1614.8101136368182,-16.0,-96.0,38
6219,1614.8225138345233,8.0,96.0,257
6220,1614.9101152312153,16.0,16.0,168
6221,1614.993316557754,32.0,-64.0,80
6222,1615.1057183498565,-32.0,112.0,270
6223,1615.1765194786897,-32.0,-16.0,126
6224,1615.188919676395,-8.0,-64.0,75
6225,1615.188919676395,24.0,-112.0,25
6226,1615.2097200080298,32.0,-56.0,89
6227,1615.2893212771698,24.0,-96.0,43
6228,1615.3265218702857,32.0,112.0,278
6229,1615.356122342227,0.0,32.0,184
6230,1615.4433237325418,-24.0,72.0,226
6231,1615.5225249953044,32.0,8.0,161
6232,1615.5429253205614,0.0,-80.0,58
6233,1615.5557255246442,8.0,-48.0,95
6234,1615.5557255246442,32.0,-8.0,143
6235,1615.576525856279,-8.0,-32.0,111
6236,1615.6933277185349,-32.0,-104.0,27
6237,1615.70572791624,32.0,-80.0,62
6238,1615.7893292491563,-8.0,-16.0,129
6239,1615.8097295744133,-24.0,64.0,217
6240,1615.8097295744133,-32.0,88.0,243
6241,1615.8225297784961,32.0,-16.0,134
6242,1615.8765306394707,0.0,32.0,184
6243,1616.0225329672908,24.0,-104.0,34
6244,1616.1893356267453,-24.0,-112.0,19
6245,1616.4433396765146,8.0,56.0,212
6246,1616.4725401420785,8.0,-128.0,5
6247,1616.6933436625077,-32.0,-16.0,126
6248,1616.7057438602128,-32.0,-128.0,0
6249,1616.7597447211874,16.0,128.0,294
6250,1616.7721449188928,-24.0,-32.0,109
6251,1616.7721449188928,-24.0,96.0,253
6252,1616.8433460541037,32.0,-32.0,116
6253,1616.8725465196676,-24.0,-96.0,37
6254,1616.9893483819235,-32.0,112.0,270
6255,1616.9893483819235,-24.0,96.0,253
6256,1617.0389491727447,0.0,112.0,274
6257,1617.105750237802,-32.0,128.0,288
6258,1617.105750237802,16.0,-112.0,24
6259,1617.1597510987765,-8.0,-16.0,129
6260,1617.2097518959754,-8.0,-96.0,39
6261,1617.242952425315,16.0,-128.0,6
6262,1617.438955550334,-24.0,-128.0,1
6263,1617.438955550334,0.0,120.0,283
6264,1617.493356417686,0.0,24.0,175
6265,1617.52255688325,-16.0,104.0,263
6266,1617.542957208507,0.0,-120.0,13
6267,1617.6057582097885,-32.0,-128.0,0
6268,1617.6389587391282,-32.0,112.0,270
6269,1617.8557621957816,8.0,0.0,149
6270,1617.8557621957816,16.0,40.0,195
6271,1617.8929627888974,-32.0,-48.0,90
6272,1618.0393651230952,24.0,40.0,196
6273,1618.205767776172,16.0,-72.0,69
6274,1618.2389683055121,-32.0,-104.0,27
6275,1618.4225712328255,8.0,32.0,185
6276,1618.4929723552812,-8.0,-8.0,138
6277,1618.5393730950816,0.0,-48.0,94
6278,1618.5929739496785,-16.0,-88.0,47
6279,1618.7057757481584,-16.0,80.0,236
6280,1618.7929771384731,-16.0,128.0,290
6281,1619.1225823936063,0.0,-40.0,103
6282,1619.176583254581,32.0,-88.0,53
6283,1619.2225839880039,8.0,24.0,176
6284,1619.2765848489782,-8.0,-64.0,75
6285,1619.2889850466836,16.0,96.0,258
6286,1619.4221871704206,16.0,88.0,249
6287,1619.4721879676192,32.0,-96.0,44
6288,1619.5097885671128,-24.0,-96.0,37
6289,1619.8429938796446,16.0,24.0,177
6290,1619.872594351586,-32.0,88.0,243
6291,1619.872594351586,32.0,112.0,278
6292,1619.9097949447016,32.0,-32.0,116
6293,1619.9097949447016,0.0,-48.0,94
6294,1619.9725959459834,8.0,-120.0,14
6295,1620.1053980633428,32.0,72.0,233
6296,1620.188999396259,-32.0,-80.0,54
6297,1620.188999396259,16.0,96.0,258
6298,1620.2598005250923,-16.0,24.0,173
6299,1620.3094013159134,8.0,-80.0,59
6300,1620.5262047725666,32.0,0.0,152
6301,1620.7262079613613,-16.0,80.0,236
6302,1620.7890089626428,16.0,-96.0,42
6303,1620.7890089626428,0.0,-88.0,49
6304,1620.8430098236174,-32.0,0.0,144
6305,1620.88901055704,32.0,-56.0,89
6306,1620.9390113542388,-32.0,64.0,216
6307,1620.9390113542388,-24.0,16.0,163
6308,1620.9886121450595,32.0,80.0,242
6309,1621.1262143389504,-24.0,96.0,253
6310,1621.322217463969,16.0,-48.0,96
6311,1621.3762183249435,24.0,8.0,160
6312,1621.5262207165395,24.0,96.0,259
6313,1621.593021781597,24.0,-104.0,34
6314,1621.6390225150194,-32.0,-72.0,63
6315,1621.6762231081354,-16.0,-48.0,92
6316,1621.8058251744744,32.0,-104.0,35
6317,1621.8262254997312,24.0,-8.0,142
6318,1621.8558259716729,16.0,16.0,168
6319,1621.8558259716729,24.0,-72.0,70
6320,1621.9762278913272,0.0,8.0,157
6321,1622.009428420667,8.0,16.0,167
6322,1622.293032942378,-24.0,-16.0,127
6323,1622.293032942378,-24.0,24.0,172
6324,1622.322233407942,-32.0,0.0,144
6325,1622.3594340010577,24.0,-24.0,124
6326,1622.6262382549096,16.0,96.0,258
6327,1622.638638452615,-16.0,40.0,191
6328,1622.7094395814481,0.0,104.0,265
6329,1622.7094395814481,-8.0,88.0,246
6330,1622.7094395814481,-8.0,24.0,174
6331,1622.7218397791535,-32.0,88.0,243
6332,1622.742640110788,16.0,72.0,231
6333,1622.7890408505884,32.0,-24.0,125
6334,1622.8218413735506,32.0,-56.0,89
6335,1622.9386432358067,-8.0,-88.0,48
6336,1623.0054443008642,16.0,72.0,231
6337,1623.2930488863508,-32.0,-128.0,0
6338,1623.5426528659661,-16.0,-24.0,119
6339,1623.6722549323051,-8.0,80.0,237
6340,1623.8926584463566,24.0,40.0,196
6341,1623.905058644062,-8.0,-96.0,39
6342,1623.905058644062,24.0,-8.0,142
6343,1623.9258589756967,-8.0,-128.0,3
6344,1624.0222605126958,-16.0,80.0,236
6345,1624.0594611058116,0.0,88.0,247
6346,1624.0718613035167,0.0,-80.0,58
6347,1624.0926616351512,-8.0,128.0,291
6348,1624.2218636951127,-24.0,16.0,163
6349,1624.3554658252274,-24.0,-40.0,100
6350,1624.392666418343,8.0,-88.0,50
6351,1624.526268548458,-32.0,88.0,243
6352,1624.5386687461632,24.0,-8.0,142
6353,1624.6222700790793,-32.0,40.0,189
6354,1624.6926712015352,0.0,120.0,283
6355,1624.8054730000151,0.0,-96.0,40
6356,1624.9886759209508,8.0,56.0,212
6357,1625.1094778469828,-16.0,-40.0,101
6358,1625.1554785804058,32.0,80.0,242
6359,1625.5722852258536,16.0,80.0,240
6360,1625.8554897411866,24.0,64.0,223
6361,1626.0886934593211,0.0,40.0,193
6362,1626.288296641738,24.0,72.0,232
6363,1626.3258972412314,-8.0,32.0,183
6364,1626.3886982425129,-8.0,16.0,165
6365,1626.4258988356287,-32.0,-56.0,81
6366,1626.4554993075703,-24.0,16.0,163
6367,1626.5427006978846,32.0,72.0,233
6368,1626.55510089559,-16.0,-8.0,137
6369,1626.605501699166,-16.0,16.0,164
6370,1626.6259020244233,16.0,-120.0,15
6371,1626.6259020244233,8.0,-48.0,95
6372,1626.6759028216218,-16.0,80.0,236
6373,1626.6883030193271,-24.0,80.0,235
6374,1626.7091033509619,16.0,-64.0,78
6375,1626.9091065397565,-24.0,-32.0,109
6376,1626.9219067438391,-24.0,24.0,172
6377,1626.9423070690962,24.0,-96.0,43
6378,1626.9719075410378,24.0,40.0,196
6379,1627.0095081405311,16.0,-104.0,33
6380,1627.0095081405311,-32.0,-72.0,63
6381,1627.0387086060953,24.0,-120.0,16
6382,1627.075909199211,16.0,-32.0,114
6383,1627.1091097285507,8.0,-8.0,140
6384,1627.2383117885122,-8.0,-24.0,120
6385,1627.3259131852042,-32.0,40.0,189
6386,1627.492715844659,24.0,120.0,286
6387,1627.5427166418574,-32.0,128.0,288
6388,1627.6923190270759,0.0,-96.0,40
6389,1627.6923190270759,32.0,-48.0,98
6390,1627.8883221520946,-24.0,72.0,226
6391,1628.1219258766066,-8.0,-112.0,21
6392,1628.19272700544,-32.0,64.0,216
6393,1628.205127203145,0.0,112.0,274
6394,1628.3215290590235,32.0,16.0,170
6395,1628.4259307235743,24.0,120.0,286
6396,1628.5759331151703,24.0,-96.0,43
6397,1628.5759331151703,24.0,-16.0,133
6398,1628.6255339059912,32.0,0.0,152
6399,1628.6383341100743,-16.0,112.0,272
6400,1628.6759347095674,-8.0,104.0,264
6401,1628.7219354429903,16.0,8.0,159
6402,1628.7219354429903,16.0,-24.0,123
6403,1628.7591360361062,-16.0,-72.0,65
6404,1628.7715362338113,0.0,120.0,283
6405,1628.82153703101,32.0,-16.0,134
6406,1628.8715378282086,-8.0,-88.0,48
6407,1628.9091384277021,-24.0,-8.0,136
6408,1628.9215386254073,-32.0,96.0,252
6409,1628.9423389570418,0.0,-120.0,13
6410,1628.9923397542404,0.0,48.0,202
6411,1629.0051399583235,24.0,64.0,223
6412,1629.059140819298,24.0,0.0,151
6413,1629.1759426815538,0.0,128.0,292
6414,1629.2259434787525,32.0,-48.0,98
6415,1629.3887460744313,-16.0,-88.0,47
6416,1629.43874687163,-32.0,24.0,171
6417,1629.7091511828803,0.0,8.0,157
6418,1629.8051527135017,8.0,104.0,266
6419,1629.9047543015213,24.0,-40.0,106
6420,1629.9047543015213,-16.0,96.0,254
6421,1629.9423549010146,-8.0,-32.0,111
6422,1629.95475509872,24.0,-80.0,61
6423,1630.1587583512903,-8.0,-112.0,21
6424,1630.1587583512903,8.0,-120.0,14
6425,1630.1715585553732,-24.0,-128.0,1
6426,1630.1715585553732,-32.0,-104.0,27
6427,1630.2423596842063,-8.0,-48.0,93
6428,1630.3715617441678,-16.0,-112.0,20
6429,1630.3923620758023,-24.0,-112.0,19
6430,1630.421962547744,0.0,128.0,292
6431,1630.4591631408598,-24.0,0.0,145
6432,1630.6255657939369,16.0,128.0,294
6433,1630.7091671268531,32.0,-56.0,89
6434,1630.7215673245582,16.0,-72.0,69
6435,1630.7759681919106,32.0,-64.0,80
6436,1630.8051686574745,8.0,112.0,275
6437,1630.8923700477887,24.0,48.0,205
6438,1630.904770245494,-16.0,88.0,245
6439,1631.0219721141277,24.0,-48.0,97
6440,1631.0755729687246,32.0,-80.0,62
6441,1631.1087734980645,16.0,-128.0,6
6442,1631.5255801435123,24.0,48.0,205
6443,1631.7923843973645,-8.0,-72.0,66
6444,1631.9051861958444,8.0,-104.0,32
6445,1631.9255865211016,32.0,-48.0,98
6446,1632.0255881154987,32.0,112.0,278
6447,1632.255191776235,-8.0,-96.0,39
6448,1632.4051941678308,24.0,-64.0,79
6449,1632.425594493088,-16.0,-128.0,2
6450,1632.425594493088,8.0,8.0,158
6451,1632.4587950224277,-16.0,112.0,272
6452,1632.4715952265105,-16.0,32.0,182
6453,1632.6383978859656,-8.0,-56.0,84
6454,1632.7756000734785,-24.0,128.0,289
6455,1632.8924019357344,-32.0,8.0,153
6456,1632.9048021334397,8.0,-40.0,104
6457,1632.9256024650745,32.0,32.0,188
6458,1632.9256024650745,16.0,-72.0,69
6459,1632.9756032622731,-32.0,-8.0,135
6460,1633.0052037342148,-32.0,32.0,180
6461,1633.0256040594716,24.0,-40.0,106
6462,1633.038004257177,0.0,-48.0,94
6463,1633.0756048566702,32.0,-32.0,116
6464,1633.0880050543756,-24.0,-72.0,64
6465,1633.138405857952,8.0,-128.0,5
6466,1633.138405857952,-32.0,-48.0,90
6467,1633.1716063872916,-24.0,128.0,289
6468,1633.2048069166317,-32.0,112.0,270
6469,1633.2552077202079,-8.0,0.0,147
6470,1633.3052085174065,8.0,-88.0,50
6471,1633.325208836286,0.0,-56.0,85
6472,1633.3924099077208,-32.0,-128.0,0
6473,1633.542412299317,16.0,-112.0,24
6474,1633.6588141551952,8.0,-72.0,68
6475,1633.7420154817337,0.0,48.0,202
6476,1633.8756176118484,32.0,-88.0,53
6477,1633.958818938387,8.0,88.0,248
6478,1634.0548204690083,-24.0,96.0,253
6479,1634.0924210685018,24.0,-48.0,97
6480,1634.1216215340658,0.0,48.0,202
6481,1634.1716223312644,32.0,96.0,260
6482,1634.1716223312644,32.0,72.0,233
6483,1634.225623192239,8.0,64.0,221
6484,1634.2588237215791,-32.0,64.0,216
6485,1634.3088245187776,32.0,56.0,215
6486,1634.5048276437963,-24.0,-64.0,73
6487,1634.5424282432898,16.0,32.0,186
6488,1634.6384297739112,16.0,16.0,168
6489,1634.704830832591,8.0,112.0,275
6490,1634.7716318976481,24.0,80.0,241
6491,1634.7920322229052,8.0,-64.0,77
6492,1634.988035347924,32.0,48.0,206
6493,1635.0088356795586,32.0,120.0,287
6494,1635.0212358772637,-16.0,-64.0,74
6495,1635.1880385367183,24.0,-32.0,115
6496,1635.2884401374934,-24.0,8.0,154
6497,1635.3420409920902,32.0,-80.0,62
6498,1635.4256423250065,-24.0,-104.0,28
6499,1635.654845979365,-8.0,-40.0,102
6500,1635.7212470380448,-8.0,64.0,219
6501,1635.7212470380448,-24.0,-64.0,73
6502,1635.775647905397,24.0,32.0,187
6503,1635.775647905397,-24.0,16.0,163
6504,1635.8584492255577,16.0,0.0,150
6505,1635.942050558474,-32.0,96.0,252
6506,1635.954450756179,32.0,-128.0,8
6507,1635.954450756179,-32.0,-128.0,0
6508,1636.0088516235314,24.0,-120.0,16
6509,1636.0088516235314,24.0,8.0,160
6510,1636.0380520890953,-32.0,-72.0,63
6511,1636.0756526885887,-8.0,64.0,219
6512,1636.088052886294,-8.0,-80.0,57
6513,1636.2920561388644,8.0,-8.0,140
6514,1636.321656610806,8.0,-32.0,113
6515,1636.4880592638833,8.0,-88.0,50
6516,1636.7088627843123,0.0,16.0,166
6517,1636.8216645827924,-32.0,64.0,216
6518,1636.8920657052481,32.0,88.0,251
6519,1636.9548667065296,-32.0,32.0,180
6520,1637.0212677652094,8.0,80.0,239
6521,1637.075268626184,8.0,-8.0,140
6522,1637.075268626184,16.0,8.0,159
6523,1637.1048690981256,0.0,-64.0,76
6524,1637.1712701568053,8.0,72.0,230
6525,1637.1932705075726,24.0,128.0,295
6526,1637.2876720126837,-16.0,-104.0,29
6527,1637.3268726376875,-16.0,96.0,254
6528,1637.5380760050546,0.0,88.0,247
6529,1637.5380760050546,-24.0,-56.0,82
6530,1637.625277395369,32.0,-96.0,44
6531,1637.8088803226824,-32.0,56.0,207
6532,1637.8712813175864,32.0,-64.0,80
6533,1637.8916816428434,8.0,24.0,176
6534,1638.0084835050993,16.0,88.0,249
6535,1638.208486693894,-16.0,32.0,182
6536,1638.2212868979768,-8.0,64.0,219
6537,1638.29208802681,-16.0,104.0,263
6538,1638.29208802681,-32.0,120.0,279
6539,1638.321288492374,32.0,-88.0,53
6540,1638.3920896212073,-32.0,48.0,198
6541,1638.4252901505472,8.0,48.0,203
6542,1638.5212916811686,-24.0,24.0,172
6543,1638.5876927398485,-8.0,-64.0,75
6544,1638.608493071483,24.0,88.0,250
6545,1638.6208932691882,-32.0,64.0,216
6546,1638.6752941365403,0.0,-96.0,40
6547,1638.8084962602775,32.0,-8.0,143
6548,1638.908497854675,-8.0,16.0,165
6549,1638.9208980523802,24.0,-120.0,16
6550,1638.9584986518735,32.0,-72.0,71
6551,1639.025299716931,16.0,88.0,249
6552,1639.037699914636,-24.0,-120.0,10
6553,1639.1253013113283,8.0,-56.0,86
6554,1639.2085026378668,-32.0,16.0,162
6555,1639.2417031672067,16.0,80.0,240
6556,1639.2713036391483,16.0,-24.0,123
6557,1639.3881055014042,-32.0,-112.0,18
6558,1639.5085074210585,-8.0,48.0,201
6559,1639.608509015456,-32.0,-56.0,81
6560,1639.6545097488786,24.0,0.0,151
6561,1639.721310813936,-24.0,88.0,244
6562,1639.7921119427692,-16.0,-40.0,101
6563,1639.920913996353,-16.0,-112.0,20
6564,1640.2253188496982,-8.0,16.0,165
6565,1640.2545193152623,-8.0,32.0,183
6566,1640.3253204440957,24.0,56.0,214
6567,1640.3713211775184,32.0,-88.0,53
6568,1640.7417270831659,-8.0,-40.0,102
6569,1640.7881278229663,-8.0,-72.0,66
6570,1640.8417286775632,-24.0,8.0,154
6571,1640.8541288752685,0.0,-32.0,112
6572,1640.9085297426207,-32.0,-80.0,54
6573,1641.054132064063,8.0,-96.0,41
6574,1641.1041328612616,8.0,128.0,293
6575,1641.141733460755,0.0,-72.0,67
6576,1641.1713339326966,-24.0,-80.0,55
6577,1641.3253363880685,8.0,96.0,257
6578,1641.408537714607,24.0,-112.0,25
6579,1641.4209379123122,24.0,64.0,223
6580,1641.4585385118055,8.0,-48.0,95
6581,1641.5417398383443,0.0,8.0,157
6582,1641.5541400360494,32.0,-56.0,89
6583,1641.7417430271387,-8.0,-128.0,3
6584,1641.7417430271387,16.0,-24.0,123
6585,1641.8213442962788,-16.0,112.0,272
6586,1641.841744621536,-24.0,104.0,262
6587,1642.0585480781892,16.0,-128.0,6
6588,1642.0585480781892,-8.0,-120.0,12
6589,1642.0709482758946,0.0,-88.0,49
6590,1642.1085488753881,-32.0,48.0,198
6591,1642.137749340952,-32.0,-96.0,36
6592,1642.2249507312663,-8.0,72.0,228
6593,1642.3377525297467,16.0,72.0,231
6594,1642.6085568473745,-32.0,24.0,171
6595,1642.7545591751943,24.0,-72.0,70
6596,1642.8877612989315,32.0,80.0,242
6597,1643.0377636905273,16.0,-72.0,69
6598,1643.204566349982,24.0,-64.0,79
6599,1643.2373668729444,-32.0,104.0,261
6600,1643.5749722556295,-24.0,-72.0,64
6601,1643.6545735247698,-32.0,-16.0,126
6602,1643.7249746472255,-24.0,-8.0,136
6603,1643.7373748449309,-32.0,-120.0,9
6604,1643.7581751765656,24.0,-80.0,61
6605,1643.787775648507,16.0,88.0,249
6606,1643.9249778360202,32.0,-64.0,80
6607,1643.95817836536,16.0,-88.0,51
6608,1643.95817836536,24.0,-112.0,25
6609,1644.0581799597574,16.0,-80.0,60
6610,1644.1045806995576,-24.0,48.0,199
6611,1644.1249810248148,0.0,0.0,148
6612,1644.2537830783983,24.0,128.0,295
6613,1644.276583441921,24.0,72.0,232
6614,1644.3373844113146,16.0,-40.0,105
6615,1644.4541862735705,8.0,-8.0,140
6616,1644.491786873064,-8.0,-48.0,93
6617,1644.6709897302237,8.0,-112.0,23
6618,1644.7249905911983,16.0,80.0,240
6619,1644.7877915924798,-24.0,80.0,235
6620,1644.7877915924798,-16.0,104.0,263
6621,1644.8705929126409,-16.0,56.0,209
6622,1644.8913932442756,8.0,0.0,149
6623,1645.087396369294,-32.0,24.0,171
6624,1645.1417972366462,0.0,-88.0,49
6625,1645.1709977022101,8.0,120.0,284
6626,1645.208198295326,-32.0,-72.0,63
6627,1645.2541990287486,-24.0,-24.0,118
6628,1645.441802019838,-8.0,64.0,219
6629,1645.487802753261,32.0,-56.0,89
6630,1645.5582038757166,16.0,-24.0,123
6631,1645.6750057379727,-32.0,128.0,288
6632,1645.8706088566137,32.0,56.0,215
6633,1645.8914091882484,-8.0,-72.0,66
6634,1646.1542133783244,-16.0,-8.0,137
6635,1646.1746137035814,24.0,-112.0,25
6636,1646.1746137035814,8.0,8.0,158
6637,1646.204214175523,-24.0,16.0,163
6638,1646.2914155658373,32.0,88.0,251
6639,1646.458218225292,32.0,-24.0,125
6640,1646.5250192903493,-16.0,-8.0,137
6641,1646.587820291631,0.0,8.0,157
6642,1646.6250208847468,0.0,-104.0,31
6643,1646.6750216819455,16.0,-120.0,15
6644,1646.6874218796504,0.0,24.0,175
6645,1646.7542229447079,-16.0,-40.0,101
6646,1646.9710264013613,-24.0,48.0,199
6647,1647.1082285888745,24.0,-8.0,142
6648,1647.1746296475542,0.0,-32.0,112
6649,1647.1874298516368,-8.0,-88.0,48
6650,1647.275031248329,16.0,-48.0,96
6651,1647.3914331042076,0.0,48.0,202
6652,1647.5874362292261,16.0,48.0,204
6653,1647.6078365544834,0.0,-120.0,13
6654,1647.6374370264248,32.0,-112.0,26
6655,1647.8246400111366,-8.0,96.0,255
6656,1647.8374402152194,0.0,64.0,220
6657,1647.9746424027326,16.0,-32.0,114
6658,1648.0374434040139,24.0,-8.0,142
6659,1648.474650374719,16.0,-64.0,78
6660,1648.5710519117179,-32.0,72.0,225
6661,1648.5910522305971,16.0,40.0,195
6662,1648.7414546285709,8.0,-64.0,77
6663,1648.7870553556158,-8.0,72.0,228
6664,1648.8414562229682,24.0,-64.0,79
6665,1648.9746583467054,-32.0,-56.0,81
6666,1649.0042588186468,-8.0,-64.0,75
6667,1649.0042588186468,-32.0,104.0,261
6668,1649.0246591439038,16.0,-72.0,69
6669,1649.0706598773268,-8.0,24.0,174
6670,1649.1582612740185,0.0,88.0,247
6671,1649.2914633977557,-32.0,48.0,198
6672,1649.303863595461,32.0,104.0,269
6673,1649.303863595461,24.0,112.0,277
6674,1649.3538643926597,24.0,-32.0,115
6675,1649.3746647242942,24.0,-24.0,124
6676,1649.6206686465118,-32.0,-104.0,27
6677,1649.7578708340247,32.0,-128.0,8
6678,1649.804271573825,8.0,-16.0,131
6679,1650.0078748200178,0.0,-40.0,103
6680,1650.0078748200178,8.0,48.0,203
6681,1650.104276357017,32.0,-24.0,125
6682,1650.1914777473314,16.0,-8.0,141
6683,1650.2542787486127,16.0,72.0,231
6684,1650.4078811976071,16.0,-24.0,123
6685,1650.4578819948058,16.0,120.0,285
6686,1650.520682996087,-8.0,-40.0,102
6687,1650.557883589203,0.0,-104.0,31
6688,1650.6078843864018,0.0,-128.0,4
6689,1650.674685451459,-8.0,-24.0,120
6690,1650.8414881109138,8.0,56.0,212
6691,1650.8414881109138,-8.0,48.0,201
6692,1650.8914889081125,16.0,88.0,249
6693,1650.8914889081125,8.0,-40.0,104
6694,1650.937489641535,16.0,0.0,150
6695,1650.937489641535,-8.0,104.0,264
6696,1651.0078907639906,8.0,0.0,149
6697,1651.020290961696,-8.0,-104.0,30
6698,1651.0578915611893,32.0,-128.0,8
6699,1651.0910920905292,32.0,40.0,197
6700,1651.103892294612,-32.0,16.0,162
6701,1651.103892294612,-8.0,-24.0,120
6702,1651.1538930918107,-16.0,128.0,290
6703,1651.1914936913042,32.0,-24.0,125
6704,1651.3206957512655,-24.0,40.0,190
6705,1651.3410960765225,-24.0,56.0,208
6706,1651.4578979387786,8.0,88.0,248
6707,1651.5538994694,8.0,-120.0,14
6708,1651.5538994694,-24.0,-72.0,64
6709,1651.6703013252784,24.0,128.0,295
6710,1651.6927016824234,-16.0,-32.0,110
6711,1651.7763030153396,0.0,72.0,229
6712,1651.8035034490156,0.0,-128.0,4
6713,1651.8911048457076,0.0,120.0,283
6714,1652.0207069120463,24.0,120.0,286
6715,1652.0579075051621,-8.0,64.0,219
6716,1652.1415088380784,-24.0,120.0,280
6717,1652.2243101582392,8.0,24.0,176
6718,1652.3539122245782,16.0,-24.0,123
6719,1652.391112817694,-24.0,-32.0,109
6720,1652.4911144120913,-16.0,32.0,182
6721,1652.5371151455138,0.0,72.0,229
6722,1652.5747157450073,16.0,80.0,240
6723,1652.6039162105712,16.0,24.0,177
6724,1652.641116803687,-8.0,24.0,174
6725,1652.6535170013924,-16.0,112.0,272
6726,1652.68711753711,-16.0,-40.0,101
6727,1652.853520190187,32.0,-72.0,71
6728,1652.853520190187,0.0,16.0,166
6729,1653.1911255728721,-32.0,24.0,171
6730,1653.2035257705775,24.0,32.0,187
6731,1653.224326102212,-16.0,64.0,218
6732,1653.2371263062948,32.0,40.0,197
6733,1653.2743268994107,0.0,56.0,211
6734,1653.3911287616668,-24.0,128.0,289
6735,1653.5411311532628,16.0,-112.0,24
6736,1653.5535313509681,-24.0,-96.0,37
6737,1653.6371326838841,16.0,56.0,213
6738,1653.8871366698772,8.0,-8.0,140
6739,1653.924337262993,8.0,-104.0,32
6740,1654.0039385321334,-8.0,-56.0,84
6741,1654.3871446418636,-8.0,96.0,255
6742,1654.4075449671207,32.0,-96.0,44
6743,1654.453945706921,-24.0,-96.0,37
6744,1654.4743460321781,-32.0,96.0,252
6745,1654.5039465041198,0.0,-88.0,49
6746,1654.7539504901129,-32.0,104.0,261
6747,1654.7743508153699,-8.0,104.0,264
6748,1654.8539520845102,-16.0,-104.0,29
6749,1654.9911542720233,-32.0,-16.0,126
6750,1655.0371550054458,16.0,-120.0,15
6751,1655.057555330703,0.0,64.0,220
6752,1655.1703571291832,8.0,-32.0,113
6753,1655.207557722299,32.0,8.0,161
6754,1655.3243595845552,8.0,-104.0,32
6755,1655.3743603817536,-32.0,64.0,216
6756,1655.4075609110935,0.0,-8.0,139
6757,1655.4075609110935,24.0,16.0,169
6758,1655.453961650894,-24.0,-32.0,109
6759,1655.5911638384068,24.0,40.0,196
6760,1655.9039688256817,-8.0,0.0,147
6761,1655.9743699481373,32.0,32.0,188
6762,1656.1075720718745,32.0,88.0,251
6763,1656.3035751968932,8.0,0.0,149
6764,1656.4075768550663,8.0,-56.0,86
6765,1656.6535807772837,32.0,80.0,242
6766,1656.7743827033155,32.0,96.0,260
6767,1656.8371837045972,-8.0,48.0,201
6768,1656.8371837045972,8.0,56.0,212
6769,1656.94118536277,-24.0,56.0,208
6770,1656.9535855604754,16.0,-56.0,87
6771,1657.0243866893088,8.0,0.0,149
6772,1657.15358874927,-8.0,-104.0,30
6773,1657.2075896102447,0.0,-120.0,13
6774,1657.237190082186,8.0,40.0,194
6775,1657.387192473782,-24.0,-16.0,127
6776,1657.424393066898,-8.0,-112.0,21
6777,1657.4535935324618,32.0,-8.0,143
6778,1657.473993857719,-16.0,56.0,209
6779,1657.486794061802,-16.0,-40.0,101
6780,1657.5407949227763,-24.0,-56.0,82
6781,1657.570395394718,-24.0,-72.0,64
6782,1657.7243978500896,32.0,96.0,260
6783,1657.8243994444872,24.0,104.0,268
6784,1657.8535999100511,24.0,48.0,205
6785,1658.2368060197814,8.0,56.0,212
6786,1658.3576079458132,-32.0,-88.0,45
6787,1658.4036086792362,0.0,-16.0,130
6788,1658.4536094764346,32.0,-128.0,8
6789,1658.6868131945694,8.0,-64.0,77
6790,1658.9204169190814,-32.0,-8.0,135
6791,1659.107619903793,-24.0,128.0,289
6792,1659.1536206372157,-32.0,56.0,207
6793,1659.2076214981903,24.0,-16.0,133
6794,1659.2200216958954,24.0,-80.0,61
6795,1659.2200216958954,0.0,-48.0,94
6796,1659.3368235581515,8.0,16.0,167
6797,1659.4240249484658,24.0,96.0,259
6798,1659.4536254204074,-24.0,96.0,253
6799,1659.5868275441446,-24.0,-88.0,46
6800,1659.6200280734847,0.0,-80.0,58
6801,1659.807631064574,24.0,80.0,241
6802,1659.8868323273364,32.0,-56.0,89
6803,1660.1240361092468,-32.0,-48.0,90
6804,1660.1364363069522,-32.0,-72.0,63
6805,1660.1740369064455,-16.0,112.0,272
6806,1660.1864371041509,0.0,-112.0,22
6807,1660.2072374357854,16.0,-16.0,132
6808,1660.2200376398682,-16.0,-80.0,56
6809,1660.2576382393618,-32.0,128.0,288
6810,1660.4368410965217,24.0,-72.0,70
6811,1660.4368410965217,-16.0,-80.0,56
6812,1660.5576430225535,-24.0,64.0,217
6813,1660.5700432202589,8.0,-96.0,41
6814,1660.6072438133747,8.0,-8.0,140
6815,1660.6072438133747,-8.0,-64.0,75
6816,1660.6404443427143,32.0,-128.0,8
6817,1660.6532445467974,-32.0,96.0,252
6818,1660.6532445467974,24.0,-8.0,142
6819,1660.7076454141495,0.0,88.0,247
6820,1660.7368458797134,-16.0,64.0,218
6821,1660.8072470021693,24.0,96.0,259
6822,1660.820047206252,24.0,64.0,223
6823,1660.8532477355918,24.0,48.0,205
6824,1660.8908483350854,32.0,120.0,287
6825,1660.9200488006493,16.0,0.0,150
6826,1661.0240504588226,16.0,-128.0,6
6827,1661.036450656528,-24.0,-16.0,127
6828,1661.036450656528,-8.0,-56.0,84
6829,1661.0864514537263,-8.0,8.0,156
6830,1661.2536541195586,-24.0,-48.0,91
6831,1661.2740544448156,16.0,-32.0,114
6832,1661.286454642521,-32.0,48.0,198
6833,1661.340855509873,16.0,40.0,195
6834,1661.3532557075782,8.0,0.0,149
6835,1661.4532573019756,32.0,-88.0,53
6836,1661.4532573019756,0.0,-24.0,121
6837,1661.4864578313154,0.0,80.0,238
6838,1661.50725816295,-24.0,-112.0,19
6839,1661.6032596935713,-24.0,-64.0,73
6840,1661.6700607586288,-16.0,-80.0,56
6841,1661.920064744622,24.0,-112.0,25
6842,1661.920064744622,24.0,-120.0,16
6843,1662.0908674678528,0.0,-48.0,94
6844,1662.0908674678528,0.0,16.0,166
6845,1662.1408682650513,0.0,-104.0,31
6846,1662.3240711859871,-32.0,-16.0,126
6847,1662.3700719194098,24.0,-48.0,97
6848,1662.519674304628,-24.0,-56.0,82
6849,1662.757278092916,0.0,104.0,265
6850,1662.8368793620564,-8.0,-40.0,102
6851,1662.8740799551722,8.0,-40.0,104
6852,1663.1072836733067,-16.0,56.0,209
6853,1663.2532860011268,16.0,56.0,213
6854,1663.3532875955239,-16.0,88.0,245
6855,1663.3532875955239,16.0,-72.0,69
6856,1663.3532875955239,8.0,120.0,284
6857,1663.424088724357,24.0,-120.0,16
6858,1663.5864913136584,-24.0,24.0,172
6859,1663.7700942409717,0.0,40.0,193
6860,1663.8572956312862,0.0,64.0,220
6861,1663.9032963647091,32.0,16.0,170
6862,1664.0904993494207,16.0,-16.0,132
6863,1664.0904993494207,-32.0,112.0,270
6864,1664.186500880042,32.0,32.0,188
6865,1664.274102276734,-8.0,104.0,264
6866,1664.3905041326125,8.0,-128.0,5
6867,1664.5073059948684,16.0,-120.0,15
6868,1664.607307589266,-32.0,-80.0,54
6869,1664.7069091772855,-24.0,-32.0,109
6870,1664.9365128380216,24.0,-112.0,25
6871,1664.9569131632788,24.0,-40.0,106
6872,1665.0365144324192,16.0,128.0,294
6873,1665.056914757676,-16.0,0.0,146
6874,1665.1197157589575,-16.0,-80.0,56
6875,1665.1529162882973,-24.0,72.0,226
6876,1665.1905168877909,-8.0,-96.0,39
6877,1665.352919477092,32.0,112.0,278
6878,1665.3737198087267,8.0,64.0,221
6879,1665.5033218750655,8.0,72.0,230
6880,1665.8237269835145,24.0,-72.0,70
6881,1665.869727716937,8.0,88.0,248
6882,1665.8901280421942,0.0,56.0,211
6883,1666.0697309057316,-32.0,104.0,261
6884,1666.1237317667062,-24.0,-112.0,19
6885,1666.1237317667062,0.0,32.0,184
6886,1666.1865327679877,-8.0,-56.0,84
6887,1666.286534362385,-8.0,8.0,156
6888,1666.306934687642,-8.0,120.0,282
6889,1666.6237397386926,-32.0,-8.0,135
6890,1666.7365415371726,24.0,-48.0,97
6891,1666.7737421302884,8.0,-112.0,23
6892,1666.8905439925445,-24.0,96.0,253
6893,1666.9197444581087,-24.0,120.0,280
6894,1666.9401447833657,8.0,-24.0,122
6895,1666.9905455869418,0.0,32.0,184
6896,1667.3697516328962,24.0,24.0,178
6897,1667.6529561482294,-16.0,96.0,254
6898,1667.7737580742612,24.0,104.0,268
6899,1667.8029585398253,-24.0,-80.0,55
6900,1667.8697596048826,0.0,-40.0,103
6901,1667.8901599301398,-32.0,-56.0,81
6902,1668.252965714613,16.0,16.0,168
6903,1668.290166307729,-16.0,80.0,236
6904,1668.3865678447278,-24.0,-32.0,109
6905,1668.4069681699848,8.0,-48.0,95
6906,1668.5901710909209,-32.0,48.0,198
6907,1668.823774815433,-32.0,-24.0,117
6908,1668.8865758167142,24.0,-88.0,52
6909,1669.0361782019327,-16.0,48.0,200
6910,1669.073778801426,24.0,-16.0,133
6911,1669.073778801426,0.0,88.0,247
6912,1669.086178999131,24.0,40.0,196
6913,1669.1901806573044,-8.0,72.0,228
6914,1669.2569817223618,24.0,-120.0,16
6915,1669.2693819200672,24.0,-40.0,106
6916,1669.4565849047788,24.0,-16.0,133
6917,1669.4565849047788,0.0,112.0,274
6918,1669.536186173919,-24.0,88.0,244
6919,1669.7197891012324,-8.0,80.0,237
6920,1669.7569896943482,8.0,-128.0,5
6921,1669.8697914928282,-8.0,-120.0,12
6922,1669.906992085944,-32.0,-56.0,81
6923,1669.9361925515082,16.0,-112.0,24
6924,1670.1065952683612,-32.0,-120.0,9
6925,1670.1401958040785,-24.0,-112.0,19
6926,1670.2197970732188,32.0,24.0,179
6927,1670.2401973984759,16.0,56.0,213
6928,1670.2525975961812,-16.0,112.0,272
6929,1670.490201384469,16.0,96.0,258
6930,1670.536202117892,0.0,80.0,238
6931,1670.5858029087128,0.0,-112.0,22
6932,1670.6066032403476,16.0,64.0,222
6933,1670.7070048411224,0.0,96.0,256
6934,1670.7194050388275,16.0,128.0,294
6935,1671.1402117480513,8.0,-104.0,32
6936,1671.4234162633845,-32.0,16.0,162
6937,1671.5030175325246,-8.0,-16.0,129
6938,1671.5734186549803,-16.0,-32.0,110
6939,1671.7026207149418,8.0,-56.0,86
6940,1671.740221314435,-8.0,-72.0,66
6941,1671.7526215121404,-8.0,-120.0,12
6942,1671.890223706031,0.0,-112.0,22
6943,1671.9026239037364,32.0,8.0,161
6944,1672.0234258297683,16.0,0.0,150
6945,1672.1694281575883,-16.0,8.0,155
6946,1672.2066287507039,32.0,-56.0,89
6947,1672.2694297519856,16.0,-112.0,24
6948,1672.2694297519856,8.0,16.0,167
6949,1672.3862316142418,32.0,128.0,296
6950,1672.407031945876,-24.0,80.0,235
6951,1672.4526326729215,-32.0,-16.0,126
6952,1672.5574343438498,24.0,-64.0,79
6953,1672.619435332376,32.0,-8.0,143
6954,1672.639835657633,24.0,80.0,241
6955,1672.736237194632,32.0,104.0,269
6956,1672.8066383170878,0.0,-120.0,13
6957,1672.9862411806253,8.0,-104.0,32
6958,1673.0066415058823,8.0,-96.0,41
6959,1673.036241977824,16.0,64.0,222
6960,1673.2194448987595,0.0,128.0,292
6961,1673.290246027593,-8.0,-16.0,129
6962,1673.4230481449524,24.0,-32.0,115
6963,1673.4358483490353,0.0,-88.0,49
6964,1673.45664868067,0.0,-96.0,40
6965,1673.6694520735475,24.0,88.0,250
6966,1673.7398531960032,24.0,-48.0,97
6967,1673.7694536679448,32.0,-112.0,26
6968,1674.0526581832778,8.0,40.0,194
6969,1674.1398595735923,8.0,-96.0,41
6970,1674.169460045534,-24.0,-104.0,28
6971,1674.252261365695,-8.0,-104.0,30
6972,1674.6234672840974,8.0,80.0,239
6973,1674.6858682790014,16.0,-56.0,87
6974,1674.7566694078346,16.0,-80.0,60
6975,1674.839870734373,-32.0,88.0,243
6976,1674.839870734373,-24.0,-48.0,91
6977,1674.8522709320785,24.0,48.0,205
6978,1674.885871467796,-32.0,-120.0,9
6979,1674.906271793053,-32.0,-88.0,45
6980,1675.0234736616867,-24.0,0.0,145
6981,1675.0858746565905,-16.0,-64.0,74
6982,1675.1734760532827,24.0,-64.0,79
6983,1675.256677379821,-8.0,80.0,237
6984,1675.3234784448784,24.0,16.0,169
6985,1675.3234784448784,24.0,-16.0,133
6986,1675.3358786425838,8.0,120.0,284
6987,1675.435880236981,-24.0,-88.0,46
6988,1675.6526836936343,32.0,-56.0,89
6989,1675.7066845546087,16.0,88.0,249
6990,1675.7066845546087,8.0,-88.0,50
6991,1675.8358866145702,16.0,56.0,213
6992,1675.8898874755448,-8.0,-56.0,84
6993,1676.0398898671406,-8.0,-128.0,3
6994,1676.3194943250755,32.0,-32.0,116
6995,1676.3194943250755,16.0,40.0,195
6996,1676.4066957153898,-16.0,112.0,272
6997,1676.5026972460112,-32.0,-64.0,72
6998,1676.539897839127,32.0,-88.0,53
6999,1676.569098304691,-8.0,120.0,282
7000,1676.569098304691,16.0,0.0,150
7001,1676.6690998990885,8.0,104.0,266
7002,1676.6895002243452,16.0,40.0,195
7003,1676.719100696287,16.0,-112.0,24
7004,1676.7859017613443,24.0,16.0,169
7005,1676.8063020866014,8.0,112.0,275
7006,1676.8191022906842,0.0,48.0,202
7007,1676.8691030878829,-16.0,0.0,146
7008,1676.989505007537,32.0,64.0,224
7009,1677.239908999908,16.0,-80.0,60
7010,1677.269109465472,24.0,80.0,241
7011,1677.5399137830998,16.0,-72.0,69
7012,1677.5399137830998,16.0,0.0,150
7013,1677.6691158430613,8.0,24.0,176
7014,1677.689516168318,-32.0,-104.0,27
7015,1677.702316372401,-24.0,120.0,280
7016,1677.7231167040356,-16.0,80.0,236
7017,1677.735516901741,8.0,16.0,167
7018,1677.8063180305742,-24.0,104.0,262
7019,1677.8359185025158,-24.0,96.0,253
7020,1677.8895193571127,16.0,8.0,159
7021,1677.9023195611956,-16.0,56.0,209
7022,1678.052721959169,16.0,-96.0,42
7023,1678.052721959169,16.0,-8.0,141
7024,1678.2691254094448,8.0,-104.0,32
7025,1678.6191309898354,-8.0,48.0,201
7026,1678.6563315829512,24.0,-40.0,106
7027,1678.7191325842325,32.0,-88.0,53
7028,1678.7191325842325,-32.0,16.0,162
7029,1678.806333974547,8.0,-88.0,50
7030,1678.8899353074632,24.0,-16.0,133
7031,1678.9023355051684,-32.0,24.0,171
7032,1678.9227358304254,8.0,-104.0,32
7033,1678.9687365638483,24.0,128.0,295
7034,1679.018737361047,8.0,48.0,203
7035,1679.0747382539093,-24.0,-24.0,118
7036,1679.1895400842773,0.0,80.0,238
7037,1679.473144605988,32.0,-40.0,107
7038,1679.473144605988,-16.0,-112.0,20
7039,1679.5191453394107,24.0,64.0,223
7040,1679.539545664668,0.0,120.0,283
7041,1679.6191469338082,32.0,80.0,242
7042,1679.6191469338082,-8.0,-56.0,84
7043,1679.6395472590652,24.0,-120.0,16
7044,1679.7395488534623,0.0,24.0,175
7045,1679.7859495932628,0.0,32.0,184
7046,1679.8395504478597,0.0,48.0,202
7047,1679.919151717,24.0,-120.0,16
7048,1679.9855527756797,0.0,120.0,283
7049,1680.0687541022182,24.0,128.0,295
7050,1680.0911544593635,-32.0,-8.0,135
7051,1680.1015546251806,24.0,96.0,259
7052,1680.1747557922795,24.0,-72.0,70
7053,1680.1851559580966,-8.0,32.0,183
7054,1680.224756589478,-24.0,48.0,199
7055,1680.339558419846,24.0,104.0,268
7056,1680.4227597463846,16.0,96.0,258
7057,1680.5731621443583,0.0,-72.0,67
7058,1680.5731621443583,24.0,-64.0,79
7059,1680.6227629351793,16.0,80.0,240
7060,1680.772765326775,-24.0,88.0,244
7061,1680.8563666596913,0.0,40.0,193
7062,1680.9355679224539,8.0,40.0,194
7063,1680.9559682477109,16.0,120.0,285
7064,1681.2727732987614,0.0,112.0,274
7065,1681.302373770703,0.0,8.0,157
7066,1681.32277409596,8.0,-120.0,14
7067,1681.335574300043,16.0,88.0,249
7068,1681.3895751610175,-32.0,120.0,279
7069,1681.401975358723,-8.0,64.0,219
7070,1681.4395759582162,0.0,-64.0,76
7071,1681.4519761559216,16.0,-24.0,123
7072,1681.4895767554146,-24.0,-48.0,91
7073,1681.53517748246,-16.0,-72.0,65
7074,1681.53517748246,8.0,96.0,257
7075,1681.6351790768572,16.0,-32.0,114
7076,1681.7727812707478,-32.0,-48.0,90
7077,1681.8023817426895,8.0,-112.0,23
7078,1681.869182807747,16.0,24.0,177
7079,1681.869182807747,-32.0,-64.0,72
7080,1681.9063834008628,24.0,-48.0,97
7081,1681.9355838664267,8.0,40.0,194
7082,1681.9855846636253,-32.0,128.0,288
7083,1682.1059865832797,-16.0,48.0,200
7084,1682.2023881202786,-24.0,-32.0,109
7085,1682.2727892427342,16.0,-40.0,105
7086,1682.2727892427342,32.0,40.0,197
7087,1682.6395950909837,-32.0,-96.0,36
7088,1682.6687955565476,24.0,24.0,178
7089,1682.7727972147206,-16.0,96.0,254
7090,1682.868798745342,-16.0,-72.0,65
7091,1682.9688003397396,-16.0,16.0,164
7092,1683.0060009328554,0.0,-16.0,130
7093,1683.0356014047968,24.0,-104.0,34
7094,1683.1188027313353,16.0,88.0,249
7095,1683.28560539079,-32.0,-96.0,36
7096,1683.3060057160471,-32.0,-8.0,135
7097,1683.3356061879886,16.0,-80.0,60
7098,1683.422807578303,0.0,-16.0,130
7099,1683.8188138921164,16.0,24.0,177
7100,1683.8188138921164,0.0,112.0,274
7101,1683.872814753091,-32.0,-88.0,45
7102,1684.0224171383093,-32.0,24.0,171
7103,1684.122818739084,-8.0,56.0,210
7104,1684.1688194725068,16.0,64.0,222
7105,1684.2356205375643,-32.0,16.0,162
7106,1684.30602166002,8.0,-64.0,77
7107,1684.3520223934427,0.0,-80.0,58
7108,1684.3724227186997,-24.0,80.0,235
7109,1684.3852229227825,-8.0,0.0,147
7110,1684.4228235222758,16.0,-104.0,33
7111,1684.4856245235574,32.0,-40.0,107
7112,1684.5060248488146,-16.0,72.0,227
7113,1684.5184250465197,0.0,-104.0,31
7114,1684.5392253781542,-16.0,104.0,263
7115,1684.552025582237,32.0,120.0,287
7116,1684.6224267046928,-32.0,72.0,225
7117,1684.6520271766344,-8.0,40.0,192
7118,1684.6724275018914,-24.0,-80.0,55
7119,1684.7184282353141,0.0,-32.0,112
7120,1684.8892309585449,32.0,-128.0,8
7121,1684.9224314878848,-24.0,32.0,181
7122,1684.9688322276852,-24.0,104.0,262
7123,1684.989232552942,-16.0,-72.0,65
7124,1684.989232552942,-8.0,32.0,183
7125,1685.0356332927424,0.0,8.0,157
7126,1685.268837010877,8.0,-96.0,41
7127,1685.4060391983899,32.0,-80.0,62
7128,1685.4724402570696,16.0,-96.0,42
7129,1685.5688417940687,-24.0,104.0,262
7130,1685.5892421193257,8.0,-24.0,122
7131,1685.956047967575,8.0,-128.0,5
7132,1686.0020487009976,-16.0,-120.0,11
7133,1686.106050359171,-16.0,-96.0,38
7134,1686.2016518834148,8.0,104.0,266
7135,1686.3188537520484,32.0,-88.0,53
7136,1686.4016550722092,-8.0,-120.0,12
7137,1686.6392588604974,8.0,-80.0,59
7138,1686.7188601296375,8.0,-16.0,131
7139,1686.7188601296375,16.0,-16.0,132
7140,1686.8228617878106,24.0,88.0,250
7141,1686.9892644408876,-32.0,88.0,243
7142,1687.1224665646248,16.0,104.0,267
7143,1687.3184696896435,-32.0,128.0,288
7144,1687.339270021278,-16.0,-88.0,47
7145,1687.5020726169569,-16.0,56.0,209
7146,1687.8224777254059,0.0,-80.0,58
7147,1688.0224809142005,-16.0,48.0,200
7148,1688.0348811119056,0.0,16.0,166
7149,1688.0556814435402,-24.0,-56.0,82
7150,1688.068481647623,-16.0,0.0,146
7151,1688.068481647623,0.0,-104.0,31
7152,1688.1224825085976,-8.0,-120.0,12
7153,1688.1684832420206,0.0,-16.0,130
7154,1688.218484039219,8.0,80.0,239
7155,1688.352086169334,16.0,-8.0,141
7156,1688.3892867624497,-24.0,-96.0,37
7157,1688.3892867624497,32.0,104.0,269
7158,1688.4388875532707,24.0,-56.0,88
7159,1688.4516877573537,0.0,48.0,202
7160,1688.472488088988,0.0,-16.0,130
7161,1688.472488088988,-16.0,56.0,209
7162,1688.5352890902698,32.0,96.0,260
7163,1688.768492808404,8.0,40.0,194
7164,1689.0352970622562,0.0,8.0,157
7165,1689.072497655372,-24.0,32.0,181
7166,1689.0848978530773,8.0,-64.0,77
7167,1689.1392987204295,0.0,-56.0,85
7168,1689.1684991859934,-24.0,-96.0,37
7169,1689.1888995112502,-32.0,104.0,261
7170,1689.1888995112502,32.0,40.0,197
7171,1689.452103707704,-16.0,-24.0,119
7172,1689.5725056273584,0.0,112.0,274
7173,1689.655706953897,24.0,120.0,286
7174,1689.655706953897,-32.0,40.0,189
7175,1689.6853074258383,32.0,-120.0,17
7176,1689.7853090202357,-32.0,104.0,261
7177,1689.83930988121,32.0,40.0,197
7178,1689.8517100789154,-8.0,-32.0,111
7179,1689.951711673313,-24.0,128.0,289
7180,1690.05171326771,8.0,-80.0,59
7181,1690.1685151299662,-16.0,-80.0,56
7182,1690.188915455223,32.0,72.0,233
7183,1690.188915455223,-32.0,-120.0,9
7184,1690.2725167881392,-8.0,40.0,192
7185,1690.6405226555212,24.0,128.0,295
7186,1690.6681230955749,-24.0,-40.0,100
7187,1690.6905234527198,0.0,40.0,193
7188,1690.7181238927735,24.0,0.0,151
7189,1690.7573245177773,0.0,0.0,148
7190,1690.8181254871708,-32.0,-8.0,135
7191,1690.8389258188054,-32.0,-24.0,117
7192,1690.8849265522283,-8.0,-56.0,84
7193,1690.9057268838628,0.0,56.0,211
7194,1690.9889282104016,-24.0,88.0,244
7195,1691.0013284081065,16.0,-56.0,87
7196,1691.1517308060802,-16.0,80.0,236
7197,1691.1721311313372,-32.0,-32.0,108
7198,1691.2057316670548,24.0,-56.0,88
7199,1691.3185334655348,-8.0,-64.0,75
7200,1691.3889345879904,-24.0,-32.0,109
7201,1691.555737247445,24.0,8.0,160
7202,1691.555737247445,-8.0,-64.0,75
7203,1691.6225383125025,-32.0,88.0,243
7204,1691.6849393074065,0.0,-64.0,76
7205,1691.8725422984958,16.0,-80.0,60
7206,1691.9685438291172,0.0,-24.0,121
7207,1692.1349464821942,-16.0,-56.0,83
7208,1692.1553468074512,16.0,-48.0,96
7209,1692.2017475472517,8.0,40.0,194
7210,1692.3349496709889,0.0,32.0,184
7211,1692.451751533245,-32.0,48.0,198
7212,1692.5057523942194,24.0,-32.0,115
7213,1692.5057523942194,-16.0,40.0,191
7214,1692.5389529235592,-8.0,64.0,219
7215,1692.5849536569822,8.0,64.0,221
7216,1692.651354715662,24.0,112.0,277
7217,1692.9557595690071,-24.0,-120.0,10
7218,1693.0185605702886,-16.0,128.0,290
7219,1693.0721614248855,8.0,64.0,221
7220,1693.0845616225909,-16.0,-128.0,2
7221,1693.538968867532,-16.0,16.0,164
7222,1693.584969600955,8.0,-8.0,140
7223,1693.6557707297882,-16.0,-32.0,110
7224,1693.7721725856666,24.0,96.0,259
7225,1693.9681757106853,0.0,112.0,274
7226,1694.055777107377,32.0,48.0,206
7227,1694.118178102281,8.0,-8.0,140
7228,1694.2181796966784,-8.0,-72.0,66
7229,1694.2385800219354,0.0,-56.0,85
7230,1694.2513802260182,-16.0,72.0,227
7231,1694.3181812910757,32.0,-128.0,8
7232,1694.501784218389,-24.0,-48.0,91
7233,1694.5389848115049,-16.0,-32.0,110
7234,1694.5849855449278,16.0,-56.0,87
7235,1694.6053858701846,-16.0,120.0,281
7236,1694.651786609985,8.0,8.0,158
7237,1694.651786609985,-32.0,-72.0,63
7238,1694.7385879939218,-32.0,128.0,288
7239,1694.7513881980046,16.0,32.0,186
7240,1694.9181908574592,-32.0,-64.0,72
7241,1695.1389943778886,0.0,-32.0,112
7242,1695.1681948434525,-24.0,24.0,172
7243,1695.2221957044271,-24.0,-72.0,64
7244,1695.2345959021325,-8.0,112.0,273
7245,1695.255396233767,-16.0,96.0,254
7246,1695.4345990909271,-24.0,-80.0,55
7247,1695.5222004876189,0.0,24.0,175
7248,1695.5682012210416,-24.0,-112.0,19
7249,1695.801404939176,-24.0,80.0,235
7250,1695.8722060680095,16.0,88.0,249
7251,1696.0678091866505,0.0,0.0,148
7252,1696.0678091866505,-16.0,64.0,218
7253,1696.1222100540026,24.0,64.0,223
7254,1696.2886127070797,0.0,112.0,274
7255,1696.3014129111625,-8.0,-8.0,138
7256,1696.3014129111625,-8.0,-32.0,111
7257,1696.3554137721371,16.0,104.0,267
7258,1696.4350150412774,32.0,-24.0,125
7259,1696.5222164315917,0.0,-56.0,85
7260,1696.534616629297,0.0,-96.0,40
7261,1696.5722172287904,-24.0,64.0,217
7262,1696.6386182874703,-16.0,32.0,182
7263,1696.6510184851754,-16.0,56.0,209
7264,1696.6510184851754,-8.0,-120.0,12
7265,1696.7386198818674,-24.0,0.0,145
7266,1696.8222212147834,-16.0,72.0,227
7267,1696.8722220119823,16.0,40.0,195
7268,1696.8846222096874,24.0,40.0,196
7269,1696.951423274745,24.0,112.0,277
7270,1697.084625398482,-32.0,16.0,162
7271,1697.1222259979754,24.0,56.0,214
7272,1697.205427324514,16.0,-8.0,141
7273,1697.234627790078,16.0,-24.0,123
7274,1697.3014288551353,24.0,-64.0,79
7275,1697.455431310507,-32.0,40.0,189
7276,1697.455431310507,-24.0,-104.0,28
7277,1697.5554329049046,8.0,-8.0,140
7278,1697.6014336383273,-32.0,-24.0,117
7279,1697.6014336383273,-16.0,-112.0,20
7280,1697.6386342314431,0.0,88.0,247
7281,1697.7014352327244,-24.0,-112.0,19
7282,1697.7682362977819,8.0,16.0,167
7283,1697.8182370949805,-8.0,40.0,192
7284,1697.9010384151413,24.0,8.0,160
7285,1697.921838746776,-16.0,-64.0,74
7286,1697.9346389508592,24.0,72.0,232
7287,1698.3014447991081,8.0,-128.0,5
7288,1698.3554456600828,-32.0,72.0,225
7289,1698.4014463935055,-8.0,-16.0,129
7290,1698.4218467187625,-24.0,-24.0,118
7291,1698.6050496396983,-8.0,-104.0,30
7292,1698.7014511766972,32.0,104.0,269
7293,1698.8514535682932,-16.0,-128.0,2
7294,1699.0886573502037,16.0,-48.0,96
7295,1699.2346596780237,-32.0,128.0,288
7296,1699.2550600032805,-16.0,88.0,245
7297,1699.2846604752222,24.0,-56.0,88
7298,1699.4014623374783,-16.0,-32.0,110
7299,1699.484263657639,-24.0,104.0,262
7300,1699.5218642571326,8.0,120.0,284
7301,1699.5342644548377,-16.0,56.0,209
7302,1699.6386661193887,8.0,40.0,194
7303,1699.705467184446,16.0,48.0,204
7304,1699.8014687150674,8.0,128.0,293
7305,1699.9218706347217,16.0,-40.0,105
7306,1700.2178753541377,16.0,-88.0,51
7307,1700.3718778095094,-24.0,24.0,172
7308,1700.601081463868,16.0,24.0,177
7309,1700.68868286056,32.0,-128.0,8
7310,1700.7010830582653,-24.0,8.0,154
7311,1700.7886844549573,0.0,40.0,193
7312,1700.851085449861,-8.0,-120.0,12
7313,1700.9050863108357,24.0,24.0,178
7314,1700.9346867827776,-32.0,104.0,261
7315,1701.155090296829,-32.0,-80.0,54
7316,1701.1846907687707,24.0,56.0,214
7317,1701.3218929562836,-16.0,40.0,191
7318,1701.5382964065593,-24.0,8.0,154
7319,1701.5382964065593,16.0,-48.0,96
7320,1701.5510966106422,16.0,56.0,213
7321,1701.5714969358994,0.0,-128.0,4
7322,1701.5842971399823,-24.0,-48.0,91
7323,1701.6550982688154,-32.0,40.0,189
7324,1701.8011005966355,-16.0,-120.0,11
7325,1701.8215009218925,-16.0,128.0,290
7326,1701.8343011259753,16.0,-104.0,33
7327,1701.8719017254687,8.0,-128.0,5
7328,1702.1051054436032,16.0,-64.0,78
7329,1702.1731065277934,-16.0,-32.0,110
7330,1702.1731065277934,24.0,128.0,295
7331,1702.2675080329043,-16.0,112.0,272
7332,1702.438310756135,24.0,-80.0,61
7333,1702.555112618391,8.0,-56.0,86
7334,1702.6179136196724,-32.0,128.0,288
7335,1702.6719144806468,-32.0,-88.0,45
7336,1702.871517663064,8.0,80.0,239
7337,1702.8843178671468,-16.0,-40.0,101
7338,1702.9047181924038,0.0,128.0,292
7339,1702.9679192000629,32.0,0.0,152
7340,1703.0051197931787,-16.0,32.0,182
7341,1703.1219216554346,-24.0,-72.0,64
7342,1703.13432185314,-16.0,40.0,191
7343,1703.2883243085118,24.0,120.0,286
7344,1703.4179263748506,24.0,-24.0,124
7345,1703.534328230729,-32.0,32.0,180
7346,1703.6343298251263,-24.0,-128.0,1
7347,1703.6547301503833,8.0,0.0,149
7348,1703.7011308901838,-24.0,-24.0,118
7349,1704.08833706369,-16.0,80.0,236
7350,1704.08833706369,0.0,-88.0,49
7351,1704.1007372613954,0.0,-128.0,4
7352,1704.12153759303,32.0,-120.0,17
7353,1704.2011388621702,32.0,128.0,296
7354,1704.2555397295223,8.0,64.0,221
7355,1704.2671399144724,-32.0,-128.0,0
7356,1704.2887402588622,24.0,-128.0,7
7357,1704.3391410624383,16.0,-8.0,141
7358,1704.384341783106,0.0,-120.0,13
7359,1704.404742108363,-8.0,-80.0,57
7360,1704.4343425803047,-8.0,104.0,264
7361,1704.4547429055617,8.0,-120.0,14
7362,1704.5339441683243,-16.0,112.0,272
7363,1704.5715447678178,32.0,24.0,179
7364,1704.583944965523,-24.0,-88.0,46
7365,1704.6047452971575,16.0,-56.0,87
7366,1704.6047452971575,-16.0,64.0,218
7367,1704.6047452971575,32.0,-56.0,89
7368,1704.755147695131,8.0,112.0,275
7369,1704.8511492257524,-16.0,112.0,272
7370,1704.967551081631,32.0,8.0,161
7371,1704.987951406888,-16.0,128.0,290
7372,1705.1383538048615,-32.0,120.0,279
7373,1705.1715543342013,8.0,-88.0,50
7374,1705.1839545319067,16.0,64.0,222
7375,1705.3339569235025,24.0,-96.0,43
7376,1705.36755745922,-32.0,64.0,216
7377,1705.5047596467332,0.0,40.0,193
7378,1705.517559850816,-32.0,-48.0,90
7379,1705.601161183732,0.0,-80.0,58
7380,1705.6215615089893,-8.0,-24.0,120
7381,1705.8171646276303,-24.0,40.0,190
7382,1705.8171646276303,-16.0,32.0,182
7383,1705.837964959265,-8.0,-88.0,48
7384,1705.934366496264,-8.0,-8.0,138
7385,1705.9883673572385,16.0,-32.0,114
7386,1706.2843720766543,-16.0,112.0,272
7387,1706.3215726697701,-24.0,8.0,154
7388,1706.3507731353343,8.0,56.0,212
7389,1706.371173460591,-16.0,-40.0,101
7390,1706.4879753228472,16.0,40.0,195
7391,1706.50077552693,16.0,-16.0,132
7392,1706.50077552693,16.0,80.0,240
7393,1706.50077552693,8.0,-48.0,95
7394,1706.521175852187,32.0,80.0,242
7395,1706.521175852187,0.0,-56.0,85
7396,1706.9715830333523,24.0,40.0,196
7397,1707.1711862157695,-32.0,-96.0,36
7398,1707.3007882821084,0.0,-16.0,130
7399,1707.3671893407882,-24.0,96.0,253
7400,1707.3879896724227,-32.0,-96.0,36
7401,1707.4175901443643,32.0,-104.0,35
7402,1707.5343920066202,-24.0,8.0,154
7403,1707.5671925295828,-8.0,-88.0,48
7404,1707.6675941303577,-16.0,112.0,272
7405,1707.7047947234735,-16.0,96.0,254
7406,1707.9507986456906,8.0,-48.0,95
7407,1707.9711989709479,-32.0,-40.0,99
7408,1707.9711989709479,8.0,-40.0,104
7409,1708.050800240088,-16.0,-96.0,38
7410,1708.1504018281078,-32.0,56.0,207
7411,1708.1504018281078,-24.0,-72.0,64
7412,1708.188002427601,0.0,48.0,202
7413,1708.2340031610238,-8.0,-120.0,12
7414,1708.2544034862808,32.0,80.0,242
7415,1708.3544050806781,16.0,-24.0,123
7416,1708.4544066750752,-32.0,-8.0,135
7417,1708.5176076827345,-8.0,40.0,192
7418,1708.6880103995875,24.0,-40.0,106
7419,1708.7548114646447,0.0,0.0,148
7420,1708.9048138562407,-8.0,-24.0,120
7421,1709.0216157184966,0.0,-120.0,13
7422,1709.0216157184966,-8.0,-64.0,75
7423,1709.1212173065164,32.0,0.0,152
7424,1709.2008185756565,-8.0,-96.0,39
7425,1709.5048234226244,-8.0,-40.0,102
7426,1709.5340238881884,8.0,-72.0,68
7427,1709.7172268091242,-8.0,16.0,165
7428,1709.9172299979186,8.0,-112.0,23
7429,1710.021231656092,8.0,0.0,149
7430,1710.0336318537973,0.0,-56.0,85
7431,1710.150833722431,0.0,16.0,166
7432,1710.254835380604,32.0,72.0,233
7433,1710.2672355783093,-16.0,40.0,191
7434,1710.3048361778026,-16.0,112.0,272
7435,1710.4048377722,24.0,8.0,160
7436,1710.4672387671037,8.0,-32.0,113
7437,1710.5172395643026,-24.0,48.0,199
7438,1710.571240425277,8.0,16.0,167
7439,1710.6212412224756,-8.0,56.0,210
7440,1710.6508416944173,-16.0,-112.0,20
7441,1710.6712420196743,-8.0,120.0,282
7442,1710.6836422173794,-24.0,-16.0,127
7443,1710.7044425490142,8.0,104.0,266
7444,1710.9172459418915,8.0,-8.0,140
7445,1710.9712468028663,-32.0,-80.0,54
7446,1710.9836470005712,24.0,-24.0,124
7447,1711.2340509929422,-8.0,40.0,192
7448,1711.3212523832565,32.0,32.0,188
7449,1711.384053384538,8.0,-24.0,122
7450,1711.4044537097952,8.0,-72.0,68
7451,1711.4168539075006,-24.0,-16.0,127
7452,1711.4168539075006,24.0,-56.0,88
7453,1711.437654239135,24.0,72.0,232
7454,1711.5008552467941,0.0,80.0,238
7455,1711.5212555720511,-24.0,104.0,262
7456,1711.6336573641538,-8.0,40.0,192
7457,1711.6712579636471,32.0,88.0,251
7458,1711.6836581613522,8.0,104.0,266
7459,1711.7340589649286,16.0,40.0,195
7460,1711.7544592901857,-16.0,104.0,263
7461,1711.7840597621273,-32.0,-40.0,99
7462,1712.0544640733776,0.0,-56.0,85
7463,1712.0544640733776,16.0,56.0,213
7464,1712.0668642710827,32.0,-128.0,8
7465,1712.104464870576,-16.0,-48.0,92
7466,1712.1168650682812,24.0,80.0,241
7467,1712.1544656677747,-24.0,16.0,163
7468,1712.4544704509665,8.0,64.0,221
7469,1712.4668706486718,0.0,120.0,283
7470,1712.5712723132226,-32.0,-16.0,126
7471,1712.7004743731839,16.0,0.0,150
7472,1712.8004759675812,-32.0,-24.0,117
7473,1712.917277829837,32.0,96.0,260
7474,1713.0340796920932,0.0,-48.0,94
7475,1713.0544800173504,-24.0,96.0,253
7476,1713.0544800173504,24.0,56.0,214
7477,1713.1712818796063,32.0,72.0,233
7478,1713.2840836780865,-16.0,-88.0,47
7479,1713.4172858018235,16.0,16.0,168
7480,1713.5004871283622,-32.0,0.0,144
7481,1713.520887453619,16.0,128.0,294
7482,1713.533687657702,24.0,32.0,187
7483,1713.6672897878168,32.0,-104.0,35
7484,1713.6672897878168,-8.0,8.0,156
7485,1713.7000903107792,32.0,112.0,278
7486,1713.7672913822141,32.0,16.0,170
7487,1713.9544943669257,24.0,-16.0,133
7488,1714.0172953682074,-16.0,104.0,263
7489,1714.0376956934645,-32.0,-64.0,72
7490,1714.1172969626045,0.0,48.0,202
7491,1714.1172969626045,-16.0,-24.0,119
7492,1714.1836980212843,32.0,80.0,242
7493,1714.2712994179765,-24.0,0.0,145
7494,1714.3004998835404,32.0,96.0,260
7495,1714.4173017457963,0.0,-64.0,76
7496,1714.454502338912,-24.0,-80.0,55
7497,1714.454502338912,-16.0,0.0,146
7498,1714.5713042011682,-32.0,112.0,270
7499,1714.7173065289883,-8.0,128.0,291
7500,1714.7837075876682,0.0,112.0,274
7501,1714.804107912925,-32.0,64.0,216
7502,1714.8505086527255,-16.0,16.0,164
7503,1714.887709245841,-24.0,64.0,217
7504,1714.9833107700852,32.0,-128.0,8
7505,1715.0377116374373,8.0,-24.0,122
7506,1715.0377116374373,32.0,64.0,224
7507,1715.0877124346357,8.0,-40.0,104
7508,1715.100112632341,32.0,104.0,269
7509,1715.2545150940905,0.0,88.0,247
7510,1715.2669152917956,32.0,-56.0,89
7511,1715.3673168925707,24.0,-112.0,25
7512,1715.487718812225,-24.0,96.0,253
7513,1715.5505198135063,32.0,-72.0,71
7514,1715.6209209359622,-24.0,40.0,190
7515,1715.666921669385,24.0,32.0,187
7516,1715.687321994642,32.0,-8.0,143
7517,1715.8045238632756,-32.0,64.0,216
7518,1715.8169240609807,24.0,0.0,151
7519,1715.904525457673,-32.0,96.0,252
7520,1715.9837267204352,16.0,16.0,168
7521,1716.0505277854927,-16.0,-88.0,47
7522,1716.1337291120315,-24.0,128.0,289
7523,1716.1541294372885,16.0,-128.0,6
7524,1716.2377307702045,16.0,-16.0,132
7525,1716.5045350240564,-16.0,-8.0,137
7526,1716.5337354896205,32.0,-16.0,134
7527,1716.620936879935,-8.0,72.0,228
7528,1716.7041382064735,8.0,64.0,221
7529,1716.7877395393896,-24.0,-80.0,55
7530,1717.054143786864,8.0,120.0,284
7531,1717.0837442588056,-16.0,-24.0,119
7532,1717.1541453812613,-24.0,48.0,199
7533,1717.2169463825428,32.0,-56.0,89
7534,1717.2669471797412,8.0,-112.0,23
7535,1717.3377483085746,0.0,-104.0,31
7536,1717.35014850628,32.0,-8.0,143
7537,1717.4165495649597,-24.0,8.0,154
7538,1717.6541533532477,-32.0,-40.0,99
7539,1717.904157339241,24.0,-104.0,34
7540,1717.9165575369461,-32.0,32.0,180
7541,1717.987758672157,-8.0,-88.0,48
7542,1718.016959137721,24.0,40.0,196
7543,1718.0881602729319,32.0,128.0,296
7544,1718.1213608022717,-24.0,8.0,154
7545,1718.1501612614582,-16.0,72.0,227
7546,1718.3205639783112,24.0,96.0,259
7547,1718.3709647818873,-8.0,128.0,291
7548,1718.3833649795927,32.0,128.0,296
7549,1718.4213655854637,24.0,16.0,169
7550,1718.45016604465,-24.0,-120.0,10
7551,1718.5165671033299,24.0,48.0,205
7552,1718.5665679005285,24.0,64.0,223
7553,1718.670969565079,0.0,-40.0,103
7554,1718.7373706237588,8.0,-32.0,113
7555,1718.7873714209577,-16.0,80.0,236
7556,1718.833772160758,16.0,112.0,276
7557,1718.854172486015,16.0,-8.0,141
7558,1718.9001732194376,8.0,16.0,167
7559,1718.920573544695,32.0,88.0,251
7560,1719.004174877611,24.0,96.0,259
7561,1719.0165750753163,-16.0,112.0,272
7562,1719.104176472008,8.0,16.0,167
7563,1719.2165782641107,24.0,-40.0,106
7564,1719.3833809235655,-32.0,-16.0,126
7565,1719.4501819886227,-24.0,64.0,217
7566,1719.5709839146548,-8.0,72.0,228
7567,1719.58338411236,16.0,112.0,276
7568,1719.6497851710399,16.0,72.0,231
7569,1719.704186038392,8.0,120.0,284
7570,1719.716586236097,-32.0,128.0,288
7571,1719.8669886340706,32.0,56.0,215
7572,1719.8885889784603,24.0,128.0,295
7573,1719.9557900498955,8.0,-16.0,131
7574,1719.9829904835717,16.0,-120.0,15
7575,1720.1041924159808,0.0,120.0,283
7576,1720.303795598398,16.0,-40.0,105
7577,1720.3833968675383,32.0,128.0,296
7578,1720.4045972055505,-8.0,40.0,192
7579,1720.4665981940766,-16.0,80.0,236
7580,1720.5165989912755,24.0,64.0,223
7581,1720.5545995971465,-32.0,56.0,207
7582,1720.6502011213902,0.0,24.0,175
7583,1720.6706014466472,-24.0,-64.0,73
7584,1720.7374025117044,-16.0,88.0,245
7585,1721.1874096864924,0.0,72.0,229
7586,1721.2166101520563,32.0,0.0,152
7587,1721.3042115487483,-32.0,-64.0,72
7588,1721.3166117464536,0.0,0.0,148
7589,1721.354212345947,-32.0,72.0,225
7590,1721.3666125436523,24.0,-112.0,25
7591,1721.4042131431459,-24.0,48.0,199
7592,1721.8874208472732,-32.0,-48.0,90
7593,1722.0666237044334,-8.0,-112.0,21
7594,1722.1374248332666,24.0,16.0,169
7595,1722.1666252988305,-16.0,72.0,227
7596,1722.3166276904265,-32.0,72.0,225
7597,1722.3666284876251,8.0,-96.0,41
7598,1722.5502314149385,24.0,-120.0,16
7599,1722.5706317401955,8.0,-96.0,41
7600,1722.6002322121371,24.0,-80.0,61
7601,1722.7706349289901,-32.0,-120.0,9
7602,1722.7830351266955,32.0,48.0,206
7603,1723.0374391828423,-8.0,-32.0,111
7604,1723.0498393805474,24.0,80.0,241
7605,1723.070639712182,8.0,96.0,257
7606,1723.1166404456046,8.0,32.0,185
7607,1723.1538410387204,0.0,-16.0,130
7608,1723.1538410387204,-16.0,80.0,236
7609,1723.4206452925725,24.0,-128.0,7
7610,1723.5498473525338,8.0,-24.0,122
7611,1723.5702476777908,24.0,40.0,196
7612,1723.5702476777908,24.0,-72.0,70
7613,1723.920653264559,8.0,-112.0,23
7614,1723.9498537301229,-24.0,112.0,271
7615,1723.9870543232387,32.0,-16.0,134
7616,1724.0498553245202,-8.0,-56.0,84
7617,1724.0702556497772,24.0,80.0,241
7618,1724.08305585386,8.0,80.0,239
7619,1724.1162563832,8.0,16.0,167
7620,1724.3202596357705,-32.0,-128.0,0
7621,1724.3202596357705,32.0,-40.0,107
7622,1724.3330598398534,32.0,128.0,296
7623,1724.3710604457242,32.0,-88.0,53
7624,1724.4330614342505,-16.0,-112.0,20
7625,1724.4330614342505,-24.0,-32.0,109
7626,1724.4542617722627,0.0,-8.0,139
7627,1724.6538649546796,-16.0,96.0,254
7628,1724.7166659559612,24.0,72.0,232
7629,1724.753866549077,-8.0,0.0,147
7630,1724.753866549077,-16.0,-56.0,83
7631,1724.8706684113329,32.0,-56.0,89
7632,1724.949469667718,-16.0,-96.0,38
7633,1725.0206708029289,0.0,24.0,175
7634,1725.1038721294676,8.0,88.0,248
7635,1725.1330725950315,24.0,-32.0,115
7636,1725.2330741894289,-24.0,-104.0,28
7637,1725.4666779139407,-16.0,40.0,191
7638,1725.4666779139407,-24.0,-16.0,127
7639,1725.587079833595,-32.0,24.0,171
7640,1725.7706827609086,-32.0,-128.0,0
7641,1725.86668429153,24.0,72.0,232
7642,1726.1538888706389,8.0,128.0,293
7643,1726.2330901334017,24.0,0.0,151
7644,1726.2534904586587,-32.0,0.0,144
7645,1726.2534904586587,0.0,-32.0,112
7646,1726.2830909306003,16.0,40.0,195
7647,1726.2830909306003,24.0,104.0,268
7648,1726.437093385972,16.0,32.0,186
7649,1726.466293851536,8.0,-112.0,23
7650,1726.4870941831707,-24.0,-128.0,1
7651,1726.5498951844522,16.0,-120.0,15
7652,1726.6826973018117,8.0,-40.0,104
7653,1726.7034976334464,-16.0,120.0,281
7654,1726.85390003142,-32.0,-128.0,0
7655,1726.9499015620413,24.0,-88.0,52
7656,1726.9703018872983,24.0,-80.0,61
7657,1726.9703018872983,8.0,-80.0,59
7658,1727.2039056118103,-24.0,96.0,253
7659,1727.3663082011117,32.0,-80.0,62
7660,1727.3867085263687,24.0,0.0,151
7661,1727.4163089983103,-16.0,64.0,218
7662,1727.4871101271435,24.0,40.0,196
7663,1727.4995103248489,-16.0,48.0,200
7664,1727.5203106564834,24.0,-104.0,34
7665,1727.570311453682,-8.0,-48.0,93
7666,1727.6203122508807,-8.0,16.0,165
7667,1727.6995135136433,-8.0,-112.0,21
7668,1727.9663177674952,32.0,-128.0,8
7669,1728.003518360611,24.0,24.0,178
7670,1728.0999198976099,-8.0,88.0,246
7671,1728.137120490726,-8.0,-128.0,3
7672,1728.149520688431,32.0,-72.0,71
7673,1728.1871212879246,32.0,-64.0,80
7674,1728.283122818546,-32.0,0.0,144
7675,1728.332723609367,-16.0,-80.0,56
7676,1728.3995246744241,-8.0,128.0,291
7677,1728.4371252739177,-16.0,16.0,164
7678,1728.4663257394816,0.0,104.0,265
7679,1728.5203266004562,-32.0,-88.0,45
7680,1728.687129259911,-8.0,-128.0,3
7681,1728.699529457616,-32.0,-8.0,135
7682,1728.787130854308,16.0,-120.0,15
7683,1729.220337761237,-24.0,-104.0,28
7684,1729.3163392918584,0.0,120.0,283
7685,1729.4827419449357,32.0,128.0,296
7686,1729.5159424742756,-16.0,-48.0,92
7687,1729.587543615864,-8.0,0.0,147
7688,1729.599143800814,8.0,24.0,176
7689,1729.6207441452038,-16.0,72.0,227
7690,1729.632344330154,8.0,32.0,185
7691,1729.6539446745437,-24.0,104.0,262
7692,1729.7331459373065,8.0,56.0,212
7693,1729.836747589102,16.0,104.0,267
7694,1729.8995485903833,-8.0,-48.0,93
7695,1729.949549387582,8.0,-128.0,5
7696,1729.9699497128393,16.0,64.0,222
7697,1730.0867515750951,32.0,-8.0,143
7698,1730.1659528378577,24.0,16.0,169
7699,1730.2035534373513,16.0,48.0,204
7700,1730.4203568940045,-16.0,-32.0,110
7701,1730.4995581567673,24.0,40.0,196
7702,1730.5867595470816,-24.0,48.0,199
7703,1730.6867611414789,-32.0,120.0,279
7704,1730.7663624106192,-16.0,96.0,254
7705,1730.7867627358762,-16.0,-24.0,119
7706,1730.7991629335813,-24.0,48.0,199
7707,1730.8827642664976,8.0,-16.0,131
7708,1730.920364865991,-16.0,-32.0,110
7709,1731.082767455292,-16.0,-24.0,119
7710,1731.1495685203495,8.0,-40.0,104
7711,1731.2203696491827,-32.0,-16.0,126
7712,1731.4199728315998,32.0,88.0,251
7713,1731.4199728315998,-24.0,56.0,208
7714,1731.5327746300798,-24.0,40.0,190
7715,1731.5327746300798,24.0,96.0,259
7716,1731.6495764923359,-16.0,112.0,272
7717,1731.6867770854517,-24.0,48.0,199
7718,1731.7163775573933,-8.0,88.0,246
7719,1731.7367778826506,16.0,-40.0,105
7720,1731.7367778826506,16.0,-48.0,96
7721,1731.7367778826506,-24.0,-56.0,82
7722,1731.7995788839319,-32.0,32.0,180
7723,1731.9699816007849,-16.0,-48.0,92
7724,1732.0367826658423,24.0,80.0,241
7725,1732.1199839923809,-32.0,16.0,162
7726,1732.1199839923809,-24.0,-40.0,100
7727,1732.186785057438,16.0,56.0,213
7728,1732.1991852551434,8.0,24.0,176
7729,1732.219985586778,-24.0,80.0,235
7730,1732.2827865880595,-8.0,0.0,147
7731,1732.3663879209757,24.0,-88.0,52
7732,1732.4699895727713,32.0,-8.0,143
7733,1732.6199919643673,8.0,-24.0,122
7734,1732.8995964223018,32.0,-64.0,80
7735,1732.9535972832766,0.0,64.0,220
7736,1733.1031996684949,-32.0,8.0,153
7737,1733.1031996684949,16.0,-48.0,96
7738,1733.1159998725777,-24.0,88.0,244
7739,1733.1364001978347,0.0,-72.0,67
7740,1733.1364001978347,32.0,16.0,170
7741,1733.1364001978347,-24.0,80.0,235
7742,1733.182800937635,0.0,80.0,238
7743,1733.3496035970898,8.0,0.0,149
7744,1733.3996043942882,-32.0,-48.0,90
7745,1733.5660070473655,-32.0,112.0,270
7746,1733.5660070473655,16.0,24.0,177
7747,1733.6160078445641,-32.0,120.0,279
7748,1733.7996107718775,-24.0,-96.0,37
7749,1733.8368113649933,-32.0,-8.0,135
7750,1733.882812098416,-32.0,16.0,162
7751,1733.882812098416,-32.0,-80.0,54
7752,1733.9200126915318,32.0,56.0,215
7753,1734.049214751493,32.0,64.0,224
7754,1734.136816148185,16.0,112.0,276
7755,1734.199217143089,-24.0,48.0,199
7756,1734.2492179402875,24.0,-128.0,7
7757,1734.3032188012621,-8.0,88.0,246
7758,1734.3156189989675,-32.0,-128.0,0
7759,1734.3868201341784,0.0,-120.0,13
7760,1734.3992203318837,-16.0,-32.0,110
7761,1734.5492227234795,-16.0,-80.0,56
7762,1734.5696230487365,24.0,64.0,223
7763,1734.603223584454,-24.0,-64.0,73
7764,1734.8032267732485,-8.0,-64.0,75
7765,1734.8156269709539,32.0,-96.0,44
7766,1734.9532291648445,-24.0,-112.0,19
7767,1734.9828296367862,24.0,16.0,169
7768,1734.9828296367862,-8.0,40.0,192
7769,1735.0032299620432,-32.0,56.0,207
7770,1735.0156301597483,-24.0,0.0,145
7771,1735.303234745235,-32.0,-104.0,27
7772,1735.303234745235,-8.0,-56.0,84
7773,1735.3492354786579,-8.0,-128.0,3
7774,1735.4364368689721,0.0,-128.0,4
7775,1735.5364384633694,-16.0,-120.0,11
7776,1735.6364400577668,8.0,96.0,257
7777,1735.6364400577668,8.0,-32.0,113
7778,1735.8660437185029,-8.0,-8.0,138
7779,1735.8660437185029,-8.0,-72.0,66
7780,1736.0200461738746,-32.0,-8.0,135
7781,1736.1032475004133,-16.0,-8.0,137
7782,1736.182448763176,16.0,-56.0,87
7783,1736.202849088433,0.0,-128.0,4
7784,1736.2492498282331,0.0,120.0,283
7785,1736.2696501534904,16.0,120.0,285
7786,1736.2824503575732,0.0,-16.0,130
7787,1736.3532514864064,-16.0,-128.0,2
7788,1736.3656516841118,32.0,56.0,215
7789,1736.520054145861,0.0,80.0,238
7790,1736.6492562058224,0.0,-128.0,4
7791,1736.732457532361,32.0,96.0,260
7792,1736.752857857618,-32.0,112.0,270
7793,1736.9200605234503,-24.0,64.0,217
7794,1736.9324607211554,32.0,-80.0,62
7795,1737.0364623793287,32.0,64.0,224
7796,1737.048862577034,16.0,-88.0,51
7797,1737.0696629086685,0.0,-112.0,22
7798,1737.1660644456674,-32.0,16.0,162
7799,1737.2196653002645,0.0,8.0,157
7800,1737.2656660336872,32.0,48.0,206
7801,1737.2656660336872,-32.0,-112.0,18
7802,1737.2864663653218,-24.0,-16.0,127
7803,1737.4156684252832,-24.0,112.0,271
7804,1737.5864711485135,0.0,32.0,184
7805,1737.7032730107696,-32.0,-16.0,126
7806,1737.7032730107696,16.0,32.0,186
7807,1737.7660740120514,-8.0,56.0,210
7808,1737.7860743309307,32.0,72.0,233
7809,1737.7988745350135,-24.0,-24.0,118
7810,1737.8196748666483,0.0,24.0,175
7811,1737.865675600071,0.0,8.0,157
7812,1738.0864791205,8.0,-88.0,50
7813,1738.1324798539229,-32.0,-96.0,36
7814,1738.1864807148975,-8.0,-128.0,3
7815,1738.286082302917,16.0,104.0,267
7816,1738.298882507,24.0,-128.0,7
7817,1738.33208303634,0.0,40.0,193
7818,1738.415684369256,-8.0,-16.0,129
7819,1738.4820854279358,0.0,0.0,148
7820,1738.4820854279358,-32.0,80.0,234
7821,1738.5492864993707,16.0,-80.0,60
7822,1738.5696868246278,24.0,-8.0,142
7823,1738.582087022333,-8.0,88.0,246
7824,1738.6028873539678,24.0,16.0,169
7825,1738.7032889547424,8.0,80.0,239
7826,1738.8156907468451,-8.0,32.0,183
7827,1738.852891339961,24.0,-120.0,16
7828,1738.8656915440438,16.0,-64.0,78
7829,1739.1028953259543,-16.0,-48.0,92
7830,1739.1324957978957,0.0,48.0,202
7831,1739.1696963910115,16.0,48.0,204
7832,1739.1992968629531,32.0,-88.0,53
7833,1739.2696979854088,-32.0,16.0,162
7834,1739.282098183114,32.0,-80.0,62
7835,1739.3196987826075,-24.0,-48.0,91
7836,1739.4697011742035,8.0,32.0,185
7837,1739.4697011742035,-32.0,128.0,288
7838,1739.4993016461449,-16.0,88.0,245
7839,1739.5365022392607,-32.0,-80.0,54
7840,1739.5365022392607,16.0,112.0,276
7841,1739.6157035020235,0.0,32.0,184
7842,1739.6825045670807,-24.0,16.0,163
7843,1739.7197051601966,16.0,-80.0,60
7844,1739.7321053579017,16.0,56.0,213
7845,1739.8325069586767,-32.0,-96.0,36
7846,1739.8697075517923,24.0,-120.0,16
7847,1739.965709082414,-16.0,16.0,164
7848,1740.0489104089525,-24.0,-48.0,91
7849,1740.0489104089525,0.0,-72.0,67
7850,1740.2865141972402,-8.0,48.0,201
7851,1740.3825157278616,0.0,80.0,238
7852,1740.4033160594963,32.0,128.0,296
7853,1740.4869173924126,-24.0,-56.0,82
7854,1740.5153178452213,32.0,88.0,251
7855,1740.6365197776308,32.0,-104.0,35
7856,1740.6657202431948,-24.0,32.0,181
7857,1740.6861205684518,-32.0,64.0,216
7858,1740.7361213656507,-32.0,0.0,144
7859,1740.7489215697335,32.0,-48.0,98
7860,1740.8489231641306,-24.0,88.0,244
7861,1740.8989239613293,32.0,-72.0,71
7862,1740.9697250901627,-8.0,-40.0,102
7863,1741.0157258235852,32.0,24.0,179
7864,1741.0489263529253,-16.0,128.0,290
7865,1741.0989271501237,24.0,-56.0,88
7866,1741.1361277432395,24.0,-32.0,115
7867,1741.1485279409449,-32.0,80.0,234
7868,1741.1693282725796,-16.0,-48.0,92
7869,1741.1821284766625,16.0,88.0,249
7870,1741.1821284766625,16.0,-8.0,141
7871,1741.202928808297,8.0,128.0,293
7872,1741.202928808297,24.0,80.0,241
7873,1741.3485311297395,-16.0,-16.0,128
7874,1741.4197322649502,16.0,-8.0,141
7875,1741.4657329983731,16.0,-104.0,33
7876,1741.5197338593478,16.0,-16.0,132
7877,1741.5321340570529,32.0,120.0,287
7878,1741.5321340570529,-8.0,48.0,201
7879,1741.8029383746807,24.0,0.0,151
7880,1741.8657393759622,16.0,96.0,258
7881,1741.9529407662767,16.0,-8.0,141
7882,1742.1157433619555,-24.0,80.0,235
7883,1742.1361436872123,-8.0,-128.0,3
7884,1742.2157449563526,-32.0,56.0,207
7885,1742.2697458173272,-32.0,-40.0,99
7886,1742.2697458173272,-8.0,32.0,183
7887,1742.6489518632816,-24.0,72.0,226
7888,1742.8193545801346,-16.0,-40.0,101
7889,1743.0989590380693,0.0,8.0,157
7890,1743.1193593633266,-24.0,-40.0,100
7891,1743.182160364608,32.0,-88.0,53
7892,1743.2361612255827,0.0,-56.0,85
7893,1743.3489630240626,-16.0,-8.0,137
7894,1743.3489630240626,-8.0,-32.0,111
7895,1743.452964682236,24.0,80.0,241
7896,1743.452964682236,24.0,-48.0,97
7897,1743.648567800877,8.0,32.0,185
7898,1743.6693681325116,0.0,72.0,229
7899,1743.681768330217,-16.0,-120.0,11
7900,1743.7025686618515,-8.0,104.0,264
7901,1743.7025686618515,32.0,-40.0,107
7902,1743.8153704603315,-24.0,-8.0,136
7903,1743.8357707855887,16.0,-88.0,51
7904,1743.8485709896715,16.0,64.0,222
7905,1743.902571850646,8.0,-104.0,32
7906,1743.9653728519277,24.0,-48.0,97
7907,1743.9857731771845,8.0,0.0,149
7908,1743.9857731771845,32.0,16.0,170
7909,1743.9857731771845,-32.0,-48.0,90
7910,1744.1321755113822,16.0,-56.0,87
7911,1744.2029766402154,-8.0,-80.0,57
7912,1744.2029766402154,-32.0,128.0,288
7913,1744.2989781708368,16.0,-72.0,69
7914,1744.3317786937992,-16.0,-128.0,2
7915,1744.3861795611513,0.0,-120.0,13
7916,1744.3861795611513,24.0,-40.0,106
7917,1744.3985797588566,-16.0,-40.0,101
7918,1744.4193800904911,32.0,104.0,269
7919,1744.54898215683,-16.0,72.0,227
7920,1744.569382482087,0.0,-88.0,49
7921,1744.569382482087,-24.0,128.0,289
7922,1744.752585403023,0.0,-8.0,139
7923,1744.9153879987016,-32.0,16.0,162
7924,1744.982189063759,16.0,32.0,186
7925,1745.1025909834134,8.0,-16.0,131
7926,1745.1149911811187,-24.0,56.0,208
7927,1745.1357915127533,24.0,-16.0,133
7928,1745.185792309952,-24.0,-40.0,100
7929,1745.2653935790922,16.0,-88.0,51
7930,1745.4361963023225,-8.0,-104.0,30
7931,1745.468996825285,-8.0,8.0,156
7932,1745.7486012832198,-24.0,-56.0,82
7933,1745.7690016084769,16.0,-112.0,24
7934,1745.9322042105332,-32.0,-64.0,72
7935,1745.998605269213,-8.0,-64.0,75
7936,1746.0526061301875,-32.0,24.0,171
7937,1746.115407131469,0.0,-32.0,112
7938,1746.1862082603022,0.0,-96.0,40
7939,1746.1986084580076,8.0,96.0,257
7940,1746.2822097909236,-16.0,16.0,164
7941,1746.4486124440007,8.0,-96.0,41
7942,1746.4818129733408,-32.0,56.0,207
7943,1746.5026133049753,-32.0,-24.0,117
7944,1746.6322153713143,8.0,120.0,284
7945,1746.7194167616285,-24.0,-120.0,10
7946,1746.81541829225,0.0,-8.0,139
7947,1746.8358186175071,0.0,88.0,247
7948,1746.8822193573073,-32.0,128.0,288
7949,1746.9150198802697,32.0,24.0,179
7950,1746.9358202119045,-8.0,-8.0,138
7951,1747.1358234006989,-8.0,-88.0,48
7952,1747.2654254670379,24.0,104.0,268
7953,1747.652631640544,-24.0,-8.0,136
7954,1747.7486331711655,8.0,120.0,284
7955,1747.7862337706588,32.0,128.0,296
7956,1747.8150342298454,32.0,-32.0,116
7957,1747.8362345678574,16.0,-8.0,141
7958,1747.9150358242425,-8.0,112.0,273
7959,1748.0026372209345,-24.0,88.0,244
7960,1748.0358377502744,24.0,-104.0,34
7961,1748.0482379479797,16.0,-80.0,60
