cluster_id,probe,probe_name,region,depth,peak_channel,quality,n_spikes,in_visual_area,is_good,passes_basic,visual_resp_rate,visual_base_rate,visual_t,visual_p,visual_modulation,visually_responsive,visual_refined
0,0,Cori_2016-12-14_M2_g0_t0.imec.ap_CAR.bin,ACA,2297.2323864532273,224,3,826,False,False,False,,,,,,,False
1,0,Cori_2016-12-14_M2_g0_t0.imec.ap_CAR.bin,MOs,3240.539945169178,316,3,2818,False,False,False,,,,,,,False
2,0,Cori_2016-12-14_M2_g0_t0.imec.ap_CAR.bin,ACA,1744.3552079938663,172,3,3953,False,False,False,,,,,,,False
3,0,Cori_2016-12-14_M2_g0_t0.imec.ap_CAR.bin,LS,265.0985446539468,28,3,646,False,False,False,,,,,,,False
4,0,Cori_2016-12-14_M2_g0_t0.imec.ap_CAR.bin,LS,328.8532919484186,34,1,5124,False,True,False,,,,,,,False
5,0,Cori_2016-12-14_M2_g0_t0.imec.ap_CAR.bin,ACA,2569.038612779807,250,1,2733,False,True,False,,,,,,,False
6,0,Cori_2016-12-14_M2_g0_t0.imec.ap_CAR.bin,MOs,2862.547527193603,279,3,1115,False,False,False,,,,,,,False
7,0,Cori_2016-12-14_M2_g0_t0.imec.ap_CAR.bin,ACA,2482.877185925043,241,3,457,False,False,False,,,,,,,False
8,0,Cori_2016-12-14_M2_g0_t0.imec.ap_CAR.bin,LS,494.0713916229433,49,1,5905,False,True,False,,,,,,,False
9,0,Cori_2016-12-14_M2_g0_t0.imec.ap_CAR.bin,root,1520.0,148,3,10305,False,False,False,,,,,,,False
10,0,Cori_2016-12-14_M2_g0_t0.imec.ap_CAR.bin,MOs,2870.4593884507035,280,3,3849,False,False,False,,,,,,,False
11,0,Cori_2016-12-14_M2_g0_t0.imec.ap_CAR.bin,MOs,3054.8057215237686,296,3,1225,False,False,False,,,,,,,False
12,0,Cori_2016-12-14_M2_g0_t0.imec.ap_CAR.bin,ACA,1975.0759444321236,193,1,6704,False,True,False,,,,,,,False
13,0,Cori_2016-12-14_M2_g0_t0.imec.ap_CAR.bin,LS,617.8967163824636,61,3,2487,False,False,False,,,,,,,False
14,0,Cori_2016-12-14_M2_g0_t0.imec.ap_CAR.bin,LS,52.422095360745864,3,3,625,False,False,False,,,,,,,False
15,0,Cori_2016-12-14_M2_g0_t0.imec.ap_CAR.bin,LS,379.1289061203525,37,3,1722,False,False,False,,,,,,,False
16,0,Cori_2016-12-14_M2_g0_t0.imec.ap_CAR.bin,MOs,2931.2770440519057,284,3,4647,False,False,False,,,,,,,False
17,0,Cori_2016-12-14_M2_g0_t0.imec.ap_CAR.bin,LS,887.9203775489104,85,3,12935,False,False,False,,,,,,,False
18,0,Cori_2016-12-14_M2_g0_t0.imec.ap_CAR.bin,MOs,3398.055777940223,332,1,5589,False,True,False,,,,,,,False
19,0,Cori_2016-12-14_M2_g0_t0.imec.ap_CAR.bin,LS,639.200812009872,63,1,844,False,True,False,,,,,,,False
20,0,Cori_2016-12-14_M2_g0_t0.imec.ap_CAR.bin,LS,205.6734509358492,22,3,7954,False,False,False,,,,,,,False
21,0,Cori_2016-12-14_M2_g0_t0.imec.ap_CAR.bin,LS,385.93353352516635,41,1,1361,False,True,False,,,,,,,False
22,0,Cori_2016-12-14_M2_g0_t0.imec.ap_CAR.bin,LS,657.7445331381507,65,3,3231,False,False,False,,,,,,,False
23,0,Cori_2016-12-14_M2_g0_t0.imec.ap_CAR.bin,ACA,2326.400415293865,225,3,726,False,False,False,,,,,,,False
24,0,Cori_2016-12-14_M2_g0_t0.imec.ap_CAR.bin,LS,35.57284229283156,2,1,3382,False,True,False,,,,,,,False
25,0,Cori_2016-12-14_M2_g0_t0.imec.ap_CAR.bin,MOs,2800.4611588997464,272,3,8610,False,False,False,,,,,,,False
26,0,Cori_2016-12-14_M2_g0_t0.imec.ap_CAR.bin,ACA,2614.0556428812915,256,3,348,False,False,False,,,,,,,False
27,0,Cori_2016-12-14_M2_g0_t0.imec.ap_CAR.bin,MOs,2808.3789728819834,275,3,3534,False,False,False,,,,,,,False
28,0,Cori_2016-12-14_M2_g0_t0.imec.ap_CAR.bin,ACA,2666.510990295099,259,3,1128,False,False,False,,,,,,,False
29,0,Cori_2016-12-14_M2_g0_t0.imec.ap_CAR.bin,LS,597.0946789101083,61,1,5633,False,True,False,,,,,,,False
30,0,Cori_2016-12-14_M2_g0_t0.imec.ap_CAR.bin,LS,42.254920194766704,1,3,378,False,False,False,,,,,,,False
31,0,Cori_2016-12-14_M2_g0_t0.imec.ap_CAR.bin,ACA,2161.570476545237,208,1,3419,False,True,False,,,,,,,False
32,0,Cori_2016-12-14_M2_g0_t0.imec.ap_CAR.bin,MOs,2713.806547624467,265,1,9470,False,True,False,,,,,,,False
33,0,Cori_2016-12-14_M2_g0_t0.imec.ap_CAR.bin,MOs,2925.015834841195,287,3,3097,False,False,False,,,,,,,False
34,0,Cori_2016-12-14_M2_g0_t0.imec.ap_CAR.bin,MOs,3000.456544964953,295,3,3345,False,False,False,,,,,,,False
35,0,Cori_2016-12-14_M2_g0_t0.imec.ap_CAR.bin,ACA,2155.9503531573787,211,3,1285,False,False,False,,,,,,,False
36,0,Cori_2016-12-14_M2_g0_t0.imec.ap_CAR.bin,MOs,2814.6169316654846,275,3,1774,False,False,False,,,,,,,False
37,0,Cori_2016-12-14_M2_g0_t0.imec.ap_CAR.bin,MOs,3393.619342250118,331,3,286,False,False,False,,,,,,,False
38,0,Cori_2016-12-14_M2_g0_t0.imec.ap_CAR.bin,LS,1009.1683376504217,100,1,7474,False,True,False,,,,,,,False
39,0,Cori_2016-12-14_M2_g0_t0.imec.ap_CAR.bin,MOs,2735.9926962896666,266,3,5355,False,False,False,,,,,,,False
40,0,Cori_2016-12-14_M2_g0_t0.imec.ap_CAR.bin,LS,796.073381089208,77,1,6047,False,True,False,,,,,,,False
41,0,Cori_2016-12-14_M2_g0_t0.imec.ap_CAR.bin,LS,1086.5284212073711,108,3,7230,False,False,False,,,,,,,False
42,0,Cori_2016-12-14_M2_g0_t0.imec.ap_CAR.bin,LS,696.8327969273522,68,1,1613,False,True,False,,,,,,,False
43,0,Cori_2016-12-14_M2_g0_t0.imec.ap_CAR.bin,MOs,2838.664695896328,279,3,870,False,False,False,,,,,,,False
44,0,Cori_2016-12-14_M2_g0_t0.imec.ap_CAR.bin,LS,774.6775991088173,78,1,3514,False,True,False,,,,,,,False
45,0,Cori_2016-12-14_M2_g0_t0.imec.ap_CAR.bin,MOs,3176.3629050832665,310,3,4270,False,False,False,,,,,,,False
46,0,Cori_2016-12-14_M2_g0_t0.imec.ap_CAR.bin,MOs,2915.4935212584096,285,1,7548,False,True,False,,,,,,,False
47,0,Cori_2016-12-14_M2_g0_t0.imec.ap_CAR.bin,ACA,2142.422492269914,208,3,6593,False,False,False,,,,,,,False
48,0,Cori_2016-12-14_M2_g0_t0.imec.ap_CAR.bin,MOs,3215.0134407332835,314,3,1505,False,False,False,,,,,,,False
49,0,Cori_2016-12-14_M2_g0_t0.imec.ap_CAR.bin,MOs,3218.461833975726,312,3,2319,False,False,False,,,,,,,False
50,0,Cori_2016-12-14_M2_g0_t0.imec.ap_CAR.bin,LS,504.2055848912979,49,1,7669,False,True,False,,,,,,,False
51,0,Cori_2016-12-14_M2_g0_t0.imec.ap_CAR.bin,MOs,2871.7435776289108,278,3,215,False,False,False,,,,,,,False
52,0,Cori_2016-12-14_M2_g0_t0.imec.ap_CAR.bin,LS,503.22159509041626,48,3,3771,False,False,False,,,,,,,False
53,0,Cori_2016-12-14_M2_g0_t0.imec.ap_CAR.bin,ACA,2199.9643404877584,214,3,974,False,False,False,,,,,,,False
54,0,Cori_2016-12-14_M2_g0_t0.imec.ap_CAR.bin,LS,44.841199313830145,2,3,3216,False,False,False,,,,,,,False
55,0,Cori_2016-12-14_M2_g0_t0.imec.ap_CAR.bin,LS,662.4988009457894,65,1,6109,False,True,False,,,,,,,False
56,0,Cori_2016-12-14_M2_g0_t0.imec.ap_CAR.bin,MOs,3326.898476377824,323,3,4945,False,False,False,,,,,,,False
57,0,Cori_2016-12-14_M2_g0_t0.imec.ap_CAR.bin,MOs,2971.155961841564,289,1,1210,False,True,False,,,,,,,False
58,0,Cori_2016-12-14_M2_g0_t0.imec.ap_CAR.bin,LS,963.2553386101725,94,1,12793,False,True,False,,,,,,,False
59,0,Cori_2016-12-14_M2_g0_t0.imec.ap_CAR.bin,ACA,2118.428908597123,206,3,4931,False,False,False,,,,,,,False
60,0,Cori_2016-12-14_M2_g0_t0.imec.ap_CAR.bin,LS,618.0467425856132,58,3,9519,False,False,False,,,,,,,False
61,0,Cori_2016-12-14_M2_g0_t0.imec.ap_CAR.bin,LS,876.1714472928,84,3,2469,False,False,False,,,,,,,False
62,0,Cori_2016-12-14_M2_g0_t0.imec.ap_CAR.bin,MOs,2706.9380044446943,267,1,4433,False,True,False,,,,,,,False
63,0,Cori_2016-12-14_M2_g0_t0.imec.ap_CAR.bin,ACA,2104.7892575260134,204,1,3582,False,True,False,,,,,,,False
64,0,Cori_2016-12-14_M2_g0_t0.imec.ap_CAR.bin,ACA,2558.268150996328,250,1,2748,False,True,False,,,,,,,False
65,0,Cori_2016-12-14_M2_g0_t0.imec.ap_CAR.bin,ACA,2625.9747293264927,256,1,2853,False,True,False,,,,,,,False
66,0,Cori_2016-12-14_M2_g0_t0.imec.ap_CAR.bin,MOs,3106.277878749243,299,1,3623,False,True,False,,,,,,,False
67,0,Cori_2016-12-14_M2_g0_t0.imec.ap_CAR.bin,ACA,2509.6722302889166,245,3,2298,False,False,False,,,,,,,False
68,0,Cori_2016-12-14_M2_g0_t0.imec.ap_CAR.bin,ACA,2034.7678818201439,196,3,3591,False,False,False,,,,,,,False
69,0,Cori_2016-12-14_M2_g0_t0.imec.ap_CAR.bin,LS,891.091856246196,88,3,13746,False,False,False,,,,,,,False
70,0,Cori_2016-12-14_M2_g0_t0.imec.ap_CAR.bin,LS,474.7604491108312,47,1,11013,False,True,False,,,,,,,False
71,0,Cori_2016-12-14_M2_g0_t0.imec.ap_CAR.bin,LS,1050.0571476782284,104,3,2123,False,False,False,,,,,,,False
72,0,Cori_2016-12-14_M2_g0_t0.imec.ap_CAR.bin,ACA,2276.0996223327656,222,3,4974,False,False,False,,,,,,,False
73,0,Cori_2016-12-14_M2_g0_t0.imec.ap_CAR.bin,ACA,2170.4622639050135,210,3,1755,False,False,False,,,,,,,False
74,0,Cori_2016-12-14_M2_g0_t0.imec.ap_CAR.bin,MOs,3165.2156755587016,305,1,3531,False,True,False,,,,,,,False
75,0,Cori_2016-12-14_M2_g0_t0.imec.ap_CAR.bin,LS,918.8301315071179,89,3,4945,False,False,False,,,,,,,False
76,0,Cori_2016-12-14_M2_g0_t0.imec.ap_CAR.bin,LS,482.21663695986746,47,1,6419,False,True,False,,,,,,,False
77,0,Cori_2016-12-14_M2_g0_t0.imec.ap_CAR.bin,MOs,3160.7717988067543,310,3,6687,False,False,False,,,,,,,False
78,0,Cori_2016-12-14_M2_g0_t0.imec.ap_CAR.bin,MOs,3278.412010350236,317,3,3828,False,False,False,,,,,,,False
79,0,Cori_2016-12-14_M2_g0_t0.imec.ap_CAR.bin,ACA,2430.9339210136045,235,3,3304,False,False,False,,,,,,,False
80,0,Cori_2016-12-14_M2_g0_t0.imec.ap_CAR.bin,MOs,2831.722417908218,275,3,2378,False,False,False,,,,,,,False
81,0,Cori_2016-12-14_M2_g0_t0.imec.ap_CAR.bin,MOs,3459.8374519912545,334,1,1656,False,True,False,,,,,,,False
82,0,Cori_2016-12-14_M2_g0_t0.imec.ap_CAR.bin,MOs,3393.6193402844387,331,3,471,False,False,False,,,,,,,False
83,0,Cori_2016-12-14_M2_g0_t0.imec.ap_CAR.bin,LS,903.7027368855713,88,3,3537,False,False,False,,,,,,,False
84,0,Cori_2016-12-14_M2_g0_t0.imec.ap_CAR.bin,MOs,2879.2965783320738,283,3,6405,False,False,False,,,,,,,False
85,0,Cori_2016-12-14_M2_g0_t0.imec.ap_CAR.bin,MOs,2816.7905482910096,277,3,2735,False,False,False,,,,,,,False
86,0,Cori_2016-12-14_M2_g0_t0.imec.ap_CAR.bin,ACA,2016.6925425825475,196,3,571,False,False,False,,,,,,,False
87,0,Cori_2016-12-14_M2_g0_t0.imec.ap_CAR.bin,ACA,1980.2787934519522,192,3,6526,False,False,False,,,,,,,False
88,0,Cori_2016-12-14_M2_g0_t0.imec.ap_CAR.bin,LS,833.2574562544216,82,3,3084,False,False,False,,,,,,,False
89,0,Cori_2016-12-14_M2_g0_t0.imec.ap_CAR.bin,MOs,3231.583662813286,313,3,397,False,False,False,,,,,,,False
90,0,Cori_2016-12-14_M2_g0_t0.imec.ap_CAR.bin,ACA,2342.9363178124386,228,3,3919,False,False,False,,,,,,,False
91,0,Cori_2016-12-14_M2_g0_t0.imec.ap_CAR.bin,LS,576.3444499959812,56,1,7613,False,True,False,,,,,,,False
92,0,Cori_2016-12-14_M2_g0_t0.imec.ap_CAR.bin,LS,1000.8351180661858,97,3,788,False,False,False,,,,,,,False
93,0,Cori_2016-12-14_M2_g0_t0.imec.ap_CAR.bin,LS,611.7327403329103,61,3,7279,False,False,False,,,,,,,False
94,0,Cori_2016-12-14_M2_g0_t0.imec.ap_CAR.bin,LS,965.4270448444875,91,1,6520,False,True,False,,,,,,,False
95,0,Cori_2016-12-14_M2_g0_t0.imec.ap_CAR.bin,MOs,3268.613874640032,317,3,6502,False,False,False,,,,,,,False
96,0,Cori_2016-12-14_M2_g0_t0.imec.ap_CAR.bin,MOs,3338.1012467880823,326,3,300,False,False,False,,,,,,,False
97,0,Cori_2016-12-14_M2_g0_t0.imec.ap_CAR.bin,LS,633.4415413425962,62,3,4723,False,False,False,,,,,,,False
98,0,Cori_2016-12-14_M2_g0_t0.imec.ap_CAR.bin,LS,929.8595177317069,89,3,5462,False,False,False,,,,,,,False
99,0,Cori_2016-12-14_M2_g0_t0.imec.ap_CAR.bin,LS,605.1517245434499,58,3,1815,False,False,False,,,,,,,False
100,0,Cori_2016-12-14_M2_g0_t0.imec.ap_CAR.bin,ACA,2266.650702319146,221,3,417,False,False,False,,,,,,,False
101,0,Cori_2016-12-14_M2_g0_t0.imec.ap_CAR.bin,ACA,2313.2433519972565,225,1,971,False,True,False,,,,,,,False
102,0,Cori_2016-12-14_M2_g0_t0.imec.ap_CAR.bin,MOs,2879.912134038497,281,1,3047,False,True,False,,,,,,,False
103,0,Cori_2016-12-14_M2_g0_t0.imec.ap_CAR.bin,MOs,2838.9008823392896,279,3,10958,False,False,False,,,,,,,False
104,0,Cori_2016-12-14_M2_g0_t0.imec.ap_CAR.bin,MOs,3231.5836599033682,313,3,380,False,False,False,,,,,,,False
105,0,Cori_2016-12-14_M2_g0_t0.imec.ap_CAR.bin,LS,871.2756593375077,85,3,1028,False,False,False,,,,,,,False
106,0,Cori_2016-12-14_M2_g0_t0.imec.ap_CAR.bin,ACA,2410.7348580620474,235,3,2278,False,False,False,,,,,,,False
107,0,Cori_2016-12-14_M2_g0_t0.imec.ap_CAR.bin,ACA,2546.992234403768,248,3,840,False,False,False,,,,,,,False
108,0,Cori_2016-12-14_M2_g0_t0.imec.ap_CAR.bin,LS,320.0719674621734,32,3,12474,False,False,False,,,,,,,False
109,0,Cori_2016-12-14_M2_g0_t0.imec.ap_CAR.bin,LS,686.1398668745808,69,3,7550,False,False,False,,,,,,,False
110,0,Cori_2016-12-14_M2_g0_t0.imec.ap_CAR.bin,ACA,2171.8261192363525,212,3,828,False,False,False,,,,,,,False
111,0,Cori_2016-12-14_M2_g0_t0.imec.ap_CAR.bin,LS,961.3630386396887,94,1,8156,False,True,False,,,,,,,False
112,0,Cori_2016-12-14_M2_g0_t0.imec.ap_CAR.bin,LS,1003.2908928893701,98,3,5795,False,False,False,,,,,,,False
113,0,Cori_2016-12-14_M2_g0_t0.imec.ap_CAR.bin,LS,877.3892881831085,86,1,5262,False,True,False,,,,,,,False
114,0,Cori_2016-12-14_M2_g0_t0.imec.ap_CAR.bin,MOs,3484.271113799229,339,3,151,False,False,False,,,,,,,False
115,0,Cori_2016-12-14_M2_g0_t0.imec.ap_CAR.bin,ACA,2382.9740472960725,231,3,1717,False,False,False,,,,,,,False
116,0,Cori_2016-12-14_M2_g0_t0.imec.ap_CAR.bin,LS,602.5120241038252,59,3,4655,False,False,False,,,,,,,False
117,0,Cori_2016-12-14_M2_g0_t0.imec.ap_CAR.bin,ACA,2400.1929754167395,233,1,1898,False,True,False,,,,,,,False
118,0,Cori_2016-12-14_M2_g0_t0.imec.ap_CAR.bin,LS,700.3902619445504,70,1,4470,False,True,False,,,,,,,False
119,0,Cori_2016-12-14_M2_g0_t0.imec.ap_CAR.bin,ACA,2361.369434628707,228,3,2033,False,False,False,,,,,,,False
120,0,Cori_2016-12-14_M2_g0_t0.imec.ap_CAR.bin,LS,379.1289059074294,37,3,169,False,False,False,,,,,,,False
121,0,Cori_2016-12-14_M2_g0_t0.imec.ap_CAR.bin,MOs,2978.920521675908,291,3,3104,False,False,False,,,,,,,False
122,0,Cori_2016-12-14_M2_g0_t0.imec.ap_CAR.bin,MOs,3342.7686462181423,326,3,674,False,False,False,,,,,,,False
123,0,Cori_2016-12-14_M2_g0_t0.imec.ap_CAR.bin,MOs,2876.2363229666844,283,3,1758,False,False,False,,,,,,,False
124,0,Cori_2016-12-14_M2_g0_t0.imec.ap_CAR.bin,LS,927.2312341650542,90,1,16694,False,True,False,,,,,,,False
125,0,Cori_2016-12-14_M2_g0_t0.imec.ap_CAR.bin,ACA,2033.793091866173,198,1,1504,False,True,False,,,,,,,False
126,0,Cori_2016-12-14_M2_g0_t0.imec.ap_CAR.bin,LS,451.41084011663827,43,1,3900,False,True,False,,,,,,,False
127,0,Cori_2016-12-14_M2_g0_t0.imec.ap_CAR.bin,LS,188.41199194204358,18,3,947,False,False,False,,,,,,,False
128,0,Cori_2016-12-14_M2_g0_t0.imec.ap_CAR.bin,ACA,2356.69436341042,230,1,301,False,True,False,,,,,,,False
129,0,Cori_2016-12-14_M2_g0_t0.imec.ap_CAR.bin,MOs,3126.390931825831,303,3,2996,False,False,False,,,,,,,False
130,0,Cori_2016-12-14_M2_g0_t0.imec.ap_CAR.bin,LS,642.2938659844034,62,3,10729,False,False,False,,,,,,,False
131,0,Cori_2016-12-14_M2_g0_t0.imec.ap_CAR.bin,LS,1090.1016285564751,108,1,7129,False,True,False,,,,,,,False
132,0,Cori_2016-12-14_M2_g0_t0.imec.ap_CAR.bin,ACA,2356.6943617792085,230,3,477,False,False,False,,,,,,,False
133,0,Cori_2016-12-14_M2_g0_t0.imec.ap_CAR.bin,ACA,2278.474587977233,224,3,878,False,False,False,,,,,,,False
134,0,Cori_2016-12-14_M2_g0_t0.imec.ap_CAR.bin,ACA,2243.3324726816722,221,3,1093,False,False,False,,,,,,,False
135,0,Cori_2016-12-14_M2_g0_t0.imec.ap_CAR.bin,MOs,3370.1116991800995,328,1,1623,False,True,False,,,,,,,False
136,0,Cori_2016-12-14_M2_g0_t0.imec.ap_CAR.bin,MOs,3239.5388665807773,315,3,3660,False,False,False,,,,,,,False
137,0,Cori_2016-12-14_M2_g0_t0.imec.ap_CAR.bin,ACA,2532.8438603984105,248,1,1536,False,True,False,,,,,,,False
138,0,Cori_2016-12-14_M2_g0_t0.imec.ap_CAR.bin,LS,1053.1481020624556,100,3,2291,False,False,False,,,,,,,False
139,0,Cori_2016-12-14_M2_g0_t0.imec.ap_CAR.bin,LS,569.1133657073673,57,1,6152,False,True,False,,,,,,,False
140,0,Cori_2016-12-14_M2_g0_t0.imec.ap_CAR.bin,ACA,2395.252416656934,234,1,10654,False,True,False,,,,,,,False
141,0,Cori_2016-12-14_M2_g0_t0.imec.ap_CAR.bin,ACA,2320.0,225,3,1026,False,False,False,,,,,,,False
142,0,Cori_2016-12-14_M2_g0_t0.imec.ap_CAR.bin,ACA,2642.6109205657517,259,3,2116,False,False,False,,,,,,,False
143,0,Cori_2016-12-14_M2_g0_t0.imec.ap_CAR.bin,LS,722.6171885117881,71,1,4889,False,True,False,,,,,,,False
144,0,Cori_2016-12-14_M2_g0_t0.imec.ap_CAR.bin,LS,803.2540643681281,78,3,3908,False,False,False,,,,,,,False
145,0,Cori_2016-12-14_M2_g0_t0.imec.ap_CAR.bin,ACA,2380.7704068517196,232,1,2025,False,True,False,,,,,,,False
146,0,Cori_2016-12-14_M2_g0_t0.imec.ap_CAR.bin,ACA,2313.560302369617,225,3,533,False,False,False,,,,,,,False
147,0,Cori_2016-12-14_M2_g0_t0.imec.ap_CAR.bin,MOs,3241.3625709334706,317,1,3586,False,True,False,,,,,,,False
148,0,Cori_2016-12-14_M2_g0_t0.imec.ap_CAR.bin,LS,852.4251656910213,82,3,1438,False,False,False,,,,,,,False
149,0,Cori_2016-12-14_M2_g0_t0.imec.ap_CAR.bin,ACA,2622.5000328525384,256,1,7693,False,True,False,,,,,,,False
150,0,Cori_2016-12-14_M2_g0_t0.imec.ap_CAR.bin,MOs,2777.334991462927,268,1,16353,False,True,False,,,,,,,False
151,0,Cori_2016-12-14_M2_g0_t0.imec.ap_CAR.bin,LS,611.1939365508697,61,1,3206,False,True,False,,,,,,,False
152,0,Cori_2016-12-14_M2_g0_t0.imec.ap_CAR.bin,LS,399.7829629322717,36,1,204,False,True,False,,,,,,,False
153,0,Cori_2016-12-14_M2_g0_t0.imec.ap_CAR.bin,LS,393.67457943860484,37,1,9128,False,True,False,,,,,,,False
154,0,Cori_2016-12-14_M2_g0_t0.imec.ap_CAR.bin,MOs,3381.4012312007762,329,3,17223,False,False,False,,,,,,,False
155,0,Cori_2016-12-14_M2_g0_t0.imec.ap_CAR.bin,MOs,2797.2772555141846,273,3,1170,False,False,False,,,,,,,False
156,0,Cori_2016-12-14_M2_g0_t0.imec.ap_CAR.bin,LS,843.2458937309209,100,1,529,False,True,False,,,,,,,False
157,0,Cori_2016-12-14_M2_g0_t0.imec.ap_CAR.bin,LS,222.21026206105498,21,1,5043,False,True,False,,,,,,,False
158,0,Cori_2016-12-14_M2_g0_t0.imec.ap_CAR.bin,LS,1087.2988852450235,108,1,9278,False,True,False,,,,,,,False
159,0,Cori_2016-12-14_M2_g0_t0.imec.ap_CAR.bin,ACA,2363.0657675847033,229,1,3309,False,True,False,,,,,,,False
160,0,Cori_2016-12-14_M2_g0_t0.imec.ap_CAR.bin,MOs,3084.8636687361136,300,3,7053,False,False,False,,,,,,,False
161,0,Cori_2016-12-14_M2_g0_t0.imec.ap_CAR.bin,MOs,3357.726079129424,327,1,3063,False,True,False,,,,,,,False
162,0,Cori_2016-12-14_M2_g0_t0.imec.ap_CAR.bin,ACA,2007.7261809625002,195,3,5051,False,False,False,,,,,,,False
163,0,Cori_2016-12-14_M2_g0_t0.imec.ap_CAR.bin,LS,602.0745143086227,61,3,6511,False,False,False,,,,,,,False
164,0,Cori_2016-12-14_M2_g0_t0.imec.ap_CAR.bin,ACA,2062.763093519143,201,1,5411,False,True,False,,,,,,,False
165,0,Cori_2016-12-14_M2_g0_t0.imec.ap_CAR.bin,LS,502.79865277580996,71,1,173,False,True,False,,,,,,,False
166,0,Cori_2016-12-14_M2_g0_t0.imec.ap_CAR.bin,LS,304.0043980658505,30,1,13644,False,True,False,,,,,,,False
167,0,Cori_2016-12-14_M2_g0_t0.imec.ap_CAR.bin,MOs,3145.560954605795,305,1,1408,False,True,False,,,,,,,False
168,0,Cori_2016-12-14_M2_g0_t0.imec.ap_CAR.bin,ACA,2383.5060415942794,231,3,329,False,False,False,,,,,,,False
169,0,Cori_2016-12-14_M2_g0_t0.imec.ap_CAR.bin,ACA,2256.3456312321055,220,3,1894,False,False,False,,,,,,,False
170,0,Cori_2016-12-14_M2_g0_t0.imec.ap_CAR.bin,MOs,2695.1371111271264,263,3,844,False,False,False,,,,,,,False
171,0,Cori_2016-12-14_M2_g0_t0.imec.ap_CAR.bin,root,1540.0,149,3,8300,False,False,False,,,,,,,False
172,0,Cori_2016-12-14_M2_g0_t0.imec.ap_CAR.bin,MOs,2781.2124785506176,271,1,2720,False,True,False,,,,,,,False
173,0,Cori_2016-12-14_M2_g0_t0.imec.ap_CAR.bin,MOs,2912.5949921684955,283,1,1581,False,True,False,,,,,,,False
174,0,Cori_2016-12-14_M2_g0_t0.imec.ap_CAR.bin,MOs,3317.6863197795633,322,3,2349,False,False,False,,,,,,,False
175,0,Cori_2016-12-14_M2_g0_t0.imec.ap_CAR.bin,MOs,3313.716130342731,321,3,3011,False,False,False,,,,,,,False
176,0,Cori_2016-12-14_M2_g0_t0.imec.ap_CAR.bin,ACA,2430.814976381134,238,1,5227,False,True,False,,,,,,,False
177,0,Cori_2016-12-14_M2_g0_t0.imec.ap_CAR.bin,MOs,2843.713717531466,279,3,14375,False,False,False,,,,,,,False
178,0,Cori_2016-12-14_M2_g0_t0.imec.ap_CAR.bin,LS,936.3506193659867,92,3,16950,False,False,False,,,,,,,False
179,0,Cori_2016-12-14_M2_g0_t0.imec.ap_CAR.bin,MOs,2705.4874947742464,263,3,13613,False,False,False,,,,,,,False
180,0,Cori_2016-12-14_M2_g0_t0.imec.ap_CAR.bin,LS,724.5202396395931,73,3,8045,False,False,False,,,,,,,False
181,0,Cori_2016-12-14_M2_g0_t0.imec.ap_CAR.bin,LS,890.0745824487067,85,1,8440,False,True,False,,,,,,,False
182,0,Cori_2016-12-14_M2_g0_t0.imec.ap_CAR.bin,LS,857.6099317430328,84,1,2903,False,True,False,,,,,,,False
183,0,Cori_2016-12-14_M2_g0_t0.imec.ap_CAR.bin,LS,521.0402081731256,55,1,590,False,True,False,,,,,,,False
184,0,Cori_2016-12-14_M2_g0_t0.imec.ap_CAR.bin,MOs,3337.625390377396,323,1,2461,False,True,False,,,,,,,False
185,0,Cori_2016-12-14_M2_g0_t0.imec.ap_CAR.bin,ACA,2185.385041278873,213,3,1004,False,False,False,,,,,,,False
186,0,Cori_2016-12-14_M2_g0_t0.imec.ap_CAR.bin,ACA,2435.909580127701,237,1,1787,False,True,False,,,,,,,False
187,0,Cori_2016-12-14_M2_g0_t0.imec.ap_CAR.bin,LS,904.7584990960743,89,1,430,False,True,False,,,,,,,False
188,0,Cori_2016-12-14_M2_g0_t0.imec.ap_CAR.bin,LS,839.3722582939052,82,1,6522,False,True,False,,,,,,,False
189,0,Cori_2016-12-14_M2_g0_t0.imec.ap_CAR.bin,LS,843.9753560869973,81,1,7805,False,True,False,,,,,,,False
190,0,Cori_2016-12-14_M2_g0_t0.imec.ap_CAR.bin,MOs,3113.1499750859803,303,1,5579,False,True,False,,,,,,,False
191,0,Cori_2016-12-14_M2_g0_t0.imec.ap_CAR.bin,ACA,2326.649722753789,228,3,3712,False,False,False,,,,,,,False
192,0,Cori_2016-12-14_M2_g0_t0.imec.ap_CAR.bin,ACA,2243.3324719681414,221,3,482,False,False,False,,,,,,,False
193,0,Cori_2016-12-14_M2_g0_t0.imec.ap_CAR.bin,ACA,2034.2811527935776,198,1,695,False,True,False,,,,,,,False
194,0,Cori_2016-12-14_M2_g0_t0.imec.ap_CAR.bin,LS,904.8688258687057,89,3,9475,False,False,False,,,,,,,False
195,0,Cori_2016-12-14_M2_g0_t0.imec.ap_CAR.bin,ACA,2607.6458424063126,253,1,7376,False,True,False,,,,,,,False
196,0,Cori_2016-12-14_M2_g0_t0.imec.ap_CAR.bin,LS,493.97824578682906,49,1,7614,False,True,False,,,,,,,False
197,0,Cori_2016-12-14_M2_g0_t0.imec.ap_CAR.bin,LS,877.1572797270326,84,3,1144,False,False,False,,,,,,,False
198,0,Cori_2016-12-14_M2_g0_t0.imec.ap_CAR.bin,MOs,3238.4303932437842,311,1,8085,False,True,False,,,,,,,False
199,0,Cori_2016-12-14_M2_g0_t0.imec.ap_CAR.bin,ACA,2467.9589932927433,240,3,11530,False,False,False,,,,,,,False
200,0,Cori_2016-12-14_M2_g0_t0.imec.ap_CAR.bin,MOs,3454.197489440106,337,3,714,False,False,False,,,,,,,False
201,0,Cori_2016-12-14_M2_g0_t0.imec.ap_CAR.bin,LS,640.5511484747021,65,3,6439,False,False,False,,,,,,,False
202,0,Cori_2016-12-14_M2_g0_t0.imec.ap_CAR.bin,MOs,3403.1612811169534,329,3,4164,False,False,False,,,,,,,False
203,0,Cori_2016-12-14_M2_g0_t0.imec.ap_CAR.bin,ACA,2032.8575183138307,197,3,5898,False,False,False,,,,,,,False
204,0,Cori_2016-12-14_M2_g0_t0.imec.ap_CAR.bin,ACA,2197.465664028869,215,3,3632,False,False,False,,,,,,,False
205,0,Cori_2016-12-14_M2_g0_t0.imec.ap_CAR.bin,ACA,2606.6983065392174,256,3,503,False,False,False,,,,,,,False
206,0,Cori_2016-12-14_M2_g0_t0.imec.ap_CAR.bin,LS,221.10930098602316,21,1,6360,False,True,False,,,,,,,False
207,0,Cori_2016-12-14_M2_g0_t0.imec.ap_CAR.bin,MOs,3266.855345581885,318,1,4987,False,True,False,,,,,,,False
208,0,Cori_2016-12-14_M2_g0_t0.imec.ap_CAR.bin,MOs,2765.1090643765033,268,3,10404,False,False,False,,,,,,,False
209,0,Cori_2016-12-14_M2_g0_t0.imec.ap_CAR.bin,ACA,2571.45647976229,252,1,583,False,True,False,,,,,,,False
210,0,Cori_2016-12-14_M2_g0_t0.imec.ap_CAR.bin,LS,508.0257294323036,49,1,2221,False,True,False,,,,,,,False
211,0,Cori_2016-12-14_M2_g0_t0.imec.ap_CAR.bin,ACA,2529.9579101279937,245,3,9327,False,False,False,,,,,,,False
212,0,Cori_2016-12-14_M2_g0_t0.imec.ap_CAR.bin,ACA,2479.2584714416103,241,1,2078,False,True,False,,,,,,,False
213,0,Cori_2016-12-14_M2_g0_t0.imec.ap_CAR.bin,ACA,2020.0,197,3,11450,False,False,False,,,,,,,False
214,0,Cori_2016-12-14_M2_g0_t0.imec.ap_CAR.bin,MOs,2758.4361385291163,269,3,1097,False,False,False,,,,,,,False
215,0,Cori_2016-12-14_M2_g0_t0.imec.ap_CAR.bin,ACA,2383.5060415589624,231,3,389,False,False,False,,,,,,,False
216,0,Cori_2016-12-14_M2_g0_t0.imec.ap_CAR.bin,MOs,2692.734991383761,263,3,881,False,False,False,,,,,,,False
217,0,Cori_2016-12-14_M2_g0_t0.imec.ap_CAR.bin,LS,303.62326960905676,30,3,14602,False,False,False,,,,,,,False
218,0,Cori_2016-12-14_M2_g0_t0.imec.ap_CAR.bin,LS,246.58063876418495,24,3,3410,False,False,False,,,,,,,False
219,0,Cori_2016-12-14_M2_g0_t0.imec.ap_CAR.bin,LS,596.475610316111,57,3,17092,False,False,False,,,,,,,False
220,0,Cori_2016-12-14_M2_g0_t0.imec.ap_CAR.bin,MOs,2947.7266264778145,284,2,3007,False,False,False,,,,,,,False
221,0,Cori_2016-12-14_M2_g0_t0.imec.ap_CAR.bin,ACA,1996.7250540878442,194,1,4098,False,True,False,,,,,,,False
222,0,Cori_2016-12-14_M2_g0_t0.imec.ap_CAR.bin,MOs,3382.6868015513933,327,3,1132,False,False,False,,,,,,,False
223,0,Cori_2016-12-14_M2_g0_t0.imec.ap_CAR.bin,MOs,3261.5550274694506,318,3,12119,False,False,False,,,,,,,False
224,0,Cori_2016-12-14_M2_g0_t0.imec.ap_CAR.bin,ACA,2033.9945325539404,198,3,235,False,False,False,,,,,,,False
225,0,Cori_2016-12-14_M2_g0_t0.imec.ap_CAR.bin,LS,816.3403235276813,77,3,6055,False,False,False,,,,,,,False
226,0,Cori_2016-12-14_M2_g0_t0.imec.ap_CAR.bin,LS,561.01776359773,55,3,361,False,False,False,,,,,,,False
227,0,Cori_2016-12-14_M2_g0_t0.imec.ap_CAR.bin,LS,1030.5135534666877,101,3,1209,False,False,False,,,,,,,False
228,0,Cori_2016-12-14_M2_g0_t0.imec.ap_CAR.bin,MOs,2939.3972159392265,287,3,5830,False,False,False,,,,,,,False
229,0,Cori_2016-12-14_M2_g0_t0.imec.ap_CAR.bin,LS,852.2019131219126,81,1,13139,False,True,False,,,,,,,False
230,0,Cori_2016-12-14_M2_g0_t0.imec.ap_CAR.bin,ACA,1983.3995444950137,192,1,3514,False,True,False,,,,,,,False
231,0,Cori_2016-12-14_M2_g0_t0.imec.ap_CAR.bin,ACA,2197.5474684658743,215,1,2855,False,True,False,,,,,,,False
232,0,Cori_2016-12-14_M2_g0_t0.imec.ap_CAR.bin,MOs,3412.383562971235,331,3,5442,False,False,False,,,,,,,False
233,0,Cori_2016-12-14_M2_g0_t0.imec.ap_CAR.bin,MOs,3072.611929422302,297,1,7041,False,True,False,,,,,,,False
234,0,Cori_2016-12-14_M2_g0_t0.imec.ap_CAR.bin,LS,211.23513580944237,20,1,7780,False,True,False,,,,,,,False
235,0,Cori_2016-12-14_M2_g0_t0.imec.ap_CAR.bin,MOs,2982.1216821304834,290,3,4941,False,False,False,,,,,,,False
236,0,Cori_2016-12-14_M2_g0_t0.imec.ap_CAR.bin,LS,613.144380916797,61,3,435,False,False,False,,,,,,,False
237,0,Cori_2016-12-14_M2_g0_t0.imec.ap_CAR.bin,MOs,3231.0297045097473,315,1,15241,False,True,False,,,,,,,False
238,0,Cori_2016-12-14_M2_g0_t0.imec.ap_CAR.bin,ACA,2482.877186727908,241,1,654,False,True,False,,,,,,,False
239,0,Cori_2016-12-14_M2_g0_t0.imec.ap_CAR.bin,LS,525.3923502952688,53,1,6648,False,True,False,,,,,,,False
240,0,Cori_2016-12-14_M2_g0_t0.imec.ap_CAR.bin,LS,753.14574077405,72,1,11735,False,True,False,,,,,,,False
241,0,Cori_2016-12-14_M2_g0_t0.imec.ap_CAR.bin,LS,852.0082240677652,81,3,1890,False,False,False,,,,,,,False
242,0,Cori_2016-12-14_M2_g0_t0.imec.ap_CAR.bin,ACA,2577.699192732449,252,1,156,False,True,False,,,,,,,False
243,0,Cori_2016-12-14_M2_g0_t0.imec.ap_CAR.bin,ACA,2072.9329200695156,203,1,5982,False,True,False,,,,,,,False
244,0,Cori_2016-12-14_M2_g0_t0.imec.ap_CAR.bin,LS,692.9490420983404,68,1,321,False,True,False,,,,,,,False
245,0,Cori_2016-12-14_M2_g0_t0.imec.ap_CAR.bin,ACA,2546.2932769855925,248,3,13402,False,False,False,,,,,,,False
246,0,Cori_2016-12-14_M2_g0_t0.imec.ap_CAR.bin,LS,552.9772919880346,53,1,6369,False,True,False,,,,,,,False
247,0,Cori_2016-12-14_M2_g0_t0.imec.ap_CAR.bin,MOs,3484.271110139443,339,3,349,False,False,False,,,,,,,False
248,0,Cori_2016-12-14_M2_g0_t0.imec.ap_CAR.bin,ACA,2119.2121773647496,207,1,8140,False,True,False,,,,,,,False
249,0,Cori_2016-12-14_M2_g0_t0.imec.ap_CAR.bin,LS,33.88384834861028,1,3,127,False,False,False,,,,,,,False
250,0,Cori_2016-12-14_M2_g0_t0.imec.ap_CAR.bin,ACA,2349.8949252657308,228,3,17633,False,False,False,,,,,,,False
251,0,Cori_2016-12-14_M2_g0_t0.imec.ap_CAR.bin,LS,504.40468092442046,49,3,11847,False,False,False,,,,,,,False
252,0,Cori_2016-12-14_M2_g0_t0.imec.ap_CAR.bin,MOs,3248.757848879691,315,1,499,False,True,False,,,,,,,False
253,0,Cori_2016-12-14_M2_g0_t0.imec.ap_CAR.bin,LS,862.1308371339115,81,3,1101,False,False,False,,,,,,,False
254,0,Cori_2016-12-14_M2_g0_t0.imec.ap_CAR.bin,LS,633.809730173281,62,1,8050,False,True,False,,,,,,,False
255,0,Cori_2016-12-14_M2_g0_t0.imec.ap_CAR.bin,LS,594.493933868743,57,1,5923,False,True,False,,,,,,,False
256,0,Cori_2016-12-14_M2_g0_t0.imec.ap_CAR.bin,ACA,2215.330770658535,217,1,4934,False,True,False,,,,,,,False
257,0,Cori_2016-12-14_M2_g0_t0.imec.ap_CAR.bin,LS,937.6980783242352,92,3,6286,False,False,False,,,,,,,False
258,0,Cori_2016-12-14_M2_g0_t0.imec.ap_CAR.bin,LS,1001.0559526961105,100,3,1178,False,False,False,,,,,,,False
259,0,Cori_2016-12-14_M2_g0_t0.imec.ap_CAR.bin,ACA,2019.587322930255,197,1,3804,False,True,False,,,,,,,False
260,0,Cori_2016-12-14_M2_g0_t0.imec.ap_CAR.bin,MOs,3449.538654833668,337,3,879,False,False,False,,,,,,,False
261,0,Cori_2016-12-14_M2_g0_t0.imec.ap_CAR.bin,ACA,2668.973798810083,259,3,501,False,False,False,,,,,,,False
262,0,Cori_2016-12-14_M2_g0_t0.imec.ap_CAR.bin,ACA,2538.0089097610694,248,3,1050,False,False,False,,,,,,,False
263,0,Cori_2016-12-14_M2_g0_t0.imec.ap_CAR.bin,MOs,2745.9564975787944,267,3,3714,False,False,False,,,,,,,False
264,0,Cori_2016-12-14_M2_g0_t0.imec.ap_CAR.bin,MOs,2705.2506526861775,262,1,13583,False,True,False,,,,,,,False
265,0,Cori_2016-12-14_M2_g0_t0.imec.ap_CAR.bin,LS,395.9190733619148,37,3,6174,False,False,False,,,,,,,False
266,0,Cori_2016-12-14_M2_g0_t0.imec.ap_CAR.bin,MOs,2777.0511437317227,271,3,1720,False,False,False,,,,,,,False
267,0,Cori_2016-12-14_M2_g0_t0.imec.ap_CAR.bin,MOs,3338.1012476715064,326,3,155,False,False,False,,,,,,,False
268,0,Cori_2016-12-14_M2_g0_t0.imec.ap_CAR.bin,MOs,3434.1864166461437,334,3,4457,False,False,False,,,,,,,False
269,0,Cori_2016-12-14_M2_g0_t0.imec.ap_CAR.bin,MOs,3105.526370745757,301,3,11411,False,False,False,,,,,,,False
270,0,Cori_2016-12-14_M2_g0_t0.imec.ap_CAR.bin,LS,908.869984160946,88,3,4689,False,False,False,,,,,,,False
271,0,Cori_2016-12-14_M2_g0_t0.imec.ap_CAR.bin,MOs,2688.2212648176833,263,1,11589,False,True,False,,,,,,,False
272,0,Cori_2016-12-14_M2_g0_t0.imec.ap_CAR.bin,LS,84.89148357167358,7,1,406,False,True,False,,,,,,,False
273,0,Cori_2016-12-14_M2_g0_t0.imec.ap_CAR.bin,MOs,3079.027626339805,299,1,10574,False,True,False,,,,,,,False
274,0,Cori_2016-12-14_M2_g0_t0.imec.ap_CAR.bin,LS,452.93249798525994,45,1,10737,False,True,False,,,,,,,False
275,0,Cori_2016-12-14_M2_g0_t0.imec.ap_CAR.bin,ACA,2284.3017247673356,222,3,1878,False,False,False,,,,,,,False
276,0,Cori_2016-12-14_M2_g0_t0.imec.ap_CAR.bin,MOs,3275.708019068241,319,1,13248,False,True,False,,,,,,,False
277,0,Cori_2016-12-14_M2_g0_t0.imec.ap_CAR.bin,MOs,2692.6462703349016,263,3,1341,False,False,False,,,,,,,False
278,0,Cori_2016-12-14_M2_g0_t0.imec.ap_CAR.bin,LS,70.25859089715432,6,3,4319,False,False,False,,,,,,,False
279,0,Cori_2016-12-14_M2_g0_t0.imec.ap_CAR.bin,ACA,2465.690924128495,244,3,1933,False,False,False,,,,,,,False
280,0,Cori_2016-12-14_M2_g0_t0.imec.ap_CAR.bin,ACA,2406.3031841306897,234,3,7021,False,False,False,,,,,,,False
281,0,Cori_2016-12-14_M2_g0_t0.imec.ap_CAR.bin,LS,465.0745959458041,45,3,36499,False,False,False,,,,,,,False
282,0,Cori_2016-12-14_M2_g0_t0.imec.ap_CAR.bin,ACA,2340.601848036434,228,1,5304,False,True,False,,,,,,,False
283,0,Cori_2016-12-14_M2_g0_t0.imec.ap_CAR.bin,MOs,3398.889074292658,334,1,394,False,True,False,,,,,,,False
284,0,Cori_2016-12-14_M2_g0_t0.imec.ap_CAR.bin,MOs,2717.145203103673,267,1,17862,False,True,False,,,,,,,False
285,0,Cori_2016-12-14_M2_g0_t0.imec.ap_CAR.bin,MOs,3455.290065531068,339,3,326,False,False,False,,,,,,,False
286,0,Cori_2016-12-14_M2_g0_t0.imec.ap_CAR.bin,ACA,2379.439003387104,231,3,153,False,False,False,,,,,,,False
287,0,Cori_2016-12-14_M2_g0_t0.imec.ap_CAR.bin,ACA,2654.8075878466507,259,3,6341,False,False,False,,,,,,,False
288,0,Cori_2016-12-14_M2_g0_t0.imec.ap_CAR.bin,MOs,3194.1086026646567,310,3,5621,False,False,False,,,,,,,False
289,0,Cori_2016-12-14_M2_g0_t0.imec.ap_CAR.bin,ACA,2519.2195402813827,244,1,5955,False,True,False,,,,,,,False
290,0,Cori_2016-12-14_M2_g0_t0.imec.ap_CAR.bin,LS,135.87406901375698,11,1,698,False,True,False,,,,,,,False
291,0,Cori_2016-12-14_M2_g0_t0.imec.ap_CAR.bin,MOs,3467.878107083929,337,3,3597,False,False,False,,,,,,,False
292,0,Cori_2016-12-14_M2_g0_t0.imec.ap_CAR.bin,MOs,2979.824562110058,292,3,1144,False,False,False,,,,,,,False
293,0,Cori_2016-12-14_M2_g0_t0.imec.ap_CAR.bin,LS,938.4774631958588,92,3,1678,False,False,False,,,,,,,False
294,0,Cori_2016-12-14_M2_g0_t0.imec.ap_CAR.bin,LS,446.8764656839438,45,1,2089,False,True,False,,,,,,,False
295,0,Cori_2016-12-14_M2_g0_t0.imec.ap_CAR.bin,LS,752.1788638773572,74,3,5305,False,False,False,,,,,,,False
296,0,Cori_2016-12-14_M2_g0_t0.imec.ap_CAR.bin,MOs,2782.039487796627,270,3,938,False,False,False,,,,,,,False
297,0,Cori_2016-12-14_M2_g0_t0.imec.ap_CAR.bin,ACA,1965.6155081558131,190,3,316,False,False,False,,,,,,,False
298,0,Cori_2016-12-14_M2_g0_t0.imec.ap_CAR.bin,LS,838.0121149549753,81,1,11346,False,True,False,,,,,,,False
299,0,Cori_2016-12-14_M2_g0_t0.imec.ap_CAR.bin,ACA,2305.59296816342,224,1,1527,False,True,False,,,,,,,False
300,0,Cori_2016-12-14_M2_g0_t0.imec.ap_CAR.bin,ACA,2566.347286261098,252,3,6730,False,False,False,,,,,,,False
301,0,Cori_2016-12-14_M2_g0_t0.imec.ap_CAR.bin,MOs,3182.8004313081037,310,1,5001,False,True,False,,,,,,,False
302,0,Cori_2016-12-14_M2_g0_t0.imec.ap_CAR.bin,LS,843.1648590684515,82,3,2231,False,False,False,,,,,,,False
303,0,Cori_2016-12-14_M2_g0_t0.imec.ap_CAR.bin,ACA,2578.6979761411912,252,3,1836,False,False,False,,,,,,,False
304,0,Cori_2016-12-14_M2_g0_t0.imec.ap_CAR.bin,MOs,2720.487741447251,265,1,3929,False,True,False,,,,,,,False
305,0,Cori_2016-12-14_M2_g0_t0.imec.ap_CAR.bin,ACA,2255.343118117608,221,3,3202,False,False,False,,,,,,,False
306,0,Cori_2016-12-14_M2_g0_t0.imec.ap_CAR.bin,ACA,2574.9534693197124,252,1,787,False,True,False,,,,,,,False
307,0,Cori_2016-12-14_M2_g0_t0.imec.ap_CAR.bin,LS,841.0710255516002,84,1,3340,False,True,False,,,,,,,False
308,0,Cori_2016-12-14_M2_g0_t0.imec.ap_CAR.bin,LS,840.806618529443,82,1,11373,False,True,False,,,,,,,False
309,0,Cori_2016-12-14_M2_g0_t0.imec.ap_CAR.bin,ACA,1945.2187606881282,189,3,1142,False,False,False,,,,,,,False
310,0,Cori_2016-12-14_M2_g0_t0.imec.ap_CAR.bin,ACA,2292.058755800721,222,3,851,False,False,False,,,,,,,False
311,0,Cori_2016-12-14_M2_g0_t0.imec.ap_CAR.bin,MOs,3138.7446448594656,306,3,3974,False,False,False,,,,,,,False
312,0,Cori_2016-12-14_M2_g0_t0.imec.ap_CAR.bin,ACA,1952.863480903561,189,3,378,False,False,False,,,,,,,False
313,0,Cori_2016-12-14_M2_g0_t0.imec.ap_CAR.bin,MOs,3248.7578501448966,315,3,2060,False,False,False,,,,,,,False
314,0,Cori_2016-12-14_M2_g0_t0.imec.ap_CAR.bin,LS,727.1314170126228,70,1,6172,False,True,False,,,,,,,False
315,0,Cori_2016-12-14_M2_g0_t0.imec.ap_CAR.bin,LS,598.1583137836042,58,1,6797,False,True,False,,,,,,,False
316,0,Cori_2016-12-14_M2_g0_t0.imec.ap_CAR.bin,MOs,3215.5973324930137,307,3,4252,False,False,False,,,,,,,False
317,0,Cori_2016-12-14_M2_g0_t0.imec.ap_CAR.bin,LS,324.3710519845633,31,1,10996,False,True,False,,,,,,,False
318,0,Cori_2016-12-14_M2_g0_t0.imec.ap_CAR.bin,ACA,1965.6155088575683,190,3,1067,False,False,False,,,,,,,False
319,0,Cori_2016-12-14_M2_g0_t0.imec.ap_CAR.bin,LS,649.9733529184635,63,3,670,False,False,False,,,,,,,False
320,0,Cori_2016-12-14_M2_g0_t0.imec.ap_CAR.bin,ACA,2576.196904607459,249,1,264,False,True,False,,,,,,,False
321,0,Cori_2016-12-14_M2_g0_t0.imec.ap_CAR.bin,LS,179.00970874772273,16,1,6371,False,True,False,,,,,,,False
322,0,Cori_2016-12-14_M2_g0_t0.imec.ap_CAR.bin,LS,625.47273243066,63,3,3608,False,False,False,,,,,,,False
323,0,Cori_2016-12-14_M2_g0_t0.imec.ap_CAR.bin,LS,105.34966311131363,11,1,387,False,True,False,,,,,,,False
324,0,Cori_2016-12-14_M2_g0_t0.imec.ap_CAR.bin,MOs,2899.4526319589277,289,1,592,False,True,False,,,,,,,False
325,0,Cori_2016-12-14_M2_g0_t0.imec.ap_CAR.bin,MOs,2780.3858068289755,268,3,14868,False,False,False,,,,,,,False
326,0,Cori_2016-12-14_M2_g0_t0.imec.ap_CAR.bin,MOs,3408.643331326553,333,1,1055,False,True,False,,,,,,,False
327,0,Cori_2016-12-14_M2_g0_t0.imec.ap_CAR.bin,LS,634.0098700486118,62,1,8619,False,True,False,,,,,,,False
328,0,Cori_2016-12-14_M2_g0_t0.imec.ap_CAR.bin,MOs,2964.846081945752,289,1,2298,False,True,False,,,,,,,False
329,0,Cori_2016-12-14_M2_g0_t0.imec.ap_CAR.bin,LS,33.88384785578465,1,3,323,False,False,False,,,,,,,False
330,0,Cori_2016-12-14_M2_g0_t0.imec.ap_CAR.bin,LS,404.5928089633127,43,3,13641,False,False,False,,,,,,,False
331,0,Cori_2016-12-14_M2_g0_t0.imec.ap_CAR.bin,LS,638.9700972154986,63,3,7668,False,False,False,,,,,,,False
332,0,Cori_2016-12-14_M2_g0_t0.imec.ap_CAR.bin,ACA,2646.002442825387,259,3,7884,False,False,False,,,,,,,False
333,0,Cori_2016-12-14_M2_g0_t0.imec.ap_CAR.bin,MOs,3112.918828944428,302,1,20166,False,True,False,,,,,,,False
334,0,Cori_2016-12-14_M2_g0_t0.imec.ap_CAR.bin,ACA,1965.3986072115604,191,3,3341,False,False,False,,,,,,,False
335,0,Cori_2016-12-14_M2_g0_t0.imec.ap_CAR.bin,LS,227.90944146759702,23,3,1552,False,False,False,,,,,,,False
336,0,Cori_2016-12-14_M2_g0_t0.imec.ap_CAR.bin,ACA,2185.5556712150656,213,3,1140,False,False,False,,,,,,,False
337,0,Cori_2016-12-14_M2_g0_t0.imec.ap_CAR.bin,MOs,3467.344599088434,334,1,1720,False,True,False,,,,,,,False
338,0,Cori_2016-12-14_M2_g0_t0.imec.ap_CAR.bin,MOs,3215.172306512881,311,1,13957,False,True,False,,,,,,,False
339,0,Cori_2016-12-14_M2_g0_t0.imec.ap_CAR.bin,LS,284.89711618626126,30,3,10703,False,False,False,,,,,,,False
340,0,Cori_2016-12-14_M2_g0_t0.imec.ap_CAR.bin,LS,627.4435095060275,62,3,12102,False,False,False,,,,,,,False
341,0,Cori_2016-12-14_M2_g0_t0.imec.ap_CAR.bin,ACA,2243.105545523932,219,3,774,False,False,False,,,,,,,False
342,0,Cori_2016-12-14_M2_g0_t0.imec.ap_CAR.bin,ACA,2122.4242611323216,209,3,2333,False,False,False,,,,,,,False
343,0,Cori_2016-12-14_M2_g0_t0.imec.ap_CAR.bin,ACA,2326.379422354759,228,3,638,False,False,False,,,,,,,False
344,0,Cori_2016-12-14_M2_g0_t0.imec.ap_CAR.bin,LS,613.4086045525733,61,1,3771,False,True,False,,,,,,,False
345,0,Cori_2016-12-14_M2_g0_t0.imec.ap_CAR.bin,LS,588.2494159554568,62,1,930,False,True,False,,,,,,,False
346,0,Cori_2016-12-14_M2_g0_t0.imec.ap_CAR.bin,LS,220.7201980450342,22,3,5892,False,False,False,,,,,,,False
347,0,Cori_2016-12-14_M2_g0_t0.imec.ap_CAR.bin,LS,447.8920824602497,43,1,1593,False,True,False,,,,,,,False
348,0,Cori_2016-12-14_M2_g0_t0.imec.ap_CAR.bin,ACA,2335.6812414319816,227,3,2831,False,False,False,,,,,,,False
349,0,Cori_2016-12-14_M2_g0_t0.imec.ap_CAR.bin,MOs,3032.279655287082,298,3,1016,False,False,False,,,,,,,False
350,0,Cori_2016-12-14_M2_g0_t0.imec.ap_CAR.bin,ACA,2554.6243902682277,250,3,2945,False,False,False,,,,,,,False
351,0,Cori_2016-12-14_M2_g0_t0.imec.ap_CAR.bin,LS,929.3240344613768,89,1,432,False,True,False,,,,,,,False
352,0,Cori_2016-12-14_M2_g0_t0.imec.ap_CAR.bin,MOs,3454.251892076145,337,1,2750,False,True,False,,,,,,,False
353,0,Cori_2016-12-14_M2_g0_t0.imec.ap_CAR.bin,LS,296.3062359589917,28,3,15597,False,False,False,,,,,,,False
354,0,Cori_2016-12-14_M2_g0_t0.imec.ap_CAR.bin,LS,959.7477017517953,94,3,8202,False,False,False,,,,,,,False
355,0,Cori_2016-12-14_M2_g0_t0.imec.ap_CAR.bin,ACA,2571.456479976941,252,1,190,False,True,False,,,,,,,False
356,0,Cori_2016-12-14_M2_g0_t0.imec.ap_CAR.bin,MOs,3081.3956841655236,299,1,13345,False,True,False,,,,,,,False
357,0,Cori_2016-12-14_M2_g0_t0.imec.ap_CAR.bin,MOs,3411.9494214799274,331,3,3031,False,False,False,,,,,,,False
358,0,Cori_2016-12-14_M2_g0_t0.imec.ap_CAR.bin,ACA,2281.2710529862975,222,3,1435,False,False,False,,,,,,,False
359,0,Cori_2016-12-14_M2_g0_t0.imec.ap_CAR.bin,ACA,1935.2998513253947,189,1,1231,False,True,False,,,,,,,False
360,0,Cori_2016-12-14_M2_g0_t0.imec.ap_CAR.bin,LS,129.3712355900394,12,3,1613,False,False,False,,,,,,,False
361,0,Cori_2016-12-14_M2_g0_t0.imec.ap_CAR.bin,LS,500.9992231824418,49,3,9478,False,False,False,,,,,,,False
362,0,Cori_2016-12-14_M2_g0_t0.imec.ap_CAR.bin,ACA,2494.6318842574533,244,1,9996,False,True,False,,,,,,,False
363,0,Cori_2016-12-14_M2_g0_t0.imec.ap_CAR.bin,LS,646.1487084782582,64,1,4223,False,True,False,,,,,,,False
364,0,Cori_2016-12-14_M2_g0_t0.imec.ap_CAR.bin,ACA,2015.9355678741292,196,3,2228,False,False,False,,,,,,,False
365,0,Cori_2016-12-14_M2_g0_t0.imec.ap_CAR.bin,LS,350.2201173803521,36,1,10525,False,True,False,,,,,,,False
366,0,Cori_2016-12-14_M2_g0_t0.imec.ap_CAR.bin,MOs,2980.2545058671344,288,1,6839,False,True,False,,,,,,,False
367,0,Cori_2016-12-14_M2_g0_t0.imec.ap_CAR.bin,ACA,2609.8205362608023,253,3,5128,False,False,False,,,,,,,False
368,0,Cori_2016-12-14_M2_g0_t0.imec.ap_CAR.bin,LS,166.99024108880562,18,3,592,False,False,False,,,,,,,False
369,0,Cori_2016-12-14_M2_g0_t0.imec.ap_CAR.bin,LS,560.1489042387451,57,1,5790,False,True,False,,,,,,,False
370,0,Cori_2016-12-14_M2_g0_t0.imec.ap_CAR.bin,LS,972.4679563823067,95,3,2366,False,False,False,,,,,,,False
371,0,Cori_2016-12-14_M2_g0_t0.imec.ap_CAR.bin,ACA,2472.3517303601325,242,3,186,False,False,False,,,,,,,False
372,0,Cori_2016-12-14_M2_g0_t0.imec.ap_CAR.bin,MOs,2991.202350092005,291,1,2214,False,True,False,,,,,,,False
373,0,Cori_2016-12-14_M2_g0_t0.imec.ap_CAR.bin,MOs,3189.4621515643175,309,3,5593,False,False,False,,,,,,,False
374,0,Cori_2016-12-14_M2_g0_t0.imec.ap_CAR.bin,LS,904.7432006928642,88,1,6989,False,True,False,,,,,,,False
375,0,Cori_2016-12-14_M2_g0_t0.imec.ap_CAR.bin,ACA,2379.4390040778585,231,3,403,False,False,False,,,,,,,False
376,0,Cori_2016-12-14_M2_g0_t0.imec.ap_CAR.bin,LS,399.78295704386954,36,1,664,False,True,False,,,,,,,False
377,0,Cori_2016-12-14_M2_g0_t0.imec.ap_CAR.bin,ACA,2574.4313411176377,249,1,2181,False,True,False,,,,,,,False
378,0,Cori_2016-12-14_M2_g0_t0.imec.ap_CAR.bin,LS,500.00397637722756,49,1,443,False,True,False,,,,,,,False
379,0,Cori_2016-12-14_M2_g0_t0.imec.ap_CAR.bin,MOs,2695.260226588835,260,3,9191,False,False,False,,,,,,,False
380,0,Cori_2016-12-14_M2_g0_t0.imec.ap_CAR.bin,MOs,3000.729118436033,293,3,3703,False,False,False,,,,,,,False
381,0,Cori_2016-12-14_M2_g0_t0.imec.ap_CAR.bin,MOs,3410.772049323967,331,3,1894,False,False,False,,,,,,,False
382,0,Cori_2016-12-14_M2_g0_t0.imec.ap_CAR.bin,ACA,2529.461337917509,245,1,2920,False,True,False,,,,,,,False
383,0,Cori_2016-12-14_M2_g0_t0.imec.ap_CAR.bin,ACA,2040.2299246790778,198,3,28589,False,False,False,,,,,,,False
384,0,Cori_2016-12-14_M2_g0_t0.imec.ap_CAR.bin,MOs,3418.54298506188,333,3,2757,False,False,False,,,,,,,False
385,0,Cori_2016-12-14_M2_g0_t0.imec.ap_CAR.bin,LS,519.8509235055215,50,3,3667,False,False,False,,,,,,,False
386,0,Cori_2016-12-14_M2_g0_t0.imec.ap_CAR.bin,LS,505.44545984879477,49,3,8009,False,False,False,,,,,,,False
387,0,Cori_2016-12-14_M2_g0_t0.imec.ap_CAR.bin,ACA,2489.2633710643195,244,3,3944,False,False,False,,,,,,,False
388,0,Cori_2016-12-14_M2_g0_t0.imec.ap_CAR.bin,LS,1031.441050253384,100,3,4479,False,False,False,,,,,,,False
389,0,Cori_2016-12-14_M2_g0_t0.imec.ap_CAR.bin,LS,581.3486882905244,58,1,9500,False,True,False,,,,,,,False
390,0,Cori_2016-12-14_M2_g0_t0.imec.ap_CAR.bin,LS,392.21568473975793,41,1,494,False,True,False,,,,,,,False
391,0,Cori_2016-12-14_M2_g0_t0.imec.ap_CAR.bin,LS,1008.3907711069681,97,3,3671,False,False,False,,,,,,,False
392,0,Cori_2016-12-14_M2_g0_t0.imec.ap_CAR.bin,MOs,2871.7435802827604,278,3,124,False,False,False,,,,,,,False
393,0,Cori_2016-12-14_M2_g0_t0.imec.ap_CAR.bin,LS,490.45474991513316,48,1,4566,False,True,False,,,,,,,False
394,0,Cori_2016-12-14_M2_g0_t0.imec.ap_CAR.bin,MOs,3303.5504094119724,319,1,11101,False,True,False,,,,,,,False
395,0,Cori_2016-12-14_M2_g0_t0.imec.ap_CAR.bin,LS,545.6636087173348,53,1,11547,False,True,False,,,,,,,False
396,0,Cori_2016-12-14_M2_g0_t0.imec.ap_CAR.bin,ACA,2540.0,248,3,910,False,False,False,,,,,,,False
397,0,Cori_2016-12-14_M2_g0_t0.imec.ap_CAR.bin,ACA,2667.6972007185022,259,1,4002,False,True,False,,,,,,,False
398,0,Cori_2016-12-14_M2_g0_t0.imec.ap_CAR.bin,LS,393.205583283835,37,1,7340,False,True,False,,,,,,,False
399,0,Cori_2016-12-14_M2_g0_t0.imec.ap_CAR.bin,ACA,2350.071213475794,230,3,18998,False,False,False,,,,,,,False
400,0,Cori_2016-12-14_M2_g0_t0.imec.ap_CAR.bin,LS,1028.47217416814,100,3,1733,False,False,False,,,,,,,False
401,0,Cori_2016-12-14_M2_g0_t0.imec.ap_CAR.bin,MOs,3216.82732790018,314,3,1830,False,False,False,,,,,,,False
402,0,Cori_2016-12-14_M2_g0_t0.imec.ap_CAR.bin,LS,278.18277401433755,26,1,11687,False,True,False,,,,,,,False
403,0,Cori_2016-12-14_M2_g0_t0.imec.ap_CAR.bin,MOs,3256.7841132053395,318,3,2391,False,False,False,,,,,,,False
404,0,Cori_2016-12-14_M2_g0_t0.imec.ap_CAR.bin,ACA,2266.894942727253,221,3,1059,False,False,False,,,,,,,False
405,0,Cori_2016-12-14_M2_g0_t0.imec.ap_CAR.bin,LS,895.6600815402528,88,1,14171,False,True,False,,,,,,,False
406,0,Cori_2016-12-14_M2_g0_t0.imec.ap_CAR.bin,MOs,2749.3820521961243,267,3,604,False,False,False,,,,,,,False
407,0,Cori_2016-12-14_M2_g0_t0.imec.ap_CAR.bin,ACA,2576.1969061739073,249,1,255,False,True,False,,,,,,,False
408,0,Cori_2016-12-14_M2_g0_t0.imec.ap_CAR.bin,ACA,2409.413743642517,235,3,2991,False,False,False,,,,,,,False
409,0,Cori_2016-12-14_M2_g0_t0.imec.ap_CAR.bin,ACA,1975.7894579564088,190,3,3321,False,False,False,,,,,,,False
410,0,Cori_2016-12-14_M2_g0_t0.imec.ap_CAR.bin,ACA,2272.027561207079,222,3,3792,False,False,False,,,,,,,False
411,0,Cori_2016-12-14_M2_g0_t0.imec.ap_CAR.bin,ACA,1968.1012348546656,191,1,3942,False,True,False,,,,,,,False
412,0,Cori_2016-12-14_M2_g0_t0.imec.ap_CAR.bin,MOs,2986.3996131808917,291,3,2883,False,False,False,,,,,,,False
413,0,Cori_2016-12-14_M2_g0_t0.imec.ap_CAR.bin,MOs,3342.768646509172,326,3,1157,False,False,False,,,,,,,False
414,0,Cori_2016-12-14_M2_g0_t0.imec.ap_CAR.bin,LS,304.1102184255039,30,1,10803,False,True,False,,,,,,,False
415,0,Cori_2016-12-14_M2_g0_t0.imec.ap_CAR.bin,MOs,2924.319296210342,287,3,1682,False,False,False,,,,,,,False
416,0,Cori_2016-12-14_M2_g0_t0.imec.ap_CAR.bin,LS,887.3081556071652,85,1,10617,False,True,False,,,,,,,False
417,0,Cori_2016-12-14_M2_g0_t0.imec.ap_CAR.bin,MOs,3016.2447875076114,294,3,1763,False,False,False,,,,,,,False
418,0,Cori_2016-12-14_M2_g0_t0.imec.ap_CAR.bin,LS,319.686895606884,32,1,16359,False,True,False,,,,,,,False
419,0,Cori_2016-12-14_M2_g0_t0.imec.ap_CAR.bin,ACA,2563.363109639925,252,3,2259,False,False,False,,,,,,,False
420,0,Cori_2016-12-14_M2_g0_t0.imec.ap_CAR.bin,ACA,2051.017180825873,198,3,3320,False,False,False,,,,,,,False
421,0,Cori_2016-12-14_M2_g0_t0.imec.ap_CAR.bin,MOs,3075.0714231354195,297,1,6646,False,True,False,,,,,,,False
422,0,Cori_2016-12-14_M2_g0_t0.imec.ap_CAR.bin,LS,538.1775865962912,53,3,8260,False,False,False,,,,,,,False
423,0,Cori_2016-12-14_M2_g0_t0.imec.ap_CAR.bin,LS,166.99023902595886,18,1,163,False,True,False,,,,,,,False
424,0,Cori_2016-12-14_M2_g0_t0.imec.ap_CAR.bin,LS,175.24026264686142,17,1,2954,False,True,False,,,,,,,False
425,0,Cori_2016-12-14_M2_g0_t0.imec.ap_CAR.bin,MOs,3007.991308237286,295,1,3628,False,True,False,,,,,,,False
426,0,Cori_2016-12-14_M2_g0_t0.imec.ap_CAR.bin,LS,88.74617746125645,10,1,2988,False,True,False,,,,,,,False
427,0,Cori_2016-12-14_M2_g0_t0.imec.ap_CAR.bin,LS,535.9144959852359,53,1,2778,False,True,False,,,,,,,False
428,0,Cori_2016-12-14_M2_g0_t0.imec.ap_CAR.bin,LS,676.8039945749799,67,3,3215,False,False,False,,,,,,,False
429,0,Cori_2016-12-14_M2_g0_t0.imec.ap_CAR.bin,LS,667.0177468750412,66,3,6717,False,False,False,,,,,,,False
430,0,Cori_2016-12-14_M2_g0_t0.imec.ap_CAR.bin,LS,42.25492400820932,1,1,124,False,True,False,,,,,,,False
431,0,Cori_2016-12-14_M2_g0_t0.imec.ap_CAR.bin,MOs,3112.2682025632316,299,3,2774,False,False,False,,,,,,,False
432,0,Cori_2016-12-14_M2_g0_t0.imec.ap_CAR.bin,LS,801.4328357086903,78,3,8403,False,False,False,,,,,,,False
433,0,Cori_2016-12-14_M2_g0_t0.imec.ap_CAR.bin,MOs,2855.725453529226,279,3,14737,False,False,False,,,,,,,False
434,0,Cori_2016-12-14_M2_g0_t0.imec.ap_CAR.bin,LS,519.4642362472041,50,3,17995,False,False,False,,,,,,,False
435,0,Cori_2016-12-14_M2_g0_t0.imec.ap_CAR.bin,MOs,3030.301557156477,296,3,15996,False,False,False,,,,,,,False
436,0,Cori_2016-12-14_M2_g0_t0.imec.ap_CAR.bin,LS,571.6483256493241,57,3,2144,False,False,False,,,,,,,False
437,0,Cori_2016-12-14_M2_g0_t0.imec.ap_CAR.bin,MOs,3067.4406350510494,300,3,811,False,False,False,,,,,,,False
438,0,Cori_2016-12-14_M2_g0_t0.imec.ap_CAR.bin,LS,284.565804064645,28,3,466,False,False,False,,,,,,,False
439,0,Cori_2016-12-14_M2_g0_t0.imec.ap_CAR.bin,ACA,2632.6373910799716,257,1,8059,False,True,False,,,,,,,False
440,0,Cori_2016-12-14_M2_g0_t0.imec.ap_CAR.bin,ACA,2220.814293394529,217,3,7749,False,False,False,,,,,,,False
441,0,Cori_2016-12-14_M2_g0_t0.imec.ap_CAR.bin,LS,345.8858925757465,35,1,9584,False,True,False,,,,,,,False
442,0,Cori_2016-12-14_M2_g0_t0.imec.ap_CAR.bin,MOs,3148.1333422805214,306,1,9095,False,True,False,,,,,,,False
443,0,Cori_2016-12-14_M2_g0_t0.imec.ap_CAR.bin,LS,946.7818547334246,94,1,3000,False,True,False,,,,,,,False
444,0,Cori_2016-12-14_M2_g0_t0.imec.ap_CAR.bin,ACA,2287.7909306716397,222,3,8433,False,False,False,,,,,,,False
445,0,Cori_2016-12-14_M2_g0_t0.imec.ap_CAR.bin,LS,1094.2753288356691,103,1,877,False,True,False,,,,,,,False
446,0,Cori_2016-12-14_M2_g0_t0.imec.ap_CAR.bin,LS,146.78199820175965,15,3,345,False,False,False,,,,,,,False
447,0,Cori_2016-12-14_M2_g0_t0.imec.ap_CAR.bin,LS,1035.1877534373546,101,3,2133,False,False,False,,,,,,,False
448,0,Cori_2016-12-14_M2_g0_t0.imec.ap_CAR.bin,MOs,3445.4668264179113,334,1,3856,False,True,False,,,,,,,False
449,0,Cori_2016-12-14_M2_g0_t0.imec.ap_CAR.bin,MOs,3467.344597509833,334,1,182,False,True,False,,,,,,,False
450,0,Cori_2016-12-14_M2_g0_t0.imec.ap_CAR.bin,LS,696.8972294165844,69,1,5811,False,True,False,,,,,,,False
451,0,Cori_2016-12-14_M2_g0_t0.imec.ap_CAR.bin,ACA,2131.671071725596,207,3,11324,False,False,False,,,,,,,False
452,0,Cori_2016-12-14_M2_g0_t0.imec.ap_CAR.bin,LS,281.3522241253895,28,1,553,False,True,False,,,,,,,False
453,0,Cori_2016-12-14_M2_g0_t0.imec.ap_CAR.bin,MOs,3467.3445948801755,334,1,669,False,True,False,,,,,,,False
454,0,Cori_2016-12-14_M2_g0_t0.imec.ap_CAR.bin,MOs,3222.37130138244,312,3,6206,False,False,False,,,,,,,False
455,0,Cori_2016-12-14_M2_g0_t0.imec.ap_CAR.bin,MOs,2877.052947433202,281,3,2843,False,False,False,,,,,,,False
456,0,Cori_2016-12-14_M2_g0_t0.imec.ap_CAR.bin,MOs,3388.0723771459893,331,1,3383,False,True,False,,,,,,,False
457,0,Cori_2016-12-14_M2_g0_t0.imec.ap_CAR.bin,LS,139.4768708757554,15,1,898,False,True,False,,,,,,,False
458,0,Cori_2016-12-14_M2_g0_t0.imec.ap_CAR.bin,ACA,2472.351729764769,242,3,218,False,False,False,,,,,,,False
459,0,Cori_2016-12-14_M2_g0_t0.imec.ap_CAR.bin,ACA,2472.351729764769,242,3,118,False,False,False,,,,,,,False
460,0,Cori_2016-12-14_M2_g0_t0.imec.ap_CAR.bin,ACA,2214.62062224973,216,3,204,False,False,False,,,,,,,False
461,0,Cori_2016-12-14_M2_g0_t0.imec.ap_CAR.bin,ACA,2214.62062224973,216,3,220,False,False,False,,,,,,,False
462,0,Cori_2016-12-14_M2_g0_t0.imec.ap_CAR.bin,ACA,2435.0987657880364,238,3,19713,False,False,False,,,,,,,False
463,0,Cori_2016-12-14_M2_g0_t0.imec.ap_CAR.bin,ACA,2586.9435010853663,252,3,50727,False,False,False,,,,,,,False
464,0,Cori_2016-12-14_M2_g0_t0.imec.ap_CAR.bin,ACA,2571.541472954848,249,3,27875,False,False,False,,,,,,,False
465,0,Cori_2016-12-14_M2_g0_t0.imec.ap_CAR.bin,LS,336.0413376610802,34,3,47758,False,False,False,,,,,,,False
466,0,Cori_2016-12-14_M2_g0_t0.imec.ap_CAR.bin,MOs,3026.1476573249656,296,3,50324,False,False,False,,,,,,,False
467,0,Cori_2016-12-14_M2_g0_t0.imec.ap_CAR.bin,LS,327.6826532206542,30,3,50233,False,False,False,,,,,,,False
468,0,Cori_2016-12-14_M2_g0_t0.imec.ap_CAR.bin,ACA,2227.6078446863994,217,3,34552,False,False,False,,,,,,,False
469,0,Cori_2016-12-14_M2_g0_t0.imec.ap_CAR.bin,LS,557.1130467894724,55,3,30450,False,False,False,,,,,,,False
470,0,Cori_2016-12-14_M2_g0_t0.imec.ap_CAR.bin,LS,431.14755905135735,40,3,29640,False,False,False,,,,,,,False
471,0,Cori_2016-12-14_M2_g0_t0.imec.ap_CAR.bin,LS,97.1678525079586,9,3,115372,False,False,False,,,,,,,False
472,0,Cori_2016-12-14_M2_g0_t0.imec.ap_CAR.bin,LS,606.5428210019992,58,3,28905,False,False,False,,,,,,,False
473,0,Cori_2016-12-14_M2_g0_t0.imec.ap_CAR.bin,LS,186.6726839825012,20,3,40996,False,False,False,,,,,,,False
474,0,Cori_2016-12-14_M2_g0_t0.imec.ap_CAR.bin,MOs,2973.374701124898,289,3,38168,False,False,False,,,,,,,False
475,0,Cori_2016-12-14_M2_g0_t0.imec.ap_CAR.bin,LS,237.67667565557412,23,3,22055,False,False,False,,,,,,,False
476,0,Cori_2016-12-14_M2_g0_t0.imec.ap_CAR.bin,LS,421.0273124518053,40,3,30346,False,False,False,,,,,,,False
477,0,Cori_2016-12-14_M2_g0_t0.imec.ap_CAR.bin,ACA,2600.0689121143405,254,3,21914,False,False,False,,,,,,,False
478,0,Cori_2016-12-14_M2_g0_t0.imec.ap_CAR.bin,LS,280.11112831992966,27,3,18261,False,False,False,,,,,,,False
479,0,Cori_2016-12-14_M2_g0_t0.imec.ap_CAR.bin,LS,364.4244504854657,36,3,21126,False,False,False,,,,,,,False
480,0,Cori_2016-12-14_M2_g0_t0.imec.ap_CAR.bin,LS,541.2171544770877,52,3,26381,False,False,False,,,,,,,False
481,0,Cori_2016-12-14_M2_g0_t0.imec.ap_CAR.bin,LS,1072.4946515046847,104,3,18114,False,False,False,,,,,,,False
482,0,Cori_2016-12-14_M2_g0_t0.imec.ap_CAR.bin,LS,426.24242026211425,41,3,16986,False,False,False,,,,,,,False
483,0,Cori_2016-12-14_M2_g0_t0.imec.ap_CAR.bin,LS,642.9981211302098,63,3,18226,False,False,False,,,,,,,False
484,0,Cori_2016-12-14_M2_g0_t0.imec.ap_CAR.bin,LS,33.454166921312215,1,3,13902,False,False,False,,,,,,,False
485,0,Cori_2016-12-14_M2_g0_t0.imec.ap_CAR.bin,MOs,3061.8992704823663,298,3,18550,False,False,False,,,,,,,False
486,0,Cori_2016-12-14_M2_g0_t0.imec.ap_CAR.bin,MOs,2922.2170807074253,287,3,18531,False,False,False,,,,,,,False
487,0,Cori_2016-12-14_M2_g0_t0.imec.ap_CAR.bin,ACA,2169.2597545820204,210,3,19271,False,False,False,,,,,,,False
488,0,Cori_2016-12-14_M2_g0_t0.imec.ap_CAR.bin,ACA,1964.6647325711715,191,3,17953,False,False,False,,,,,,,False
489,0,Cori_2016-12-14_M2_g0_t0.imec.ap_CAR.bin,MOs,2742.3438672620396,266,3,15442,False,False,False,,,,,,,False
490,0,Cori_2016-12-14_M2_g0_t0.imec.ap_CAR.bin,LS,278.88359975542954,26,3,13567,False,False,False,,,,,,,False
491,0,Cori_2016-12-14_M2_g0_t0.imec.ap_CAR.bin,MOs,3348.2502073984274,325,3,16177,False,False,False,,,,,,,False
492,0,Cori_2016-12-14_M2_g0_t0.imec.ap_CAR.bin,LS,836.6186253515824,82,3,13135,False,False,False,,,,,,,False
493,0,Cori_2016-12-14_M2_g0_t0.imec.ap_CAR.bin,ACA,2254.595317865357,218,3,15548,False,False,False,,,,,,,False
494,0,Cori_2016-12-14_M2_g0_t0.imec.ap_CAR.bin,LS,535.0297945588436,50,3,12466,False,False,False,,,,,,,False
495,0,Cori_2016-12-14_M2_g0_t0.imec.ap_CAR.bin,LS,450.17735185184785,42,3,21515,False,False,False,,,,,,,False
496,0,Cori_2016-12-14_M2_g0_t0.imec.ap_CAR.bin,MOs,3148.819234300044,306,3,15268,False,False,False,,,,,,,False
497,0,Cori_2016-12-14_M2_g0_t0.imec.ap_CAR.bin,LS,930.4813980988866,91,3,21039,False,False,False,,,,,,,False
498,0,Cori_2016-12-14_M2_g0_t0.imec.ap_CAR.bin,LS,372.0887184072557,35,3,17636,False,False,False,,,,,,,False
499,0,Cori_2016-12-14_M2_g0_t0.imec.ap_CAR.bin,LS,444.1288122034935,43,3,11087,False,False,False,,,,,,,False
500,0,Cori_2016-12-14_M2_g0_t0.imec.ap_CAR.bin,LS,765.9259771576357,74,3,14042,False,False,False,,,,,,,False
501,0,Cori_2016-12-14_M2_g0_t0.imec.ap_CAR.bin,LS,694.7534632245495,68,3,11353,False,False,False,,,,,,,False
502,0,Cori_2016-12-14_M2_g0_t0.imec.ap_CAR.bin,LS,471.6456663815245,47,3,11753,False,False,False,,,,,,,False
503,0,Cori_2016-12-14_M2_g0_t0.imec.ap_CAR.bin,LS,1039.9894558532005,104,3,12465,False,False,False,,,,,,,False
504,0,Cori_2016-12-14_M2_g0_t0.imec.ap_CAR.bin,ACA,1810.5165881624134,175,3,12727,False,False,False,,,,,,,False
505,0,Cori_2016-12-14_M2_g0_t0.imec.ap_CAR.bin,LS,585.2449101370854,58,3,12005,False,False,False,,,,,,,False
506,0,Cori_2016-12-14_M2_g0_t0.imec.ap_CAR.bin,MOs,3113.685135269427,304,3,10577,False,False,False,,,,,,,False
507,0,Cori_2016-12-14_M2_g0_t0.imec.ap_CAR.bin,LS,931.0395796073674,89,3,8152,False,False,False,,,,,,,False
508,0,Cori_2016-12-14_M2_g0_t0.imec.ap_CAR.bin,LS,940.8130623546526,91,3,16462,False,False,False,,,,,,,False
509,0,Cori_2016-12-14_M2_g0_t0.imec.ap_CAR.bin,ACA,2345.6154177055073,228,3,9723,False,False,False,,,,,,,False
510,0,Cori_2016-12-14_M2_g0_t0.imec.ap_CAR.bin,ACA,2597.7317046908224,254,3,10339,False,False,False,,,,,,,False
511,0,Cori_2016-12-14_M2_g0_t0.imec.ap_CAR.bin,MOs,2684.487396521062,261,3,6290,False,False,False,,,,,,,False
512,0,Cori_2016-12-14_M2_g0_t0.imec.ap_CAR.bin,LS,739.7641216052514,70,3,10605,False,False,False,,,,,,,False
513,0,Cori_2016-12-14_M2_g0_t0.imec.ap_CAR.bin,LS,813.5814929562242,77,3,9540,False,False,False,,,,,,,False
514,0,Cori_2016-12-14_M2_g0_t0.imec.ap_CAR.bin,MOs,2886.5456460562746,283,3,9713,False,False,False,,,,,,,False
515,0,Cori_2016-12-14_M2_g0_t0.imec.ap_CAR.bin,LS,675.3478810229643,66,3,8149,False,False,False,,,,,,,False
516,0,Cori_2016-12-14_M2_g0_t0.imec.ap_CAR.bin,ACA,1934.6518971913672,189,3,14233,False,False,False,,,,,,,False
517,0,Cori_2016-12-14_M2_g0_t0.imec.ap_CAR.bin,LS,687.8247688367792,66,3,5307,False,False,False,,,,,,,False
518,0,Cori_2016-12-14_M2_g0_t0.imec.ap_CAR.bin,MOs,3163.934790272548,308,3,7555,False,False,False,,,,,,,False
519,0,Cori_2016-12-14_M2_g0_t0.imec.ap_CAR.bin,LS,655.0373898817442,65,3,4993,False,False,False,,,,,,,False
520,0,Cori_2016-12-14_M2_g0_t0.imec.ap_CAR.bin,LS,786.3147236218572,75,3,6327,False,False,False,,,,,,,False
521,0,Cori_2016-12-14_M2_g0_t0.imec.ap_CAR.bin,MOs,3150.611390684075,307,3,5913,False,False,False,,,,,,,False
522,0,Cori_2016-12-14_M2_g0_t0.imec.ap_CAR.bin,MOs,2895.2769893580394,283,3,7802,False,False,False,,,,,,,False
523,0,Cori_2016-12-14_M2_g0_t0.imec.ap_CAR.bin,MOs,3132.6211596617513,310,3,4173,False,False,False,,,,,,,False
524,0,Cori_2016-12-14_M2_g0_t0.imec.ap_CAR.bin,LS,906.1799039683257,87,3,7321,False,False,False,,,,,,,False
525,0,Cori_2016-12-14_M2_g0_t0.imec.ap_CAR.bin,LS,565.6608417924496,54,3,5128,False,False,False,,,,,,,False
526,0,Cori_2016-12-14_M2_g0_t0.imec.ap_CAR.bin,LS,706.0793402333211,71,3,5422,False,False,False,,,,,,,False
527,0,Cori_2016-12-14_M2_g0_t0.imec.ap_CAR.bin,ACA,2536.6588859985072,248,3,4097,False,False,False,,,,,,,False
528,0,Cori_2016-12-14_M2_g0_t0.imec.ap_CAR.bin,LS,776.6425836989808,76,3,3829,False,False,False,,,,,,,False
529,0,Cori_2016-12-14_M2_g0_t0.imec.ap_CAR.bin,MOs,2819.090548542021,274,3,8082,False,False,False,,,,,,,False
530,0,Cori_2016-12-14_M2_g0_t0.imec.ap_CAR.bin,LS,1103.314038612429,111,3,2659,False,False,False,,,,,,,False
531,0,Cori_2016-12-14_M2_g0_t0.imec.ap_CAR.bin,LS,978.2900898400347,96,3,3915,False,False,False,,,,,,,False
532,0,Cori_2016-12-14_M2_g0_t0.imec.ap_CAR.bin,ACA,1940.1602849797664,189,3,8975,False,False,False,,,,,,,False
533,0,Cori_2016-12-14_M2_g0_t0.imec.ap_CAR.bin,MOs,2763.549642467696,268,3,4834,False,False,False,,,,,,,False
534,0,Cori_2016-12-14_M2_g0_t0.imec.ap_CAR.bin,LS,507.8425325589814,48,3,2839,False,False,False,,,,,,,False
535,0,Cori_2016-12-14_M2_g0_t0.imec.ap_CAR.bin,LS,842.5400086683235,82,3,2671,False,False,False,,,,,,,False
536,0,Cori_2016-12-14_M2_g0_t0.imec.ap_CAR.bin,MOs,3154.7075260452534,307,3,3427,False,False,False,,,,,,,False
537,0,Cori_2016-12-14_M2_g0_t0.imec.ap_CAR.bin,MOs,2817.3385712197296,274,3,2092,False,False,False,,,,,,,False
538,0,Cori_2016-12-14_M2_g0_t0.imec.ap_CAR.bin,ACA,2311.6630175288196,223,3,2083,False,False,False,,,,,,,False
539,0,Cori_2016-12-14_M2_g0_t0.imec.ap_CAR.bin,LS,537.666103412837,53,3,1832,False,False,False,,,,,,,False
540,0,Cori_2016-12-14_M2_g0_t0.imec.ap_CAR.bin,ACA,2159.866421853095,210,3,1387,False,False,False,,,,,,,False
541,0,Cori_2016-12-14_M2_g0_t0.imec.ap_CAR.bin,MOs,2779.831529728953,268,3,1918,False,False,False,,,,,,,False
542,0,Cori_2016-12-14_M2_g0_t0.imec.ap_CAR.bin,MOs,2884.8839555430145,280,3,970,False,False,False,,,,,,,False
543,0,Cori_2016-12-14_M2_g0_t0.imec.ap_CAR.bin,ACA,2468.890163501221,239,3,1498,False,False,False,,,,,,,False
544,0,Cori_2016-12-14_M2_g0_t0.imec.ap_CAR.bin,LS,614.8225993709468,61,3,1260,False,False,False,,,,,,,False
545,0,Cori_2016-12-14_M2_g0_t0.imec.ap_CAR.bin,LS,940.7826833738999,92,3,1072,False,False,False,,,,,,,False
546,0,Cori_2016-12-14_M2_g0_t0.imec.ap_CAR.bin,MOs,3386.717606466859,328,3,956,False,False,False,,,,,,,False
547,0,Cori_2016-12-14_M2_g0_t0.imec.ap_CAR.bin,LS,370.64356360118785,37,3,750,False,False,False,,,,,,,False
548,0,Cori_2016-12-14_M2_g0_t0.imec.ap_CAR.bin,MOs,2809.0693694718702,275,3,819,False,False,False,,,,,,,False
549,0,Cori_2016-12-14_M2_g0_t0.imec.ap_CAR.bin,LS,75.2636027518203,7,3,2551,False,False,False,,,,,,,False
550,0,Cori_2016-12-14_M2_g0_t0.imec.ap_CAR.bin,LS,102.92310649673395,11,3,400,False,False,False,,,,,,,False
551,1,Cori_2016-12-14_V1_g0_t0.imec.ap_CAR.bin,VISp,3207.6670717580005,685,3,15895,True,False,False,,,,,,,False
552,1,Cori_2016-12-14_V1_g0_t0.imec.ap_CAR.bin,VISp,3534.035700530358,716,3,1043,True,False,False,,,,,,,False
553,1,Cori_2016-12-14_V1_g0_t0.imec.ap_CAR.bin,VISp,3104.4440835430687,672,3,1617,True,False,False,,,,,,,False
554,1,Cori_2016-12-14_V1_g0_t0.imec.ap_CAR.bin,CA3,244.6191313969308,398,3,5804,False,False,False,,,,,,,False
555,1,Cori_2016-12-14_V1_g0_t0.imec.ap_CAR.bin,CA3,49.52768124862622,377,3,3459,False,False,False,,,,,,,False
556,1,Cori_2016-12-14_V1_g0_t0.imec.ap_CAR.bin,CA3,311.2564333201901,403,1,9667,False,True,False,,,,,,,False
557,1,Cori_2016-12-14_V1_g0_t0.imec.ap_CAR.bin,VISp,3308.490518931329,695,3,1867,True,False,False,,,,,,,False
558,1,Cori_2016-12-14_V1_g0_t0.imec.ap_CAR.bin,VISp,3100.0,676,3,37089,True,False,False,,,,,,,False
559,1,Cori_2016-12-14_V1_g0_t0.imec.ap_CAR.bin,SUB,2133.9762708102385,583,3,19119,False,False,False,,,,,,,False
560,1,Cori_2016-12-14_V1_g0_t0.imec.ap_CAR.bin,VISp,3471.063371988295,710,3,9978,True,False,False,,,,,,,False
561,1,Cori_2016-12-14_V1_g0_t0.imec.ap_CAR.bin,SUB,2220.2388968384143,588,3,6695,False,False,False,,,,,,,False
562,1,Cori_2016-12-14_V1_g0_t0.imec.ap_CAR.bin,DG,485.29228684146216,420,3,94768,False,False,False,,,,,,,False
563,1,Cori_2016-12-14_V1_g0_t0.imec.ap_CAR.bin,root,1506.6959917646523,522,1,3000,False,True,False,,,,,,,False
564,1,Cori_2016-12-14_V1_g0_t0.imec.ap_CAR.bin,VISp,3062.6964918120684,672,3,14967,True,False,False,,,,,,,False
565,1,Cori_2016-12-14_V1_g0_t0.imec.ap_CAR.bin,VISp,3242.519254434705,689,3,2186,True,False,False,,,,,,,False
566,1,Cori_2016-12-14_V1_g0_t0.imec.ap_CAR.bin,VISp,3000.000768402553,669,3,5602,True,False,False,,,,,,,False
567,1,Cori_2016-12-14_V1_g0_t0.imec.ap_CAR.bin,VISp,3145.7638655716173,678,1,1529,True,True,True,0.4563492063492064,0.17857142857142858,1.957750465520543,0.051925779974301686,0.43749931093858524,False,False
568,1,Cori_2016-12-14_V1_g0_t0.imec.ap_CAR.bin,SUB,2049.3158254271707,571,1,803,False,True,False,,,,,,,False
569,1,Cori_2016-12-14_V1_g0_t0.imec.ap_CAR.bin,VISp,3076.1046361256026,672,3,831,True,False,False,,,,,,,False
570,1,Cori_2016-12-14_V1_g0_t0.imec.ap_CAR.bin,SUB,2185.024587502823,589,3,38987,False,False,False,,,,,,,False
571,1,Cori_2016-12-14_V1_g0_t0.imec.ap_CAR.bin,VISp,3244.907742597221,689,3,18883,True,False,False,,,,,,,False
572,1,Cori_2016-12-14_V1_g0_t0.imec.ap_CAR.bin,CA3,203.65644027540102,393,3,3644,False,False,False,,,,,,,False
573,1,Cori_2016-12-14_V1_g0_t0.imec.ap_CAR.bin,CA3,207.95251703029982,394,3,2903,False,False,False,,,,,,,False
574,1,Cori_2016-12-14_V1_g0_t0.imec.ap_CAR.bin,VISp,3385.7699852653964,703,3,1861,True,False,False,,,,,,,False
575,1,Cori_2016-12-14_V1_g0_t0.imec.ap_CAR.bin,VISp,3477.0941980154307,711,3,10801,True,False,False,,,,,,,False
576,1,Cori_2016-12-14_V1_g0_t0.imec.ap_CAR.bin,CA3,223.5011386562584,395,3,438,False,False,False,,,,,,,False
577,1,Cori_2016-12-14_V1_g0_t0.imec.ap_CAR.bin,VISp,3558.8736344484773,720,3,426,True,False,False,,,,,,,False
578,1,Cori_2016-12-14_V1_g0_t0.imec.ap_CAR.bin,VISp,2720.043250004986,641,3,8157,True,False,False,,,,,,,False
579,1,Cori_2016-12-14_V1_g0_t0.imec.ap_CAR.bin,DG,1087.037414114901,480,3,3069,False,False,False,,,,,,,False
580,1,Cori_2016-12-14_V1_g0_t0.imec.ap_CAR.bin,SUB,2142.921647631969,584,3,21299,False,False,False,,,,,,,False
581,1,Cori_2016-12-14_V1_g0_t0.imec.ap_CAR.bin,SUB,2234.944380623891,592,1,3009,False,True,False,,,,,,,False
582,1,Cori_2016-12-14_V1_g0_t0.imec.ap_CAR.bin,VISp,3056.450489147958,670,1,7821,True,True,True,3.511904761904762,1.26984126984127,5.414284532082698,2.1114853268075967e-07,0.4688795699936501,True,True
583,1,Cori_2016-12-14_V1_g0_t0.imec.ap_CAR.bin,SUB,2224.1375731089825,592,1,2880,False,True,False,,,,,,,False
584,1,Cori_2016-12-14_V1_g0_t0.imec.ap_CAR.bin,VISp,2789.1117616450456,644,3,433,True,False,False,,,,,,,False
585,1,Cori_2016-12-14_V1_g0_t0.imec.ap_CAR.bin,SUB,2066.158753232571,574,3,12153,False,False,False,,,,,,,False
586,1,Cori_2016-12-14_V1_g0_t0.imec.ap_CAR.bin,VISp,3487.9913229905023,715,3,7019,True,False,False,,,,,,,False
587,1,Cori_2016-12-14_V1_g0_t0.imec.ap_CAR.bin,VISp,2720.360390529374,639,3,2164,True,False,False,,,,,,,False
588,1,Cori_2016-12-14_V1_g0_t0.imec.ap_CAR.bin,VISp,3325.797379989421,698,3,11177,True,False,False,,,,,,,False
589,1,Cori_2016-12-14_V1_g0_t0.imec.ap_CAR.bin,CA3,249.96340489564957,399,3,1315,False,False,False,,,,,,,False
590,1,Cori_2016-12-14_V1_g0_t0.imec.ap_CAR.bin,CA3,232.49847223289683,397,3,2553,False,False,False,,,,,,,False
591,1,Cori_2016-12-14_V1_g0_t0.imec.ap_CAR.bin,VISp,2720.3610069533593,638,3,3835,True,False,False,,,,,,,False
592,1,Cori_2016-12-14_V1_g0_t0.imec.ap_CAR.bin,DG,615.1917433214713,432,1,1079,False,True,False,,,,,,,False
593,1,Cori_2016-12-14_V1_g0_t0.imec.ap_CAR.bin,VISp,2954.264896563092,661,1,46031,True,True,True,28.25396825396825,14.226190476190476,9.653611490807553,8.475202211474815e-18,0.3302195158136087,True,True
594,1,Cori_2016-12-14_V1_g0_t0.imec.ap_CAR.bin,VISp,2786.3145500879023,646,3,5803,True,False,False,,,,,,,False
595,1,Cori_2016-12-14_V1_g0_t0.imec.ap_CAR.bin,CA3,174.66120703602732,389,3,1930,False,False,False,,,,,,,False
596,1,Cori_2016-12-14_V1_g0_t0.imec.ap_CAR.bin,VISp,2958.793445986639,662,1,16206,True,True,True,7.7976190476190474,3.948412698412698,5.779641882906685,3.5855622008157495e-08,0.32770267480369125,True,True
597,1,Cori_2016-12-14_V1_g0_t0.imec.ap_CAR.bin,VISp,3149.6020557911797,681,3,11720,True,False,False,,,,,,,False
598,1,Cori_2016-12-14_V1_g0_t0.imec.ap_CAR.bin,VISp,2840.0,650,3,1473,True,False,False,,,,,,,False
599,1,Cori_2016-12-14_V1_g0_t0.imec.ap_CAR.bin,VISp,3313.3683629617753,696,1,29596,True,True,True,12.876984126984128,7.48015873015873,6.268502025768105,2.998267698033319e-09,0.2651071994528238,True,True
600,1,Cori_2016-12-14_V1_g0_t0.imec.ap_CAR.bin,VISp,3091.57080305355,674,3,8722,True,False,False,,,,,,,False
601,1,Cori_2016-12-14_V1_g0_t0.imec.ap_CAR.bin,VISp,3568.2962816840595,720,3,4932,True,False,False,,,,,,,False
602,1,Cori_2016-12-14_V1_g0_t0.imec.ap_CAR.bin,VISp,2799.8306688952907,646,3,1990,True,False,False,,,,,,,False
603,1,Cori_2016-12-14_V1_g0_t0.imec.ap_CAR.bin,SUB,2260.0,595,3,14711,False,False,False,,,,,,,False
604,1,Cori_2016-12-14_V1_g0_t0.imec.ap_CAR.bin,SUB,2212.8762490242843,588,1,827,False,True,False,,,,,,,False
605,1,Cori_2016-12-14_V1_g0_t0.imec.ap_CAR.bin,CA3,118.07903825030857,384,3,2948,False,False,False,,,,,,,False
606,1,Cori_2016-12-14_V1_g0_t0.imec.ap_CAR.bin,VISp,3113.050207593715,677,3,13657,True,False,False,,,,,,,False
607,1,Cori_2016-12-14_V1_g0_t0.imec.ap_CAR.bin,VISp,3591.6719207643664,724,1,3336,True,True,True,2.5595238095238098,1.2301587301587302,4.440741987429744,1.6250307245232933e-05,0.35078524775090847,True,True
608,1,Cori_2016-12-14_V1_g0_t0.imec.ap_CAR.bin,VISp,3395.495997293773,705,1,6993,True,True,True,2.3412698412698414,1.3888888888888888,2.3979905504520627,0.017588094875156418,0.2553190804889274,True,True
609,1,Cori_2016-12-14_V1_g0_t0.imec.ap_CAR.bin,SUB,2081.3727967465106,577,1,19765,False,True,False,,,,,,,False
610,1,Cori_2016-12-14_V1_g0_t0.imec.ap_CAR.bin,VISp,2982.533015474251,663,3,6856,True,False,False,,,,,,,False
611,1,Cori_2016-12-14_V1_g0_t0.imec.ap_CAR.bin,SUB,2061.7067288087433,567,3,1773,False,False,False,,,,,,,False
612,1,Cori_2016-12-14_V1_g0_t0.imec.ap_CAR.bin,DG,907.8591222208553,470,1,2832,False,True,False,,,,,,,False
613,1,Cori_2016-12-14_V1_g0_t0.imec.ap_CAR.bin,VISp,3346.897616761053,701,3,1291,True,False,False,,,,,,,False
614,1,Cori_2016-12-14_V1_g0_t0.imec.ap_CAR.bin,SUB,2024.2110107080614,570,3,21348,False,False,False,,,,,,,False
615,1,Cori_2016-12-14_V1_g0_t0.imec.ap_CAR.bin,CA3,72.61283435909056,381,1,19092,False,True,False,,,,,,,False
616,1,Cori_2016-12-14_V1_g0_t0.imec.ap_CAR.bin,SUB,2137.228107196318,583,1,181,False,True,False,,,,,,,False
617,1,Cori_2016-12-14_V1_g0_t0.imec.ap_CAR.bin,VISp,3236.0153261457813,690,3,13277,True,False,False,,,,,,,False
618,1,Cori_2016-12-14_V1_g0_t0.imec.ap_CAR.bin,root,1344.4470435537592,512,1,2314,False,True,False,,,,,,,False
619,1,Cori_2016-12-14_V1_g0_t0.imec.ap_CAR.bin,CA3,180.2547554214985,392,1,124,False,True,False,,,,,,,False
620,1,Cori_2016-12-14_V1_g0_t0.imec.ap_CAR.bin,CA3,236.26799599493916,397,1,172,False,True,False,,,,,,,False
621,1,Cori_2016-12-14_V1_g0_t0.imec.ap_CAR.bin,VISp,2892.384915792756,657,1,12142,True,True,True,5.912698412698412,1.8055555555555558,7.618013876496668,1.824696599945187e-12,0.5321336071477278,True,True
622,1,Cori_2016-12-14_V1_g0_t0.imec.ap_CAR.bin,VISp,3371.1361261026527,701,3,4188,True,False,False,,,,,,,False
623,1,Cori_2016-12-14_V1_g0_t0.imec.ap_CAR.bin,VISp,3256.5556759282167,680,1,547,True,True,True,0.21825396825396828,0.05952380952380952,2.0182097838696844,0.04516990414172028,0.5714265142931202,False,False
624,1,Cori_2016-12-14_V1_g0_t0.imec.ap_CAR.bin,CA3,207.23840857744102,393,1,2115,False,True,False,,,,,,,False
625,1,Cori_2016-12-14_V1_g0_t0.imec.ap_CAR.bin,VISp,2840.0,650,1,290,True,True,True,0.03968253968253969,0.03968253968253969,0.0,1.0,0.0,False,False
626,1,Cori_2016-12-14_V1_g0_t0.imec.ap_CAR.bin,VISp,2993.121357433975,666,3,23279,True,False,False,,,,,,,False
627,1,Cori_2016-12-14_V1_g0_t0.imec.ap_CAR.bin,CA3,111.02526635442534,384,3,1670,False,False,False,,,,,,,False
628,1,Cori_2016-12-14_V1_g0_t0.imec.ap_CAR.bin,VISp,3300.0,696,3,12319,True,False,False,,,,,,,False
629,1,Cori_2016-12-14_V1_g0_t0.imec.ap_CAR.bin,root,1900.2816197151508,559,3,10834,False,False,False,,,,,,,False
630,1,Cori_2016-12-14_V1_g0_t0.imec.ap_CAR.bin,VISp,3098.5053084942515,672,3,972,True,False,False,,,,,,,False
631,1,Cori_2016-12-14_V1_g0_t0.imec.ap_CAR.bin,DG,666.9526172667831,439,1,23399,False,True,False,,,,,,,False
632,1,Cori_2016-12-14_V1_g0_t0.imec.ap_CAR.bin,VISp,3193.7186340666285,685,3,14690,True,False,False,,,,,,,False
633,1,Cori_2016-12-14_V1_g0_t0.imec.ap_CAR.bin,root,1557.1418373910192,526,1,7471,False,True,False,,,,,,,False
634,1,Cori_2016-12-14_V1_g0_t0.imec.ap_CAR.bin,VISp,3592.5998362297473,723,1,1242,True,True,True,0.2976190476190476,0.09920634920634921,2.1550055552759724,0.03259385038595148,0.4999987400031752,True,True
635,1,Cori_2016-12-14_V1_g0_t0.imec.ap_CAR.bin,VISp,2789.3484937803814,644,3,15460,True,False,False,,,,,,,False
636,1,Cori_2016-12-14_V1_g0_t0.imec.ap_CAR.bin,DG,765.5482608703403,438,1,416,False,True,False,,,,,,,False
637,1,Cori_2016-12-14_V1_g0_t0.imec.ap_CAR.bin,VISp,3020.0,668,3,22792,True,False,False,,,,,,,False
638,1,Cori_2016-12-14_V1_g0_t0.imec.ap_CAR.bin,CA3,1203.5235040957793,389,3,1446,False,False,False,,,,,,,False
639,1,Cori_2016-12-14_V1_g0_t0.imec.ap_CAR.bin,VISp,2742.051909742436,640,3,50685,True,False,False,,,,,,,False
640,1,Cori_2016-12-14_V1_g0_t0.imec.ap_CAR.bin,VISp,3539.3954320743487,721,3,270,True,False,False,,,,,,,False
641,1,Cori_2016-12-14_V1_g0_t0.imec.ap_CAR.bin,SUB,2063.1471498353917,574,3,9851,False,False,False,,,,,,,False
642,1,Cori_2016-12-14_V1_g0_t0.imec.ap_CAR.bin,VISp,2787.1138484596468,642,3,1747,True,False,False,,,,,,,False
643,1,Cori_2016-12-14_V1_g0_t0.imec.ap_CAR.bin,VISp,2794.272646519443,646,3,364,True,False,False,,,,,,,False
644,1,Cori_2016-12-14_V1_g0_t0.imec.ap_CAR.bin,DG,499.88525829396394,423,3,1341,False,False,False,,,,,,,False
645,1,Cori_2016-12-14_V1_g0_t0.imec.ap_CAR.bin,CA3,271.780276608946,401,1,5352,False,True,False,,,,,,,False
646,1,Cori_2016-12-14_V1_g0_t0.imec.ap_CAR.bin,VISp,3314.273657585049,696,3,2340,True,False,False,,,,,,,False
647,1,Cori_2016-12-14_V1_g0_t0.imec.ap_CAR.bin,VISp,2780.0,645,3,5509,True,False,False,,,,,,,False
648,1,Cori_2016-12-14_V1_g0_t0.imec.ap_CAR.bin,SUB,2083.0510827803905,578,1,5237,False,True,False,,,,,,,False
649,1,Cori_2016-12-14_V1_g0_t0.imec.ap_CAR.bin,CA3,251.22107916999047,397,1,395,False,True,False,,,,,,,False
650,1,Cori_2016-12-14_V1_g0_t0.imec.ap_CAR.bin,SUB,2088.1158165727325,578,1,14098,False,True,False,,,,,,,False
651,1,Cori_2016-12-14_V1_g0_t0.imec.ap_CAR.bin,CA3,117.0975554157158,388,1,2032,False,True,False,,,,,,,False
652,1,Cori_2016-12-14_V1_g0_t0.imec.ap_CAR.bin,DG,654.6058046538465,438,1,7432,False,True,False,,,,,,,False
653,1,Cori_2016-12-14_V1_g0_t0.imec.ap_CAR.bin,root,1979.984942235036,559,3,1736,False,False,False,,,,,,,False
654,1,Cori_2016-12-14_V1_g0_t0.imec.ap_CAR.bin,root,1471.1477070158362,518,1,5126,False,True,False,,,,,,,False
655,1,Cori_2016-12-14_V1_g0_t0.imec.ap_CAR.bin,VISp,2938.9833063622905,659,3,4754,True,False,False,,,,,,,False
656,1,Cori_2016-12-14_V1_g0_t0.imec.ap_CAR.bin,VISp,2761.179584984709,642,3,27260,True,False,False,,,,,,,False
657,1,Cori_2016-12-14_V1_g0_t0.imec.ap_CAR.bin,CA3,43.67189922086712,380,3,957,False,False,False,,,,,,,False
658,1,Cori_2016-12-14_V1_g0_t0.imec.ap_CAR.bin,VISp,2880.4392880897767,654,3,14934,True,False,False,,,,,,,False
659,1,Cori_2016-12-14_V1_g0_t0.imec.ap_CAR.bin,root,1500.1092895779907,522,3,187,False,False,False,,,,,,,False
660,1,Cori_2016-12-14_V1_g0_t0.imec.ap_CAR.bin,SUB,2295.0457195207323,596,1,39861,False,True,False,,,,,,,False
661,1,Cori_2016-12-14_V1_g0_t0.imec.ap_CAR.bin,CA3,124.18220763428255,388,3,510,False,False,False,,,,,,,False
662,1,Cori_2016-12-14_V1_g0_t0.imec.ap_CAR.bin,VISp,3010.3287976735273,660,3,34452,True,False,False,,,,,,,False
663,1,Cori_2016-12-14_V1_g0_t0.imec.ap_CAR.bin,VISp,2952.548561691435,661,1,53764,True,True,True,32.95634920634921,16.74603174603175,9.353642131658058,5.498483376993013e-17,0.3261476980288047,True,True
664,1,Cori_2016-12-14_V1_g0_t0.imec.ap_CAR.bin,VISp,3129.8825508971436,677,1,21944,True,True,True,7.916666666666667,5.515873015873015,4.36500338787954,2.2217543400526183e-05,0.17872967650225166,True,True
665,1,Cori_2016-12-14_V1_g0_t0.imec.ap_CAR.bin,VISp,3130.6960405786103,677,3,1636,True,False,False,,,,,,,False
666,1,Cori_2016-12-14_V1_g0_t0.imec.ap_CAR.bin,root,1496.8956894977912,522,3,3208,False,False,False,,,,,,,False
667,1,Cori_2016-12-14_V1_g0_t0.imec.ap_CAR.bin,SUB,2260.0,594,3,6957,False,False,False,,,,,,,False
668,1,Cori_2016-12-14_V1_g0_t0.imec.ap_CAR.bin,SUB,2046.0236607563734,570,3,32679,False,False,False,,,,,,,False
669,1,Cori_2016-12-14_V1_g0_t0.imec.ap_CAR.bin,DG,351.1819846399282,409,3,7154,False,False,False,,,,,,,False
670,1,Cori_2016-12-14_V1_g0_t0.imec.ap_CAR.bin,VISp,3243.317575459639,692,3,6720,True,False,False,,,,,,,False
671,1,Cori_2016-12-14_V1_g0_t0.imec.ap_CAR.bin,VISp,3559.1456186516716,720,1,8495,True,True,True,1.2896825396825398,0.9325396825396827,1.0840372805605143,0.2799108216355154,0.16071421339288966,False,False
672,1,Cori_2016-12-14_V1_g0_t0.imec.ap_CAR.bin,VISp,3024.2547174674432,668,3,3756,True,False,False,,,,,,,False
673,1,Cori_2016-12-14_V1_g0_t0.imec.ap_CAR.bin,VISp,2713.864088526861,638,3,5561,True,False,False,,,,,,,False
674,1,Cori_2016-12-14_V1_g0_t0.imec.ap_CAR.bin,VISp,3366.749127529349,704,1,1808,True,True,True,0.6746031746031746,0.3174603174603175,2.5361860455479124,0.01212397034205992,0.35999963712036576,True,True
675,1,Cori_2016-12-14_V1_g0_t0.imec.ap_CAR.bin,CA3,312.53465072659617,404,1,13920,False,True,False,,,,,,,False
676,1,Cori_2016-12-14_V1_g0_t0.imec.ap_CAR.bin,SUB,2043.9257050548692,573,3,11164,False,False,False,,,,,,,False
677,1,Cori_2016-12-14_V1_g0_t0.imec.ap_CAR.bin,VISp,3450.6919723001433,711,3,926,True,False,False,,,,,,,False
678,1,Cori_2016-12-14_V1_g0_t0.imec.ap_CAR.bin,SUB,2334.91651284433,603,3,26086,False,False,False,,,,,,,False
679,1,Cori_2016-12-14_V1_g0_t0.imec.ap_CAR.bin,VISp,3000.217198807936,666,3,3149,True,False,False,,,,,,,False
680,1,Cori_2016-12-14_V1_g0_t0.imec.ap_CAR.bin,VISp,2760.8264925162184,643,1,10629,True,True,True,7.420634920634921,2.7976190476190474,8.831880200240152,1.3622883986889919e-15,0.4524271401896547,True,True
681,1,Cori_2016-12-14_V1_g0_t0.imec.ap_CAR.bin,VISp,3330.850802522039,698,3,6407,True,False,False,,,,,,,False
682,1,Cori_2016-12-14_V1_g0_t0.imec.ap_CAR.bin,CA3,153.34391570250543,388,3,11903,False,False,False,,,,,,,False
683,1,Cori_2016-12-14_V1_g0_t0.imec.ap_CAR.bin,CA3,221.58286103244885,395,3,2233,False,False,False,,,,,,,False
684,1,Cori_2016-12-14_V1_g0_t0.imec.ap_CAR.bin,VISp,2752.408509672706,642,3,13333,True,False,False,,,,,,,False
685,1,Cori_2016-12-14_V1_g0_t0.imec.ap_CAR.bin,DG,975.6934684466894,468,3,329,False,False,False,,,,,,,False
686,1,Cori_2016-12-14_V1_g0_t0.imec.ap_CAR.bin,root,1495.1893287366174,522,3,3294,False,False,False,,,,,,,False
687,1,Cori_2016-12-14_V1_g0_t0.imec.ap_CAR.bin,VISp,3337.282089147703,697,1,4211,True,True,True,1.2896825396825398,0.8531746031746033,1.6121324576762444,0.1088213639035984,0.2037036086420196,False,False
688,1,Cori_2016-12-14_V1_g0_t0.imec.ap_CAR.bin,VISp,3195.9430431920923,685,3,24183,True,False,False,,,,,,,False
689,1,Cori_2016-12-14_V1_g0_t0.imec.ap_CAR.bin,SUB,2263.8577021495926,596,1,1332,False,True,False,,,,,,,False
690,1,Cori_2016-12-14_V1_g0_t0.imec.ap_CAR.bin,root,2638.056814190864,628,3,6265,False,False,False,,,,,,,False
691,1,Cori_2016-12-14_V1_g0_t0.imec.ap_CAR.bin,SUB,2178.2064242253077,586,3,7634,False,False,False,,,,,,,False
692,1,Cori_2016-12-14_V1_g0_t0.imec.ap_CAR.bin,CA3,225.12620852392826,395,1,5445,False,True,False,,,,,,,False
693,1,Cori_2016-12-14_V1_g0_t0.imec.ap_CAR.bin,SUB,2224.051262816017,592,3,9948,False,False,False,,,,,,,False
694,1,Cori_2016-12-14_V1_g0_t0.imec.ap_CAR.bin,CA3,126.71786921178159,388,3,1481,False,False,False,,,,,,,False
695,1,Cori_2016-12-14_V1_g0_t0.imec.ap_CAR.bin,VISp,3384.9845631341814,703,3,5185,True,False,False,,,,,,,False
696,1,Cori_2016-12-14_V1_g0_t0.imec.ap_CAR.bin,CA3,134.34238031025365,388,3,6408,False,False,False,,,,,,,False
697,1,Cori_2016-12-14_V1_g0_t0.imec.ap_CAR.bin,VISp,2807.5748520760258,649,3,3414,True,False,False,,,,,,,False
698,1,Cori_2016-12-14_V1_g0_t0.imec.ap_CAR.bin,root,1921.2312933739095,563,3,14324,False,False,False,,,,,,,False
699,1,Cori_2016-12-14_V1_g0_t0.imec.ap_CAR.bin,VISp,3317.5429556000036,693,3,5133,True,False,False,,,,,,,False
700,1,Cori_2016-12-14_V1_g0_t0.imec.ap_CAR.bin,SUB,2277.0359279665363,597,3,26822,False,False,False,,,,,,,False
701,1,Cori_2016-12-14_V1_g0_t0.imec.ap_CAR.bin,SUB,2072.6264797730487,574,1,16177,False,True,False,,,,,,,False
702,1,Cori_2016-12-14_V1_g0_t0.imec.ap_CAR.bin,SUB,2263.068429838594,595,1,20876,False,True,False,,,,,,,False
703,1,Cori_2016-12-14_V1_g0_t0.imec.ap_CAR.bin,VISp,3081.3628342806574,671,1,25256,True,True,True,11.170634920634921,9.603174603174605,3.881150852032743,0.00014942436003551241,0.0754536735407209,True,True
704,1,Cori_2016-12-14_V1_g0_t0.imec.ap_CAR.bin,SUB,1964.1195594375888,565,3,15138,False,False,False,,,,,,,False
705,1,Cori_2016-12-14_V1_g0_t0.imec.ap_CAR.bin,VISp,2997.847575337195,665,3,13756,True,False,False,,,,,,,False
706,1,Cori_2016-12-14_V1_g0_t0.imec.ap_CAR.bin,root,1946.0590839879544,563,3,19317,False,False,False,,,,,,,False
707,1,Cori_2016-12-14_V1_g0_t0.imec.ap_CAR.bin,VISp,3456.7532441495223,709,3,2636,True,False,False,,,,,,,False
708,1,Cori_2016-12-14_V1_g0_t0.imec.ap_CAR.bin,SUB,2053.7643542499145,575,3,44526,False,False,False,,,,,,,False
709,1,Cori_2016-12-14_V1_g0_t0.imec.ap_CAR.bin,DG,975.6934706884571,468,3,235,False,False,False,,,,,,,False
710,1,Cori_2016-12-14_V1_g0_t0.imec.ap_CAR.bin,VISp,3595.42016481655,722,3,1459,True,False,False,,,,,,,False
711,1,Cori_2016-12-14_V1_g0_t0.imec.ap_CAR.bin,VISp,2856.929063611225,655,1,7137,True,True,True,6.587301587301588,1.8452380952380953,9.171735549341978,1.694690924140794e-16,0.5623528744880356,True,True
712,1,Cori_2016-12-14_V1_g0_t0.imec.ap_CAR.bin,VISp,3130.991547594534,676,3,29527,True,False,False,,,,,,,False
713,1,Cori_2016-12-14_V1_g0_t0.imec.ap_CAR.bin,CA3,276.32699158874374,401,3,10558,False,False,False,,,,,,,False
714,1,Cori_2016-12-14_V1_g0_t0.imec.ap_CAR.bin,VISp,3541.4876686124203,717,1,8820,True,True,True,5.714285714285714,4.027777777777779,3.860127795915923,0.00016172441860706375,0.17311607184307523,True,True
715,1,Cori_2016-12-14_V1_g0_t0.imec.ap_CAR.bin,SUB,2221.3636289093856,592,1,20965,False,True,False,,,,,,,False
716,1,Cori_2016-12-14_V1_g0_t0.imec.ap_CAR.bin,SUB,2023.835755797639,571,1,7963,False,True,False,,,,,,,False
717,1,Cori_2016-12-14_V1_g0_t0.imec.ap_CAR.bin,CA3,126.74768025841833,388,3,676,False,False,False,,,,,,,False
718,1,Cori_2016-12-14_V1_g0_t0.imec.ap_CAR.bin,DG,600.07468205562,432,3,7328,False,False,False,,,,,,,False
719,1,Cori_2016-12-14_V1_g0_t0.imec.ap_CAR.bin,VISp,3592.5998405082,723,1,3759,True,True,True,0.9722222222222223,0.2976190476190476,3.371056460866518,0.0009303065633658777,0.5312495816409545,True,True
720,1,Cori_2016-12-14_V1_g0_t0.imec.ap_CAR.bin,VISp,3270.2027521632367,694,1,9633,True,True,True,2.8769841269841274,1.7261904761904763,2.4053407791092147,0.017250137803775958,0.24999994568966702,True,True
721,1,Cori_2016-12-14_V1_g0_t0.imec.ap_CAR.bin,SUB,2406.4187988769722,606,3,17956,False,False,False,,,,,,,False
722,1,Cori_2016-12-14_V1_g0_t0.imec.ap_CAR.bin,SUB,2131.687448682385,581,3,15757,False,False,False,,,,,,,False
723,1,Cori_2016-12-14_V1_g0_t0.imec.ap_CAR.bin,CA3,60.172038326670695,377,3,9358,False,False,False,,,,,,,False
724,1,Cori_2016-12-14_V1_g0_t0.imec.ap_CAR.bin,VISp,3305.582138893538,695,3,4266,True,False,False,,,,,,,False
725,1,Cori_2016-12-14_V1_g0_t0.imec.ap_CAR.bin,SUB,2156.042522482381,588,1,266,False,True,False,,,,,,,False
726,1,Cori_2016-12-14_V1_g0_t0.imec.ap_CAR.bin,VISp,2720.0,638,3,3597,True,False,False,,,,,,,False
727,1,Cori_2016-12-14_V1_g0_t0.imec.ap_CAR.bin,VISp,3397.3087543918273,706,1,6649,True,True,True,1.884920634920635,0.9523809523809523,3.219481977216832,0.0015432816101821965,0.3286712128319642,True,True
728,1,Cori_2016-12-14_V1_g0_t0.imec.ap_CAR.bin,VISp,3395.6175157721555,704,3,12862,True,False,False,,,,,,,False
729,1,Cori_2016-12-14_V1_g0_t0.imec.ap_CAR.bin,DG,734.4831788365535,452,1,8220,False,True,False,,,,,,,False
730,1,Cori_2016-12-14_V1_g0_t0.imec.ap_CAR.bin,SUB,2302.699704244104,597,2,40331,False,False,False,,,,,,,False
731,1,Cori_2016-12-14_V1_g0_t0.imec.ap_CAR.bin,VISp,3340.0,700,3,64193,True,False,False,,,,,,,False
732,1,Cori_2016-12-14_V1_g0_t0.imec.ap_CAR.bin,CA3,147.18638218467447,389,1,11963,False,True,False,,,,,,,False
733,1,Cori_2016-12-14_V1_g0_t0.imec.ap_CAR.bin,DG,707.4242673848742,444,1,6842,False,True,False,,,,,,,False
734,1,Cori_2016-12-14_V1_g0_t0.imec.ap_CAR.bin,VISp,3168.4281412305313,681,3,8704,True,False,False,,,,,,,False
735,1,Cori_2016-12-14_V1_g0_t0.imec.ap_CAR.bin,VISp,2937.779171222398,662,1,20886,True,True,True,5.436507936507937,2.797619047619048,5.497972876591606,1.4158441184615485e-07,0.32048188878966943,True,True
736,1,Cori_2016-12-14_V1_g0_t0.imec.ap_CAR.bin,SUB,2180.4165282282042,586,3,21384,False,False,False,,,,,,,False
737,1,Cori_2016-12-14_V1_g0_t0.imec.ap_CAR.bin,VISp,3220.5483095598856,688,3,3533,True,False,False,,,,,,,False
738,1,Cori_2016-12-14_V1_g0_t0.imec.ap_CAR.bin,VISp,3009.972686007771,668,3,5171,True,False,False,,,,,,,False
739,1,Cori_2016-12-14_V1_g0_t0.imec.ap_CAR.bin,SUB,2245.010394001256,592,1,38119,False,True,False,,,,,,,False
740,1,Cori_2016-12-14_V1_g0_t0.imec.ap_CAR.bin,root,1462.6688496865754,518,1,17479,False,True,False,,,,,,,False
741,1,Cori_2016-12-14_V1_g0_t0.imec.ap_CAR.bin,VISp,2890.2654237338415,657,3,51216,True,False,False,,,,,,,False
742,1,Cori_2016-12-14_V1_g0_t0.imec.ap_CAR.bin,VISp,3552.9649446625713,719,3,2838,True,False,False,,,,,,,False
743,1,Cori_2016-12-14_V1_g0_t0.imec.ap_CAR.bin,VISp,3367.826745331203,701,3,9661,True,False,False,,,,,,,False
744,1,Cori_2016-12-14_V1_g0_t0.imec.ap_CAR.bin,VISp,3436.358264823813,708,1,7984,True,True,True,2.738095238095238,1.4484126984126984,3.435442941359294,0.0007464039709968603,0.3080567984546794,True,True
745,1,Cori_2016-12-14_V1_g0_t0.imec.ap_CAR.bin,root,1508.3357065042073,522,1,10732,False,True,False,,,,,,,False
746,1,Cori_2016-12-14_V1_g0_t0.imec.ap_CAR.bin,SUB,2255.9157986051187,596,3,5120,False,False,False,,,,,,,False
747,1,Cori_2016-12-14_V1_g0_t0.imec.ap_CAR.bin,CA3,165.1903138150921,392,3,2979,False,False,False,,,,,,,False
748,1,Cori_2016-12-14_V1_g0_t0.imec.ap_CAR.bin,VISp,3539.3954283513535,721,3,1108,True,False,False,,,,,,,False
749,1,Cori_2016-12-14_V1_g0_t0.imec.ap_CAR.bin,SUB,2216.93462509466,588,3,6154,False,False,False,,,,,,,False
750,1,Cori_2016-12-14_V1_g0_t0.imec.ap_CAR.bin,VISp,3164.220234012985,684,3,16542,True,False,False,,,,,,,False
751,1,Cori_2016-12-14_V1_g0_t0.imec.ap_CAR.bin,CA3,236.26799827514455,397,1,199,False,True,False,,,,,,,False
752,1,Cori_2016-12-14_V1_g0_t0.imec.ap_CAR.bin,root,1427.784705435476,518,1,2037,False,True,False,,,,,,,False
753,1,Cori_2016-12-14_V1_g0_t0.imec.ap_CAR.bin,root,1474.236284571683,518,1,3635,False,True,False,,,,,,,False
754,1,Cori_2016-12-14_V1_g0_t0.imec.ap_CAR.bin,SUB,2158.464552218188,584,1,17053,False,True,False,,,,,,,False
755,1,Cori_2016-12-14_V1_g0_t0.imec.ap_CAR.bin,VISp,2732.4080778757575,641,3,3231,True,False,False,,,,,,,False
756,1,Cori_2016-12-14_V1_g0_t0.imec.ap_CAR.bin,SUB,1997.9603588998907,569,3,10547,False,False,False,,,,,,,False
757,1,Cori_2016-12-14_V1_g0_t0.imec.ap_CAR.bin,VISp,3217.6276375089374,685,3,1872,True,False,False,,,,,,,False
758,1,Cori_2016-12-14_V1_g0_t0.imec.ap_CAR.bin,VISp,2740.3593279507195,641,3,7595,True,False,False,,,,,,,False
759,1,Cori_2016-12-14_V1_g0_t0.imec.ap_CAR.bin,CA3,186.43560935749565,393,1,664,False,True,False,,,,,,,False
760,1,Cori_2016-12-14_V1_g0_t0.imec.ap_CAR.bin,CA3,213.17970608184504,393,3,1154,False,False,False,,,,,,,False
761,1,Cori_2016-12-14_V1_g0_t0.imec.ap_CAR.bin,DG,577.453368773442,431,3,4023,False,False,False,,,,,,,False
762,1,Cori_2016-12-14_V1_g0_t0.imec.ap_CAR.bin,VISp,3364.265242078995,700,3,5888,True,False,False,,,,,,,False
763,1,Cori_2016-12-14_V1_g0_t0.imec.ap_CAR.bin,SUB,2007.8640570522186,571,3,5293,False,False,False,,,,,,,False
764,1,Cori_2016-12-14_V1_g0_t0.imec.ap_CAR.bin,VISp,3125.040031743089,677,3,62250,True,False,False,,,,,,,False
765,1,Cori_2016-12-14_V1_g0_t0.imec.ap_CAR.bin,root,1371.3973736394048,510,1,6463,False,True,False,,,,,,,False
766,1,Cori_2016-12-14_V1_g0_t0.imec.ap_CAR.bin,VISp,3000.5451782625337,666,3,1872,True,False,False,,,,,,,False
767,1,Cori_2016-12-14_V1_g0_t0.imec.ap_CAR.bin,root,1429.3789944944972,518,3,175,False,False,False,,,,,,,False
768,1,Cori_2016-12-14_V1_g0_t0.imec.ap_CAR.bin,CA3,87.63950909339701,381,3,1151,False,False,False,,,,,,,False
769,1,Cori_2016-12-14_V1_g0_t0.imec.ap_CAR.bin,SUB,1980.1565575661746,566,3,30805,False,False,False,,,,,,,False
770,1,Cori_2016-12-14_V1_g0_t0.imec.ap_CAR.bin,VISp,2922.18072229313,658,3,2055,True,False,False,,,,,,,False
771,1,Cori_2016-12-14_V1_g0_t0.imec.ap_CAR.bin,SUB,2371.2082477728054,604,1,8285,False,True,False,,,,,,,False
772,1,Cori_2016-12-14_V1_g0_t0.imec.ap_CAR.bin,root,1464.8934517072046,518,1,7524,False,True,False,,,,,,,False
773,1,Cori_2016-12-14_V1_g0_t0.imec.ap_CAR.bin,VISp,2832.6228801995567,650,1,10448,True,True,True,1.3293650793650795,0.376984126984127,4.012030102350763,9.067529988735149e-05,0.5581392077881853,True,True
774,1,Cori_2016-12-14_V1_g0_t0.imec.ap_CAR.bin,CA3,194.3688599552818,393,3,4046,False,False,False,,,,,,,False
775,1,Cori_2016-12-14_V1_g0_t0.imec.ap_CAR.bin,VISp,2961.5875030026004,665,3,18454,True,False,False,,,,,,,False
776,1,Cori_2016-12-14_V1_g0_t0.imec.ap_CAR.bin,VISp,3177.7040783751927,683,3,2800,True,False,False,,,,,,,False
777,1,Cori_2016-12-14_V1_g0_t0.imec.ap_CAR.bin,SUB,2108.9207357680407,580,1,1104,False,True,False,,,,,,,False
778,1,Cori_2016-12-14_V1_g0_t0.imec.ap_CAR.bin,root,1504.3847616968405,522,3,2223,False,False,False,,,,,,,False
779,1,Cori_2016-12-14_V1_g0_t0.imec.ap_CAR.bin,root,1484.527813020467,518,1,3455,False,True,False,,,,,,,False
780,1,Cori_2016-12-14_V1_g0_t0.imec.ap_CAR.bin,VISp,3210.4272309011967,684,3,20434,True,False,False,,,,,,,False
781,1,Cori_2016-12-14_V1_g0_t0.imec.ap_CAR.bin,VISp,2928.027346570685,659,3,3410,True,False,False,,,,,,,False
782,1,Cori_2016-12-14_V1_g0_t0.imec.ap_CAR.bin,DG,538.9400513258677,426,3,620,False,False,False,,,,,,,False
783,1,Cori_2016-12-14_V1_g0_t0.imec.ap_CAR.bin,SUB,2235.0754784409714,592,3,18523,False,False,False,,,,,,,False
784,1,Cori_2016-12-14_V1_g0_t0.imec.ap_CAR.bin,DG,658.4057767249107,438,1,2181,False,True,False,,,,,,,False
785,1,Cori_2016-12-14_V1_g0_t0.imec.ap_CAR.bin,VISp,3491.036993541879,712,3,984,True,False,False,,,,,,,False
786,1,Cori_2016-12-14_V1_g0_t0.imec.ap_CAR.bin,SUB,2105.4796665552135,578,3,15846,False,False,False,,,,,,,False
787,1,Cori_2016-12-14_V1_g0_t0.imec.ap_CAR.bin,VISp,3501.6207248583555,715,3,2498,True,False,False,,,,,,,False
788,1,Cori_2016-12-14_V1_g0_t0.imec.ap_CAR.bin,VISp,3131.4936118661103,681,1,378,True,True,True,0.019841269841269844,0.0,1.0000000000000002,0.318757263143872,0.999949602540032,False,False
789,1,Cori_2016-12-14_V1_g0_t0.imec.ap_CAR.bin,DG,544.4695323041599,427,1,5026,False,True,False,,,,,,,False
790,1,Cori_2016-12-14_V1_g0_t0.imec.ap_CAR.bin,SUB,2012.1739687571794,571,3,1176,False,False,False,,,,,,,False
791,1,Cori_2016-12-14_V1_g0_t0.imec.ap_CAR.bin,VISp,3444.773396645371,708,3,1846,True,False,False,,,,,,,False
792,1,Cori_2016-12-14_V1_g0_t0.imec.ap_CAR.bin,root,1535.5754144556165,525,1,935,False,True,False,,,,,,,False
793,1,Cori_2016-12-14_V1_g0_t0.imec.ap_CAR.bin,CA3,187.2681077033118,393,1,3654,False,True,False,,,,,,,False
794,1,Cori_2016-12-14_V1_g0_t0.imec.ap_CAR.bin,root,1554.5647121244197,525,1,1004,False,True,False,,,,,,,False
795,1,Cori_2016-12-14_V1_g0_t0.imec.ap_CAR.bin,DG,973.3505774112595,468,1,5374,False,True,False,,,,,,,False
796,1,Cori_2016-12-14_V1_g0_t0.imec.ap_CAR.bin,DG,524.4869359377642,427,3,16154,False,False,False,,,,,,,False
797,1,Cori_2016-12-14_V1_g0_t0.imec.ap_CAR.bin,VISp,3386.5233021789927,703,3,4322,True,False,False,,,,,,,False
798,1,Cori_2016-12-14_V1_g0_t0.imec.ap_CAR.bin,CA3,52.133809507729616,380,1,15750,False,True,False,,,,,,,False
799,1,Cori_2016-12-14_V1_g0_t0.imec.ap_CAR.bin,DG,874.4383830822534,458,1,11721,False,True,False,,,,,,,False
800,1,Cori_2016-12-14_V1_g0_t0.imec.ap_CAR.bin,SUB,2015.397598197354,571,3,12621,False,False,False,,,,,,,False
801,1,Cori_2016-12-14_V1_g0_t0.imec.ap_CAR.bin,VISp,3389.8538071933563,706,3,2523,True,False,False,,,,,,,False
802,1,Cori_2016-12-14_V1_g0_t0.imec.ap_CAR.bin,VISp,2887.7880707517193,657,1,9575,True,True,True,1.369047619047619,0.6150793650793651,2.5814251763698244,0.010698223871574587,0.3799998084800965,True,True
803,1,Cori_2016-12-14_V1_g0_t0.imec.ap_CAR.bin,CA3,147.9958163977831,389,1,13220,False,True,False,,,,,,,False
804,1,Cori_2016-12-14_V1_g0_t0.imec.ap_CAR.bin,root,1490.0744332723968,522,1,586,False,True,False,,,,,,,False
805,1,Cori_2016-12-14_V1_g0_t0.imec.ap_CAR.bin,CA3,179.28409621069758,391,1,1755,False,True,False,,,,,,,False
806,1,Cori_2016-12-14_V1_g0_t0.imec.ap_CAR.bin,VISp,3171.4305046684653,684,3,8499,True,False,False,,,,,,,False
807,1,Cori_2016-12-14_V1_g0_t0.imec.ap_CAR.bin,VISp,3296.6222153758804,695,1,6608,True,True,True,2.2817460317460316,1.3888888888888888,2.9146809665527704,0.004049078591352814,0.24324317697591286,True,True
808,1,Cori_2016-12-14_V1_g0_t0.imec.ap_CAR.bin,DG,629.4600185456181,435,1,506,False,True,False,,,,,,,False
809,1,Cori_2016-12-14_V1_g0_t0.imec.ap_CAR.bin,DG,975.6934629541139,468,3,1327,False,False,False,,,,,,,False
810,1,Cori_2016-12-14_V1_g0_t0.imec.ap_CAR.bin,VISp,3160.9885989207946,684,3,58796,True,False,False,,,,,,,False
811,1,Cori_2016-12-14_V1_g0_t0.imec.ap_CAR.bin,VISp,3051.8836517982595,672,3,14993,True,False,False,,,,,,,False
812,1,Cori_2016-12-14_V1_g0_t0.imec.ap_CAR.bin,SUB,2257.0411670430535,594,3,20255,False,False,False,,,,,,,False
813,1,Cori_2016-12-14_V1_g0_t0.imec.ap_CAR.bin,SUB,2407.4522214496983,609,1,21219,False,True,False,,,,,,,False
814,1,Cori_2016-12-14_V1_g0_t0.imec.ap_CAR.bin,VISp,3150.12923084643,679,3,11596,True,False,False,,,,,,,False
815,1,Cori_2016-12-14_V1_g0_t0.imec.ap_CAR.bin,VISp,3532.8241302869046,716,3,453,True,False,False,,,,,,,False
816,1,Cori_2016-12-14_V1_g0_t0.imec.ap_CAR.bin,VISp,3488.6963790102914,714,3,5901,True,False,False,,,,,,,False
817,1,Cori_2016-12-14_V1_g0_t0.imec.ap_CAR.bin,DG,664.2646157938675,438,1,3961,False,True,False,,,,,,,False
818,1,Cori_2016-12-14_V1_g0_t0.imec.ap_CAR.bin,SUB,2363.6304721751635,603,3,7115,False,False,False,,,,,,,False
819,1,Cori_2016-12-14_V1_g0_t0.imec.ap_CAR.bin,VISp,3172.105161350847,681,1,27061,True,True,True,7.380952380952381,7.1230158730158735,0.4301356574620382,0.667651507528739,0.017783856503000864,False,False
820,1,Cori_2016-12-14_V1_g0_t0.imec.ap_CAR.bin,root,1459.762076181263,518,1,3153,False,True,False,,,,,,,False
821,1,Cori_2016-12-14_V1_g0_t0.imec.ap_CAR.bin,VISp,3753.5203048543185,740,3,24489,True,False,False,,,,,,,False
822,1,Cori_2016-12-14_V1_g0_t0.imec.ap_CAR.bin,VISp,2814.3447432369626,649,1,8931,True,True,True,2.857142857142857,2.142857142857143,1.8215050904957657,0.07031950834318433,0.14285711428572,False,False
823,1,Cori_2016-12-14_V1_g0_t0.imec.ap_CAR.bin,VISp,3267.479475773699,692,1,11982,True,True,True,4.861111111111112,2.4404761904761907,3.809694021711378,0.00019526808045705802,0.33152169372637674,True,True
824,1,Cori_2016-12-14_V1_g0_t0.imec.ap_CAR.bin,CA3,194.5896137745369,393,3,3083,False,False,False,,,,,,,False
825,1,Cori_2016-12-14_V1_g0_t0.imec.ap_CAR.bin,CA3,213.17970768128976,393,3,400,False,False,False,,,,,,,False
826,1,Cori_2016-12-14_V1_g0_t0.imec.ap_CAR.bin,SUB,2255.0821609771797,595,1,23828,False,True,False,,,,,,,False
827,1,Cori_2016-12-14_V1_g0_t0.imec.ap_CAR.bin,CA3,238.3005395458989,396,3,13568,False,False,False,,,,,,,False
828,1,Cori_2016-12-14_V1_g0_t0.imec.ap_CAR.bin,SUB,2032.1848040060645,575,3,1031,False,False,False,,,,,,,False
829,1,Cori_2016-12-14_V1_g0_t0.imec.ap_CAR.bin,VISp,2901.9744288117586,656,3,4653,True,False,False,,,,,,,False
830,1,Cori_2016-12-14_V1_g0_t0.imec.ap_CAR.bin,DG,1029.8033776928414,427,1,3059,False,True,False,,,,,,,False
831,1,Cori_2016-12-14_V1_g0_t0.imec.ap_CAR.bin,DG,629.460018894547,435,1,145,False,True,False,,,,,,,False
832,1,Cori_2016-12-14_V1_g0_t0.imec.ap_CAR.bin,VISp,3162.8365566368184,682,3,8666,True,False,False,,,,,,,False
833,1,Cori_2016-12-14_V1_g0_t0.imec.ap_CAR.bin,VISp,2740.0,641,3,23925,True,False,False,,,,,,,False
834,1,Cori_2016-12-14_V1_g0_t0.imec.ap_CAR.bin,DG,816.4531375719534,458,1,6301,False,True,False,,,,,,,False
835,1,Cori_2016-12-14_V1_g0_t0.imec.ap_CAR.bin,VISp,3308.2731660058976,687,1,1070,True,True,True,0.7142857142857143,0.19841269841269843,3.595627721024485,0.0004257807302004936,0.5652167720233627,True,True
836,1,Cori_2016-12-14_V1_g0_t0.imec.ap_CAR.bin,SUB,2262.289377992176,596,1,11921,False,True,False,,,,,,,False
837,1,Cori_2016-12-14_V1_g0_t0.imec.ap_CAR.bin,VISp,3474.862109225185,711,3,2000,True,False,False,,,,,,,False
838,1,Cori_2016-12-14_V1_g0_t0.imec.ap_CAR.bin,CA3,212.27132550798646,395,3,15291,False,False,False,,,,,,,False
839,1,Cori_2016-12-14_V1_g0_t0.imec.ap_CAR.bin,VISp,3197.3799217094015,685,3,42557,True,False,False,,,,,,,False
840,1,Cori_2016-12-14_V1_g0_t0.imec.ap_CAR.bin,VISp,2858.142106533215,653,3,11912,True,False,False,,,,,,,False
841,1,Cori_2016-12-14_V1_g0_t0.imec.ap_CAR.bin,CA3,162.42864451536894,389,3,6529,False,False,False,,,,,,,False
842,1,Cori_2016-12-14_V1_g0_t0.imec.ap_CAR.bin,VISp,3285.6353741257967,693,3,2718,True,False,False,,,,,,,False
843,1,Cori_2016-12-14_V1_g0_t0.imec.ap_CAR.bin,VISp,3103.553542546354,675,3,4163,True,False,False,,,,,,,False
844,1,Cori_2016-12-14_V1_g0_t0.imec.ap_CAR.bin,SUB,2228.6626793753594,593,1,8939,False,True,False,,,,,,,False
845,1,Cori_2016-12-14_V1_g0_t0.imec.ap_CAR.bin,CA3,189.90865111495503,393,1,3771,False,True,False,,,,,,,False
846,1,Cori_2016-12-14_V1_g0_t0.imec.ap_CAR.bin,DG,553.9318640835442,428,1,5629,False,True,False,,,,,,,False
847,1,Cori_2016-12-14_V1_g0_t0.imec.ap_CAR.bin,SUB,2021.941284130098,575,3,5210,False,False,False,,,,,,,False
848,1,Cori_2016-12-14_V1_g0_t0.imec.ap_CAR.bin,VISp,3501.6545697783445,714,3,3708,True,False,False,,,,,,,False
849,1,Cori_2016-12-14_V1_g0_t0.imec.ap_CAR.bin,DG,526.7548704012936,427,3,3218,False,False,False,,,,,,,False
850,1,Cori_2016-12-14_V1_g0_t0.imec.ap_CAR.bin,SUB,1997.9803527842757,566,1,4114,False,True,False,,,,,,,False
851,1,Cori_2016-12-14_V1_g0_t0.imec.ap_CAR.bin,CA3,51.29722460716917,380,1,16579,False,True,False,,,,,,,False
852,1,Cori_2016-12-14_V1_g0_t0.imec.ap_CAR.bin,root,1966.0510698020219,563,3,4760,False,False,False,,,,,,,False
853,1,Cori_2016-12-14_V1_g0_t0.imec.ap_CAR.bin,VISp,2788.853451325312,645,3,1909,True,False,False,,,,,,,False
854,1,Cori_2016-12-14_V1_g0_t0.imec.ap_CAR.bin,CA3,189.8833689931159,393,3,4448,False,False,False,,,,,,,False
855,1,Cori_2016-12-14_V1_g0_t0.imec.ap_CAR.bin,SUB,2034.5181028012275,566,3,4229,False,False,False,,,,,,,False
856,1,Cori_2016-12-14_V1_g0_t0.imec.ap_CAR.bin,SUB,2460.0,614,3,13048,False,False,False,,,,,,,False
857,1,Cori_2016-12-14_V1_g0_t0.imec.ap_CAR.bin,VISp,3254.0030458782967,689,3,3422,True,False,False,,,,,,,False
858,1,Cori_2016-12-14_V1_g0_t0.imec.ap_CAR.bin,root,1376.857097952947,510,1,13454,False,True,False,,,,,,,False
859,1,Cori_2016-12-14_V1_g0_t0.imec.ap_CAR.bin,SUB,1960.0,564,3,27313,False,False,False,,,,,,,False
860,1,Cori_2016-12-14_V1_g0_t0.imec.ap_CAR.bin,SUB,2121.6759632209446,581,3,15697,False,False,False,,,,,,,False
861,1,Cori_2016-12-14_V1_g0_t0.imec.ap_CAR.bin,CA3,250.254437728085,397,3,1285,False,False,False,,,,,,,False
862,1,Cori_2016-12-14_V1_g0_t0.imec.ap_CAR.bin,VISp,3481.1684671337757,708,1,17257,True,True,True,4.246031746031745,2.0238095238095237,4.335664879778965,2.5053415998727475e-05,0.35443032321744206,True,True
863,1,Cori_2016-12-14_V1_g0_t0.imec.ap_CAR.bin,VISp,3577.2959400411924,723,3,1930,True,False,False,,,,,,,False
864,1,Cori_2016-12-14_V1_g0_t0.imec.ap_CAR.bin,VISp,3250.9604820200652,692,3,14199,True,False,False,,,,,,,False
865,1,Cori_2016-12-14_V1_g0_t0.imec.ap_CAR.bin,VISp,3495.9365393165617,712,3,3446,True,False,False,,,,,,,False
866,1,Cori_2016-12-14_V1_g0_t0.imec.ap_CAR.bin,VISp,3270.9068876431543,693,1,16897,True,True,True,5.416666666666667,4.027777777777779,2.625083508850088,0.00946685113369325,0.1470588079584791,True,True
867,1,Cori_2016-12-14_V1_g0_t0.imec.ap_CAR.bin,SUB,2173.6718050139048,585,2,11907,False,False,False,,,,,,,False
868,1,Cori_2016-12-14_V1_g0_t0.imec.ap_CAR.bin,SUB,2207.5054928708646,588,3,10704,False,False,False,,,,,,,False
869,1,Cori_2016-12-14_V1_g0_t0.imec.ap_CAR.bin,VISp,2818.5529150371613,648,3,519,True,False,False,,,,,,,False
870,1,Cori_2016-12-14_V1_g0_t0.imec.ap_CAR.bin,SUB,2192.937258360927,588,3,10743,False,False,False,,,,,,,False
871,1,Cori_2016-12-14_V1_g0_t0.imec.ap_CAR.bin,SUB,1987.3179050372332,567,1,7304,False,True,False,,,,,,,False
872,1,Cori_2016-12-14_V1_g0_t0.imec.ap_CAR.bin,root,1969.7777229863211,563,1,1861,False,True,False,,,,,,,False
873,1,Cori_2016-12-14_V1_g0_t0.imec.ap_CAR.bin,DG,732.1263411695154,449,2,1688,False,False,False,,,,,,,False
874,1,Cori_2016-12-14_V1_g0_t0.imec.ap_CAR.bin,root,1398.4090474723123,518,3,843,False,False,False,,,,,,,False
875,1,Cori_2016-12-14_V1_g0_t0.imec.ap_CAR.bin,VISp,2928.7659659590345,658,3,7543,True,False,False,,,,,,,False
876,1,Cori_2016-12-14_V1_g0_t0.imec.ap_CAR.bin,CA3,90.63793524580221,385,1,12624,False,True,False,,,,,,,False
877,1,Cori_2016-12-14_V1_g0_t0.imec.ap_CAR.bin,VISp,2779.4270265262376,645,3,1960,True,False,False,,,,,,,False
878,1,Cori_2016-12-14_V1_g0_t0.imec.ap_CAR.bin,root,1534.3835673621122,525,1,7572,False,True,False,,,,,,,False
879,1,Cori_2016-12-14_V1_g0_t0.imec.ap_CAR.bin,SUB,2123.9005447194377,581,3,44198,False,False,False,,,,,,,False
880,1,Cori_2016-12-14_V1_g0_t0.imec.ap_CAR.bin,DG,493.9798256150916,423,1,2170,False,True,False,,,,,,,False
881,1,Cori_2016-12-14_V1_g0_t0.imec.ap_CAR.bin,VISp,3326.5619987987707,697,3,2355,True,False,False,,,,,,,False
882,1,Cori_2016-12-14_V1_g0_t0.imec.ap_CAR.bin,SUB,2061.935115398572,575,3,7638,False,False,False,,,,,,,False
883,1,Cori_2016-12-14_V1_g0_t0.imec.ap_CAR.bin,SUB,1981.3679948063934,566,3,8932,False,False,False,,,,,,,False
884,1,Cori_2016-12-14_V1_g0_t0.imec.ap_CAR.bin,DG,740.165047042481,449,2,2294,False,False,False,,,,,,,False
885,1,Cori_2016-12-14_V1_g0_t0.imec.ap_CAR.bin,SUB,1993.489179550867,567,1,12504,False,True,False,,,,,,,False
886,1,Cori_2016-12-14_V1_g0_t0.imec.ap_CAR.bin,CA3,293.01956299042547,401,1,10707,False,True,False,,,,,,,False
887,1,Cori_2016-12-14_V1_g0_t0.imec.ap_CAR.bin,SUB,2501.3549715836307,622,3,2224,False,False,False,,,,,,,False
888,1,Cori_2016-12-14_V1_g0_t0.imec.ap_CAR.bin,SUB,2353.430206457245,603,3,23727,False,False,False,,,,,,,False
889,1,Cori_2016-12-14_V1_g0_t0.imec.ap_CAR.bin,VISp,3512.9911450148634,717,3,6115,True,False,False,,,,,,,False
890,1,Cori_2016-12-14_V1_g0_t0.imec.ap_CAR.bin,root,1892.4394849093476,559,1,10179,False,True,False,,,,,,,False
891,1,Cori_2016-12-14_V1_g0_t0.imec.ap_CAR.bin,VISp,3605.9978743969255,724,3,1028,True,False,False,,,,,,,False
892,1,Cori_2016-12-14_V1_g0_t0.imec.ap_CAR.bin,VISp,3090.053402511251,673,1,14041,True,True,True,4.7023809523809526,3.630952380952381,3.0449004548566596,0.002705196351124884,0.12857141314285903,True,True
893,1,Cori_2016-12-14_V1_g0_t0.imec.ap_CAR.bin,VISp,2994.9698310029444,665,3,4323,True,False,False,,,,,,,False
894,1,Cori_2016-12-14_V1_g0_t0.imec.ap_CAR.bin,VISp,3033.9287844783066,670,3,1708,True,False,False,,,,,,,False
895,1,Cori_2016-12-14_V1_g0_t0.imec.ap_CAR.bin,root,1540.431940268348,525,1,5806,False,True,False,,,,,,,False
896,1,Cori_2016-12-14_V1_g0_t0.imec.ap_CAR.bin,VISp,3247.045477798986,689,3,3208,True,False,False,,,,,,,False
897,1,Cori_2016-12-14_V1_g0_t0.imec.ap_CAR.bin,VISp,2858.2384043442303,650,3,2005,True,False,False,,,,,,,False
898,1,Cori_2016-12-14_V1_g0_t0.imec.ap_CAR.bin,DG,698.5782781918335,447,3,9704,False,False,False,,,,,,,False
899,1,Cori_2016-12-14_V1_g0_t0.imec.ap_CAR.bin,VISp,3347.037468608551,699,3,4703,True,False,False,,,,,,,False
900,1,Cori_2016-12-14_V1_g0_t0.imec.ap_CAR.bin,VISp,2750.606101655083,641,1,5143,True,True,True,2.380952380952381,1.0119047619047619,5.394005040056916,2.324829235410667e-07,0.4035086530009584,True,True
901,1,Cori_2016-12-14_V1_g0_t0.imec.ap_CAR.bin,DG,402.19275971270724,409,3,18136,False,False,False,,,,,,,False
902,1,Cori_2016-12-14_V1_g0_t0.imec.ap_CAR.bin,CA3,199.75577010226536,393,3,781,False,False,False,,,,,,,False
903,1,Cori_2016-12-14_V1_g0_t0.imec.ap_CAR.bin,SUB,2110.5286903069373,581,1,1076,False,True,False,,,,,,,False
904,1,Cori_2016-12-14_V1_g0_t0.imec.ap_CAR.bin,SUB,2200.969575312151,588,1,17013,False,True,False,,,,,,,False
905,1,Cori_2016-12-14_V1_g0_t0.imec.ap_CAR.bin,root,1554.5647153715793,525,3,336,False,False,False,,,,,,,False
906,1,Cori_2016-12-14_V1_g0_t0.imec.ap_CAR.bin,CA3,154.28929539907529,390,3,5145,False,False,False,,,,,,,False
907,1,Cori_2016-12-14_V1_g0_t0.imec.ap_CAR.bin,SUB,2332.2678878092006,603,1,26688,False,True,False,,,,,,,False
908,1,Cori_2016-12-14_V1_g0_t0.imec.ap_CAR.bin,DG,739.3186972036135,440,3,34435,False,False,False,,,,,,,False
909,1,Cori_2016-12-14_V1_g0_t0.imec.ap_CAR.bin,root,1468.372087601608,518,1,7423,False,True,False,,,,,,,False
910,1,Cori_2016-12-14_V1_g0_t0.imec.ap_CAR.bin,CA3,145.6982814632726,388,3,7618,False,False,False,,,,,,,False
911,1,Cori_2016-12-14_V1_g0_t0.imec.ap_CAR.bin,CA3,224.9273073464177,395,3,7839,False,False,False,,,,,,,False
912,1,Cori_2016-12-14_V1_g0_t0.imec.ap_CAR.bin,DG,766.1477740516285,438,1,1988,False,True,False,,,,,,,False
913,1,Cori_2016-12-14_V1_g0_t0.imec.ap_CAR.bin,SUB,2105.3918948821583,581,3,28337,False,False,False,,,,,,,False
914,1,Cori_2016-12-14_V1_g0_t0.imec.ap_CAR.bin,SUB,2073.911851263978,577,3,10756,False,False,False,,,,,,,False
915,1,Cori_2016-12-14_V1_g0_t0.imec.ap_CAR.bin,CA3,41.58172435767712,376,1,16150,False,True,False,,,,,,,False
916,1,Cori_2016-12-14_V1_g0_t0.imec.ap_CAR.bin,DG,732.6048866885928,449,1,2041,False,True,False,,,,,,,False
917,1,Cori_2016-12-14_V1_g0_t0.imec.ap_CAR.bin,VISp,3592.4137774052706,723,3,727,True,False,False,,,,,,,False
918,1,Cori_2016-12-14_V1_g0_t0.imec.ap_CAR.bin,root,1352.0379807024178,510,1,2434,False,True,False,,,,,,,False
919,1,Cori_2016-12-14_V1_g0_t0.imec.ap_CAR.bin,DG,963.1668328723925,468,1,14015,False,True,False,,,,,,,False
920,1,Cori_2016-12-14_V1_g0_t0.imec.ap_CAR.bin,SUB,2411.185577700144,609,3,79676,False,False,False,,,,,,,False
921,1,Cori_2016-12-14_V1_g0_t0.imec.ap_CAR.bin,SUB,1989.6476177223337,567,3,9999,False,False,False,,,,,,,False
922,1,Cori_2016-12-14_V1_g0_t0.imec.ap_CAR.bin,DG,817.1205202435725,458,1,6036,False,True,False,,,,,,,False
923,1,Cori_2016-12-14_V1_g0_t0.imec.ap_CAR.bin,CA3,245.5449976541077,397,3,7326,False,False,False,,,,,,,False
924,1,Cori_2016-12-14_V1_g0_t0.imec.ap_CAR.bin,VISp,3600.776659612082,727,3,351,True,False,False,,,,,,,False
925,1,Cori_2016-12-14_V1_g0_t0.imec.ap_CAR.bin,DG,745.6338164082869,449,1,1684,False,True,False,,,,,,,False
926,1,Cori_2016-12-14_V1_g0_t0.imec.ap_CAR.bin,DG,664.8254704076722,438,1,2508,False,True,False,,,,,,,False
927,1,Cori_2016-12-14_V1_g0_t0.imec.ap_CAR.bin,SUB,2022.4902185004016,573,1,2248,False,True,False,,,,,,,False
928,1,Cori_2016-12-14_V1_g0_t0.imec.ap_CAR.bin,root,1969.7777300394598,563,1,7490,False,True,False,,,,,,,False
929,1,Cori_2016-12-14_V1_g0_t0.imec.ap_CAR.bin,VISp,2846.938555292416,651,3,6290,True,False,False,,,,,,,False
930,1,Cori_2016-12-14_V1_g0_t0.imec.ap_CAR.bin,VISp,2775.74278827467,645,3,2894,True,False,False,,,,,,,False
931,1,Cori_2016-12-14_V1_g0_t0.imec.ap_CAR.bin,SUB,2263.541628952041,594,3,18945,False,False,False,,,,,,,False
932,1,Cori_2016-12-14_V1_g0_t0.imec.ap_CAR.bin,VISp,3548.643032893308,718,3,276,True,False,False,,,,,,,False
933,1,Cori_2016-12-14_V1_g0_t0.imec.ap_CAR.bin,CA3,186.43560687913845,393,1,2209,False,True,False,,,,,,,False
934,1,Cori_2016-12-14_V1_g0_t0.imec.ap_CAR.bin,SUB,2039.7800152040204,570,3,29737,False,False,False,,,,,,,False
935,1,Cori_2016-12-14_V1_g0_t0.imec.ap_CAR.bin,SUB,2053.1253651802776,572,1,6730,False,True,False,,,,,,,False
936,1,Cori_2016-12-14_V1_g0_t0.imec.ap_CAR.bin,VISp,2741.3302572733564,640,3,32415,True,False,False,,,,,,,False
937,1,Cori_2016-12-14_V1_g0_t0.imec.ap_CAR.bin,DG,749.4369695896271,432,1,2237,False,True,False,,,,,,,False
938,1,Cori_2016-12-14_V1_g0_t0.imec.ap_CAR.bin,VISp,2814.7139093124892,646,3,3507,True,False,False,,,,,,,False
939,1,Cori_2016-12-14_V1_g0_t0.imec.ap_CAR.bin,CA3,214.9896015608043,393,3,16844,False,False,False,,,,,,,False
940,1,Cori_2016-12-14_V1_g0_t0.imec.ap_CAR.bin,root,1504.735900884232,518,1,962,False,True,False,,,,,,,False
941,1,Cori_2016-12-14_V1_g0_t0.imec.ap_CAR.bin,VISp,3470.571418744354,710,3,1514,True,False,False,,,,,,,False
942,1,Cori_2016-12-14_V1_g0_t0.imec.ap_CAR.bin,CA3,97.22644829057123,383,3,5792,False,False,False,,,,,,,False
943,1,Cori_2016-12-14_V1_g0_t0.imec.ap_CAR.bin,DG,362.23893138341344,408,3,3322,False,False,False,,,,,,,False
944,1,Cori_2016-12-14_V1_g0_t0.imec.ap_CAR.bin,VISp,2732.476938735911,638,3,6526,True,False,False,,,,,,,False
945,1,Cori_2016-12-14_V1_g0_t0.imec.ap_CAR.bin,root,1563.045478536977,525,1,7297,False,True,False,,,,,,,False
946,1,Cori_2016-12-14_V1_g0_t0.imec.ap_CAR.bin,SUB,2318.549025003571,600,3,14937,False,False,False,,,,,,,False
947,1,Cori_2016-12-14_V1_g0_t0.imec.ap_CAR.bin,VISp,3220.1693500213355,685,3,27043,True,False,False,,,,,,,False
948,1,Cori_2016-12-14_V1_g0_t0.imec.ap_CAR.bin,VISp,3253.6966335950883,689,1,7048,True,True,True,3.650793650793651,1.0912698412698414,6.836353913212726,1.4567443158788122e-10,0.5397488401533826,True,True
949,1,Cori_2016-12-14_V1_g0_t0.imec.ap_CAR.bin,CA3,1665.2851429839397,389,1,3505,False,True,False,,,,,,,False
950,1,Cori_2016-12-14_V1_g0_t0.imec.ap_CAR.bin,root,1497.5512311107084,522,1,771,False,True,False,,,,,,,False
951,1,Cori_2016-12-14_V1_g0_t0.imec.ap_CAR.bin,VISp,3088.4419582401188,673,3,23204,True,False,False,,,,,,,False
952,1,Cori_2016-12-14_V1_g0_t0.imec.ap_CAR.bin,SUB,2155.459353048753,584,3,15653,False,False,False,,,,,,,False
953,1,Cori_2016-12-14_V1_g0_t0.imec.ap_CAR.bin,SUB,2097.190875407445,578,3,15917,False,False,False,,,,,,,False
954,1,Cori_2016-12-14_V1_g0_t0.imec.ap_CAR.bin,VISp,3600.2598229234113,724,3,19587,True,False,False,,,,,,,False
955,1,Cori_2016-12-14_V1_g0_t0.imec.ap_CAR.bin,CA3,276.1096321477166,401,3,8065,False,False,False,,,,,,,False
956,1,Cori_2016-12-14_V1_g0_t0.imec.ap_CAR.bin,CA3,48.64852580173447,380,3,2722,False,False,False,,,,,,,False
957,1,Cori_2016-12-14_V1_g0_t0.imec.ap_CAR.bin,SUB,1967.168070330783,567,1,5614,False,True,False,,,,,,,False
958,1,Cori_2016-12-14_V1_g0_t0.imec.ap_CAR.bin,VISp,3234.33114059335,687,3,2305,True,False,False,,,,,,,False
959,1,Cori_2016-12-14_V1_g0_t0.imec.ap_CAR.bin,DG,783.428232373129,458,1,2994,False,True,False,,,,,,,False
960,1,Cori_2016-12-14_V1_g0_t0.imec.ap_CAR.bin,CA3,203.5934524503463,394,3,1689,False,False,False,,,,,,,False
961,1,Cori_2016-12-14_V1_g0_t0.imec.ap_CAR.bin,SUB,2039.2090635268282,572,3,13430,False,False,False,,,,,,,False
962,1,Cori_2016-12-14_V1_g0_t0.imec.ap_CAR.bin,VISp,3345.8445775728806,700,3,5046,True,False,False,,,,,,,False
963,1,Cori_2016-12-14_V1_g0_t0.imec.ap_CAR.bin,VISp,3105.9698984351176,678,3,9127,True,False,False,,,,,,,False
964,1,Cori_2016-12-14_V1_g0_t0.imec.ap_CAR.bin,VISp,2998.332295387757,666,3,1937,True,False,False,,,,,,,False
965,1,Cori_2016-12-14_V1_g0_t0.imec.ap_CAR.bin,root,1500.1092835670745,522,1,613,False,True,False,,,,,,,False
966,1,Cori_2016-12-14_V1_g0_t0.imec.ap_CAR.bin,DG,716.5812054829631,449,1,1533,False,True,False,,,,,,,False
967,1,Cori_2016-12-14_V1_g0_t0.imec.ap_CAR.bin,VISp,3218.711053724936,685,3,18180,True,False,False,,,,,,,False
968,1,Cori_2016-12-14_V1_g0_t0.imec.ap_CAR.bin,SUB,1998.0185505448862,568,1,29120,False,True,False,,,,,,,False
969,1,Cori_2016-12-14_V1_g0_t0.imec.ap_CAR.bin,DG,935.6255991788748,465,3,28588,False,False,False,,,,,,,False
970,1,Cori_2016-12-14_V1_g0_t0.imec.ap_CAR.bin,VISp,2960.446476925658,662,3,19327,True,False,False,,,,,,,False
971,1,Cori_2016-12-14_V1_g0_t0.imec.ap_CAR.bin,SUB,2037.342858504063,566,3,2321,False,False,False,,,,,,,False
972,1,Cori_2016-12-14_V1_g0_t0.imec.ap_CAR.bin,root,1350.8910932512958,510,3,7480,False,False,False,,,,,,,False
973,1,Cori_2016-12-14_V1_g0_t0.imec.ap_CAR.bin,SUB,2067.685981744593,571,1,2906,False,True,False,,,,,,,False
974,1,Cori_2016-12-14_V1_g0_t0.imec.ap_CAR.bin,VISp,3447.817004018521,709,3,2133,True,False,False,,,,,,,False
975,1,Cori_2016-12-14_V1_g0_t0.imec.ap_CAR.bin,VISp,2955.9345921813506,662,3,2340,True,False,False,,,,,,,False
976,1,Cori_2016-12-14_V1_g0_t0.imec.ap_CAR.bin,VISp,2989.286950515256,665,1,26775,True,True,True,10.15873015873016,6.964285714285714,4.037416925435307,8.218718555886839e-05,0.18655850590666437,True,True
977,1,Cori_2016-12-14_V1_g0_t0.imec.ap_CAR.bin,VISp,3595.420164907163,722,1,2365,True,True,True,2.142857142857143,0.6349206349206349,5.089951508621701,9.567776691468104e-07,0.5428569474286418,True,True
978,1,Cori_2016-12-14_V1_g0_t0.imec.ap_CAR.bin,DG,735.5526413237236,458,3,796,False,False,False,,,,,,,False
979,1,Cori_2016-12-14_V1_g0_t0.imec.ap_CAR.bin,VISp,3495.773087758645,716,3,1897,True,False,False,,,,,,,False
980,1,Cori_2016-12-14_V1_g0_t0.imec.ap_CAR.bin,DG,632.4688053234444,435,1,249,False,True,False,,,,,,,False
981,1,Cori_2016-12-14_V1_g0_t0.imec.ap_CAR.bin,CA3,267.619479680504,401,3,8587,False,False,False,,,,,,,False
982,1,Cori_2016-12-14_V1_g0_t0.imec.ap_CAR.bin,VISp,3036.4110842449563,670,3,1199,True,False,False,,,,,,,False
983,1,Cori_2016-12-14_V1_g0_t0.imec.ap_CAR.bin,SUB,2076.9838179418666,574,1,21252,False,True,False,,,,,,,False
984,1,Cori_2016-12-14_V1_g0_t0.imec.ap_CAR.bin,VISp,2721.0494010779476,639,3,3001,True,False,False,,,,,,,False
985,1,Cori_2016-12-14_V1_g0_t0.imec.ap_CAR.bin,VISp,3504.958818569808,716,1,3158,True,True,True,1.2896825396825398,0.39682539682539686,5.049517300864099,1.1501077645225069e-06,0.5294114507960339,True,True
986,1,Cori_2016-12-14_V1_g0_t0.imec.ap_CAR.bin,VISp,3225.4435115271476,689,1,19515,True,True,True,7.876984126984128,6.805555555555555,2.19679330401142,0.029412627634464356,0.07297296800292229,True,True
987,1,Cori_2016-12-14_V1_g0_t0.imec.ap_CAR.bin,CA3,139.5774950512672,388,3,1125,False,False,False,,,,,,,False
988,1,Cori_2016-12-14_V1_g0_t0.imec.ap_CAR.bin,SUB,1997.9803565115492,566,3,1111,False,False,False,,,,,,,False
989,1,Cori_2016-12-14_V1_g0_t0.imec.ap_CAR.bin,SUB,2081.484039078471,567,1,7365,False,True,False,,,,,,,False
990,1,Cori_2016-12-14_V1_g0_t0.imec.ap_CAR.bin,SUB,2029.6309414180032,568,1,15564,False,True,False,,,,,,,False
991,1,Cori_2016-12-14_V1_g0_t0.imec.ap_CAR.bin,DG,870.5117887710624,460,3,19458,False,False,False,,,,,,,False
992,1,Cori_2016-12-14_V1_g0_t0.imec.ap_CAR.bin,CA3,142.0665772627114,388,3,6914,False,False,False,,,,,,,False
993,1,Cori_2016-12-14_V1_g0_t0.imec.ap_CAR.bin,SUB,2171.1733700313557,584,3,7239,False,False,False,,,,,,,False
994,1,Cori_2016-12-14_V1_g0_t0.imec.ap_CAR.bin,DG,802.929031857634,456,1,10533,False,True,False,,,,,,,False
995,1,Cori_2016-12-14_V1_g0_t0.imec.ap_CAR.bin,SUB,2144.753802598002,582,3,24176,False,False,False,,,,,,,False
996,1,Cori_2016-12-14_V1_g0_t0.imec.ap_CAR.bin,root,1488.2024722911738,522,1,1639,False,True,False,,,,,,,False
997,1,Cori_2016-12-14_V1_g0_t0.imec.ap_CAR.bin,VISp,2848.1031351384186,652,3,8533,True,False,False,,,,,,,False
998,1,Cori_2016-12-14_V1_g0_t0.imec.ap_CAR.bin,SUB,2096.694600059338,579,1,1523,False,True,False,,,,,,,False
999,1,Cori_2016-12-14_V1_g0_t0.imec.ap_CAR.bin,root,1378.3369393970638,508,1,13006,False,True,False,,,,,,,False
1000,1,Cori_2016-12-14_V1_g0_t0.imec.ap_CAR.bin,CA3,121.42513135646085,385,1,32695,False,True,False,,,,,,,False
1001,1,Cori_2016-12-14_V1_g0_t0.imec.ap_CAR.bin,VISp,2829.0142127824197,651,3,94022,True,False,False,,,,,,,False
1002,1,Cori_2016-12-14_V1_g0_t0.imec.ap_CAR.bin,VISp,3135.3044091645165,680,3,67288,True,False,False,,,,,,,False
1003,1,Cori_2016-12-14_V1_g0_t0.imec.ap_CAR.bin,VISp,3075.8377771532796,672,3,69846,True,False,False,,,,,,,False
1004,1,Cori_2016-12-14_V1_g0_t0.imec.ap_CAR.bin,DG,610.6725929410238,432,3,107450,False,False,False,,,,,,,False
1005,1,Cori_2016-12-14_V1_g0_t0.imec.ap_CAR.bin,SUB,2323.1723192281756,600,3,72984,False,False,False,,,,,,,False
1006,1,Cori_2016-12-14_V1_g0_t0.imec.ap_CAR.bin,SUB,2162.596123604523,584,3,64381,False,False,False,,,,,,,False
1007,1,Cori_2016-12-14_V1_g0_t0.imec.ap_CAR.bin,VISp,3119.2509805181403,678,3,35532,True,False,False,,,,,,,False
1008,1,Cori_2016-12-14_V1_g0_t0.imec.ap_CAR.bin,CA3,140.7878326205418,388,3,53356,False,False,False,,,,,,,False
1009,1,Cori_2016-12-14_V1_g0_t0.imec.ap_CAR.bin,DG,636.8940621175802,435,3,73924,False,False,False,,,,,,,False
1010,1,Cori_2016-12-14_V1_g0_t0.imec.ap_CAR.bin,SUB,2135.2488237749535,583,3,28002,False,False,False,,,,,,,False
1011,1,Cori_2016-12-14_V1_g0_t0.imec.ap_CAR.bin,SUB,2099.453632333315,579,3,44237,False,False,False,,,,,,,False
1012,1,Cori_2016-12-14_V1_g0_t0.imec.ap_CAR.bin,SUB,2121.9467488489136,583,3,62905,False,False,False,,,,,,,False
1013,1,Cori_2016-12-14_V1_g0_t0.imec.ap_CAR.bin,VISp,3260.0,692,3,39685,True,False,False,,,,,,,False
1014,1,Cori_2016-12-14_V1_g0_t0.imec.ap_CAR.bin,SUB,2167.8099771754487,587,3,21759,False,False,False,,,,,,,False
1015,1,Cori_2016-12-14_V1_g0_t0.imec.ap_CAR.bin,SUB,2072.0413811887697,574,3,27081,False,False,False,,,,,,,False
1016,1,Cori_2016-12-14_V1_g0_t0.imec.ap_CAR.bin,SUB,2187.9644268613524,588,3,23771,False,False,False,,,,,,,False
1017,1,Cori_2016-12-14_V1_g0_t0.imec.ap_CAR.bin,SUB,2186.15406834969,585,3,19683,False,False,False,,,,,,,False
1018,1,Cori_2016-12-14_V1_g0_t0.imec.ap_CAR.bin,SUB,2334.743026120454,602,3,21579,False,False,False,,,,,,,False
1019,1,Cori_2016-12-14_V1_g0_t0.imec.ap_CAR.bin,DG,724.5676013678188,432,3,38299,False,False,False,,,,,,,False
1020,1,Cori_2016-12-14_V1_g0_t0.imec.ap_CAR.bin,VISp,3015.31540876907,669,3,28533,True,False,False,,,,,,,False
1021,1,Cori_2016-12-14_V1_g0_t0.imec.ap_CAR.bin,VISp,3223.9684535216675,687,3,48366,True,False,False,,,,,,,False
1022,1,Cori_2016-12-14_V1_g0_t0.imec.ap_CAR.bin,SUB,1995.261353795885,567,3,21217,False,False,False,,,,,,,False
1023,1,Cori_2016-12-14_V1_g0_t0.imec.ap_CAR.bin,DG,949.0721284190457,470,3,18632,False,False,False,,,,,,,False
1024,1,Cori_2016-12-14_V1_g0_t0.imec.ap_CAR.bin,VISp,3426.034517559481,707,3,16031,True,False,False,,,,,,,False
1025,1,Cori_2016-12-14_V1_g0_t0.imec.ap_CAR.bin,DG,405.1770592759524,412,3,28207,False,False,False,,,,,,,False
1026,1,Cori_2016-12-14_V1_g0_t0.imec.ap_CAR.bin,VISp,3464.2685997287454,711,3,20043,True,False,False,,,,,,,False
1027,1,Cori_2016-12-14_V1_g0_t0.imec.ap_CAR.bin,DG,527.1172575372452,427,3,58044,False,False,False,,,,,,,False
1028,1,Cori_2016-12-14_V1_g0_t0.imec.ap_CAR.bin,DG,640.009179078137,437,3,25579,False,False,False,,,,,,,False
1029,1,Cori_2016-12-14_V1_g0_t0.imec.ap_CAR.bin,CA3,245.89036793442065,399,3,21229,False,False,False,,,,,,,False
1030,1,Cori_2016-12-14_V1_g0_t0.imec.ap_CAR.bin,CA3,107.30880918807595,384,3,20476,False,False,False,,,,,,,False
1031,1,Cori_2016-12-14_V1_g0_t0.imec.ap_CAR.bin,CA3,30.90746332098835,376,3,20169,False,False,False,,,,,,,False
1032,1,Cori_2016-12-14_V1_g0_t0.imec.ap_CAR.bin,VISp,2816.7247761739986,649,3,20037,True,False,False,,,,,,,False
1033,1,Cori_2016-12-14_V1_g0_t0.imec.ap_CAR.bin,CA3,177.30240723658378,392,3,21346,False,False,False,,,,,,,False
1034,1,Cori_2016-12-14_V1_g0_t0.imec.ap_CAR.bin,SUB,2270.5214050290847,596,3,20586,False,False,False,,,,,,,False
1035,1,Cori_2016-12-14_V1_g0_t0.imec.ap_CAR.bin,CA3,183.81304990468522,392,3,27528,False,False,False,,,,,,,False
1036,1,Cori_2016-12-14_V1_g0_t0.imec.ap_CAR.bin,VISp,3366.354958243604,701,3,13837,True,False,False,,,,,,,False
1037,1,Cori_2016-12-14_V1_g0_t0.imec.ap_CAR.bin,DG,503.5362945102722,423,3,40544,False,False,False,,,,,,,False
1038,1,Cori_2016-12-14_V1_g0_t0.imec.ap_CAR.bin,VISp,3524.3755128809544,717,3,22042,True,False,False,,,,,,,False
1039,1,Cori_2016-12-14_V1_g0_t0.imec.ap_CAR.bin,VISp,3425.5640784915918,706,3,18986,True,False,False,,,,,,,False
1040,1,Cori_2016-12-14_V1_g0_t0.imec.ap_CAR.bin,VISp,2908.7011756840807,656,3,16867,True,False,False,,,,,,,False
1041,1,Cori_2016-12-14_V1_g0_t0.imec.ap_CAR.bin,CA3,267.6126150938376,401,3,15909,False,False,False,,,,,,,False
1042,1,Cori_2016-12-14_V1_g0_t0.imec.ap_CAR.bin,SUB,2356.511218541909,603,3,15766,False,False,False,,,,,,,False
1043,1,Cori_2016-12-14_V1_g0_t0.imec.ap_CAR.bin,CA3,212.28067227350704,393,3,15451,False,False,False,,,,,,,False
1044,1,Cori_2016-12-14_V1_g0_t0.imec.ap_CAR.bin,VISp,3023.8001349802958,668,3,9299,True,False,False,,,,,,,False
1045,1,Cori_2016-12-14_V1_g0_t0.imec.ap_CAR.bin,VISp,3103.8745516628946,678,3,38449,True,False,False,,,,,,,False
1046,1,Cori_2016-12-14_V1_g0_t0.imec.ap_CAR.bin,CA3,241.5395310142079,397,3,22663,False,False,False,,,,,,,False
1047,1,Cori_2016-12-14_V1_g0_t0.imec.ap_CAR.bin,VISp,2871.8485402749775,652,3,14404,True,False,False,,,,,,,False
1048,1,Cori_2016-12-14_V1_g0_t0.imec.ap_CAR.bin,VISp,3209.2227603975844,688,3,18900,True,False,False,,,,,,,False
1049,1,Cori_2016-12-14_V1_g0_t0.imec.ap_CAR.bin,VISp,2993.8117856435993,666,3,13150,True,False,False,,,,,,,False
1050,1,Cori_2016-12-14_V1_g0_t0.imec.ap_CAR.bin,VISp,3388.122408906946,703,3,8964,True,False,False,,,,,,,False
1051,1,Cori_2016-12-14_V1_g0_t0.imec.ap_CAR.bin,VISp,3434.926519302985,707,3,12136,True,False,False,,,,,,,False
1052,1,Cori_2016-12-14_V1_g0_t0.imec.ap_CAR.bin,CA3,209.83979704726517,396,3,12001,False,False,False,,,,,,,False
1053,1,Cori_2016-12-14_V1_g0_t0.imec.ap_CAR.bin,root,2578.4062275386773,626,3,20022,False,False,False,,,,,,,False
1054,1,Cori_2016-12-14_V1_g0_t0.imec.ap_CAR.bin,VISp,3090.4407665093627,672,3,14111,True,False,False,,,,,,,False
1055,1,Cori_2016-12-14_V1_g0_t0.imec.ap_CAR.bin,CA3,140.91705770069402,389,3,12877,False,False,False,,,,,,,False
1056,1,Cori_2016-12-14_V1_g0_t0.imec.ap_CAR.bin,VISp,3345.2286663061186,700,3,9461,True,False,False,,,,,,,False
1057,1,Cori_2016-12-14_V1_g0_t0.imec.ap_CAR.bin,VISp,3503.954565145107,715,3,10580,True,False,False,,,,,,,False
1058,1,Cori_2016-12-14_V1_g0_t0.imec.ap_CAR.bin,SUB,2093.524089453866,579,3,8851,False,False,False,,,,,,,False
1059,1,Cori_2016-12-14_V1_g0_t0.imec.ap_CAR.bin,CA3,88.44231872304357,381,3,14909,False,False,False,,,,,,,False
1060,1,Cori_2016-12-14_V1_g0_t0.imec.ap_CAR.bin,DG,336.00524468903274,408,3,11312,False,False,False,,,,,,,False
1061,1,Cori_2016-12-14_V1_g0_t0.imec.ap_CAR.bin,CA3,188.84373958679836,393,3,7683,False,False,False,,,,,,,False
1062,1,Cori_2016-12-14_V1_g0_t0.imec.ap_CAR.bin,DG,808.9605876614297,460,3,125324,False,False,False,,,,,,,False
1063,1,Cori_2016-12-14_V1_g0_t0.imec.ap_CAR.bin,VISp,2756.619371945534,641,3,6501,True,False,False,,,,,,,False
1064,1,Cori_2016-12-14_V1_g0_t0.imec.ap_CAR.bin,CA3,229.65267303432395,397,3,7932,False,False,False,,,,,,,False
1065,1,Cori_2016-12-14_V1_g0_t0.imec.ap_CAR.bin,CA3,235.1868734653683,397,3,5912,False,False,False,,,,,,,False
1066,1,Cori_2016-12-14_V1_g0_t0.imec.ap_CAR.bin,CA3,222.72334234047923,395,3,5851,False,False,False,,,,,,,False
1067,1,Cori_2016-12-14_V1_g0_t0.imec.ap_CAR.bin,VISp,2833.6919325728586,649,3,4552,True,False,False,,,,,,,False
1068,1,Cori_2016-12-14_V1_g0_t0.imec.ap_CAR.bin,VISp,2720.6004393669214,636,3,5749,True,False,False,,,,,,,False
1069,1,Cori_2016-12-14_V1_g0_t0.imec.ap_CAR.bin,CA3,185.47373790599949,393,3,8679,False,False,False,,,,,,,False
1070,1,Cori_2016-12-14_V1_g0_t0.imec.ap_CAR.bin,CA3,171.58451002191032,392,3,3320,False,False,False,,,,,,,False
1071,1,Cori_2016-12-14_V1_g0_t0.imec.ap_CAR.bin,VISp,3236.6633780358034,688,3,4130,True,False,False,,,,,,,False
1072,1,Cori_2016-12-14_V1_g0_t0.imec.ap_CAR.bin,VISp,2896.2012586830674,655,3,2466,True,False,False,,,,,,,False
1073,1,Cori_2016-12-14_V1_g0_t0.imec.ap_CAR.bin,CA3,216.6553641718228,395,3,2905,False,False,False,,,,,,,False
1074,1,Cori_2016-12-14_V1_g0_t0.imec.ap_CAR.bin,CA3,208.22138843136878,394,3,4017,False,False,False,,,,,,,False
1075,1,Cori_2016-12-14_V1_g0_t0.imec.ap_CAR.bin,CA3,148.78766065210934,387,3,2535,False,False,False,,,,,,,False
1076,1,Cori_2016-12-14_V1_g0_t0.imec.ap_CAR.bin,VISp,2828.1209497636087,648,3,3169,True,False,False,,,,,,,False
1077,1,Cori_2016-12-14_V1_g0_t0.imec.ap_CAR.bin,DG,442.7669912744868,417,3,3754,False,False,False,,,,,,,False
1078,1,Cori_2016-12-14_V1_g0_t0.imec.ap_CAR.bin,CA3,252.77230081568715,399,3,6876,False,False,False,,,,,,,False
1079,1,Cori_2016-12-14_V1_g0_t0.imec.ap_CAR.bin,DG,524.3028755910799,425,3,2398,False,False,False,,,,,,,False
1080,1,Cori_2016-12-14_V1_g0_t0.imec.ap_CAR.bin,SUB,2116.850918967248,580,3,82180,False,False,False,,,,,,,False
1081,1,Cori_2016-12-14_V1_g0_t0.imec.ap_CAR.bin,DG,397.8728682591939,415,3,3546,False,False,False,,,,,,,False
1082,1,Cori_2016-12-14_V1_g0_t0.imec.ap_CAR.bin,DG,696.0483926566952,449,3,1624,False,False,False,,,,,,,False
1083,1,Cori_2016-12-14_V1_g0_t0.imec.ap_CAR.bin,VISp,3481.1170671168056,713,3,1043,True,False,False,,,,,,,False
1084,1,Cori_2016-12-14_V1_g0_t0.imec.ap_CAR.bin,DG,662.5865736025041,438,3,3906,False,False,False,,,,,,,False
